Office_ID,SOL_ID_BO_ID,Month_Year,Name,SO Name,MIS,PPFGP,SSA,RD,SBBAS,SBSGP,SCSS,TD,PRFTS,KVN,NSC8,MSSC
,13320501,Apr-26,Adhoya S.O,,3,4,2,9,,21,2,48,,,2,
,I1895,Apr-26,Adhoyi B.O,Adhoya S.O,,,,,,,,7,,,,
,E6739,Apr-26,Akbarpur B.O,Naraingarh S.O,,,,,,1,,,,,,
,I4674,Apr-26,Alhar B.O,Radaur S.O,,,2,4,,5,,1,,,,
,L4928,Apr-26,Alipur Jahangir B.O,Dhin S.O,,,,,,,,4,,,,
,I3760,Apr-26,Amadalpur B.O,Buriya S.O,,,1,1,,5,,18,,,,
,13400302,Apr-26,Ambala  City Kucthery S.O,,6,3,4,33,,12,24,47,,1,12,
,13400300,Apr-26,Ambala City H.O,,54,5,13,105,,51,25,224,,22,89,
,13300100,Apr-26,Ambala G.P.O.,,106,12,21,81,,105,55,571,,24,169,
,A4738,Apr-26,Ambli B.O,Naraingarh S.O,,,7,6,,9,,5,,,,
,13410501,Apr-26,Amravati  Enclave SO,,4,1,4,12,,11,7,6,,4,12,
,13400303,Apr-26,Anaj Mandi S.O (Ambala),,2,,7,48,,32,11,48,,2,18,
,C3780,Apr-26,Aurangabad B.O,Jagdhari Work Shop S.O,,,4,1,,5,,,,,,
,A7315,Apr-26,Azizpur B.O,Sarawan S.O,,,1,2,,4,,1,,,,
,13330101,Apr-26,B.C.W. Suraj Pur S.O,,1,2,6,5,,12,2,27,,2,,
,13300501,Apr-26,Babyal S.O,,5,,6,11,,21,3,39,,2,11,
,I4675,Apr-26,Bakana B.O,Radaur S.O,,,1,,,2,,11,,,,
,L7175,Apr-26,Bakarwala B.O,Partap Nagar S.O,,,,,,4,,13,,,,
,M6327,Apr-26,Baknaur B.O,Durga Nagar S.O,,,,,,4,,6,,,,
,J7326,Apr-26,Balachaur B.O,Chhachrauli S.O,,,4,,,4,,,,,,
,AP186,Apr-26,Baladwala BO,Raipur Rani S.O,,,1,,,5,,,,,,
,A6103,Apr-26,Balchhapar B.O,Jagadhri S.O,,,2,3,,5,,1,,,,
,13400701,Apr-26,Baldev Nagar S.O,,12,2,7,66,0,37,4,112,,20,19,
,M6328,Apr-26,Ballana B.O,Durga Nagar S.O,,,,1,,,,,,,,
,I4676,Apr-26,Banidi B.O,Radaur S.O,,,5,2,,4,,12,,,,
,I4677,Apr-26,Bapa B.O,Radaur S.O,,,1,,,,,4,,,,
,B3218,Apr-26,Baragaon B.O,Naraingarh S.O,,,1,12,,5,,,,,,
,13320101,Apr-26,Barara S.O,,8,1,11,43,,39,9,143,,12,12,
,B6562,Apr-26,Baraula B.O,Majri S.O,,,,3,,1,,7,,,,
,I4678,Apr-26,Barsan B.O,Radaur S.O,,,,,,,,2,,,,
,13411801,Apr-26,Barwala S.O (Panchkula),,2,6,9,112,,37,2,61,,1,20,
,G9892,Apr-26,Basatianwala B.O,Bilaspur (Yamunanagar) S.O,,,2,2,,2,,4,,,,
,I3638,Apr-26,Basolan B.O,Pinjore S.O,,,1,3,,,,,,,,
,13400304,Apr-26,Bazar Basti Ram S.O,,13,1,2,32,,2,8,76,,7,24,
,J9666,Apr-26,Benaundi B.O,Shahzadpur S.O.,,,,4,,7,,8,,,,
,G3613,Apr-26,Bhadauli B.O,Naraingarh S.O,,,3,2,,4,,2,,,,
,I4679,Apr-26,Bhagu Majra B.O,Radaur S.O,,,2,30,,1,,,,,,
,L4393,Apr-26,Bhambol B.O,Saraswati Nagar S.O,,,3,,1,4,,9,,,,
,M6329,Apr-26,Bhanokheri B.O,Durga Nagar S.O,,,3,6,,1,,2,,,,
,I5065,Apr-26,Bhareli B.O,Barwala S.O (Panchkula),,,1,1,,,,4,,,,
,G3614,Apr-26,Bhareri Kalan B.O,Naraingarh S.O,,,1,1,,5,,3,,,,
,M0017,Apr-26,Bharog B.O,Jatwar S.O,,,,2,,4,,4,,,,
,13500101,Apr-26,Bhatia Nagar S.O,,27,1,3,82,,38,12,157,,8,56,
,A6104,Apr-26,Bherthal B.O,Jagadhri S.O,,,1,1,,5,,4,,,,
,13510601,Apr-26,Bhudkalan S.O,,,,0,5,,4,,5,,1,1,
,E6740,Apr-26,Bhurewala B.O,Naraingarh S.O,,,3,34,,8,,12,,,,
,13310101,Apr-26,Bihta S.O (Ambala),,2,,5,6,,9,1,20,,,4,
,13510201,Apr-26,Bilaspur (Yamunanagar) S.O,,5,,9,64,,38,3,120,,6,12,
,J7327,Apr-26,Bilauli B.O,Chhachrauli S.O,,,3,6,,5,,6,,,,
,I5066,Apr-26,Billa B.O,Barwala S.O (Panchkula),,,2,,,,,1,,,,
,F7637,Apr-26,Binjalpur B.O,Sarawan S.O,,,1,2,,6,,6,,,,
,C4406,Apr-26,Boh B.O,Defence Colony S.O,,,2,5,,6,,5,,,,
,I4680,Apr-26,Bubka B.O,Radaur S.O,,,1,18,,1,,,,,,
,M6330,Apr-26,Budhangpur B.O,Durga Nagar S.O,,,,1,,2,,3,,,,
,13510101,Apr-26,Buriya S.O,,2,,11,38,,32,6,66,,6,8,
,13410401,Apr-26,C.R.P.F. Pinjore S.O,,1,,9,11,,11,6,15,,,,
,G9893,Apr-26,Cagnoli B.O,Bilaspur (Yamunanagar) S.O,,,,1,,2,,,,,,
,I4681,Apr-26,Chamrori B.O,Radaur S.O,,,,,,3,,7,,,,
,13410701,Apr-26,Chandi Mandir Cantt S.O,,13,2,1,9,,6,,5,,,1,
,13410702,Apr-26,Chandi Mandir S.O,,1,1,1,13,,5,,6,,,13,
,G9894,Apr-26,Chauli B.O,Bilaspur (Yamunanagar) S.O,,,7,,,,,1,,,,
,M6331,Apr-26,Chaurmastpur B.O,Durga Nagar S.O,,,4,1,,1,,2,,,,
,13510301,Apr-26,Chhachrauli S.O,,6,1,13,65,,43,14,210,,4,14,
,L4394,Apr-26,Chhappar B.O,Saraswati Nagar S.O,,,1,26,,5,,2,,,,
,I3639,Apr-26,Chiken B.O,Pinjore S.O,,,,,,1,,,,,,
,J7217,Apr-26,Chudiala B.O,Kesri S.O,,,2,3,,2,,3,,,,
,13300102,Apr-26,Commissioner Court S.O,,4,,2,12,,4,7,18,,,1,
,13400305,Apr-26,D.A.V.College S.O,,11,4,2,7,,9,5,49,,2,33,
,G5048,Apr-26,Dadupur B.O,Jagadhri S.O,,,2,6,,,,,,,,
,I3640,Apr-26,Damaloan B.O,Pinjore S.O,,,1,2,,2,,,,,,
,D2044,Apr-26,Damla B.O,Jagdhari Work Shop S.O,,,4,1,,3,,3,,,,
,M6332,Apr-26,Danipur B.O,Durga Nagar S.O,,,1,,,,,,,,,
,J7328,Apr-26,Darpur B.O,Chhachrauli S.O,,,,3,,7,,,,,,
,G9895,Apr-26,Dayalgarh B.O,Bilaspur (Yamunanagar) S.O,,,2,2,,1,,1,,,,
,13301001,Apr-26,Defence Colony S.O,,8,3,2,9,,13,2,19,,2,1,
,L7176,Apr-26,Deodhar B.O,Partap Nagar S.O,,,,2,,3,,15,,,,
,I1907,Apr-26,Derasalimpur B.O,Barara S.O,,,2,3,,1,,5,,,,
,A6320,Apr-26,Devi Nagar B.O,Panchkula Sector 8 S.O,,,,2,,,,,,,,
,M0018,Apr-26,Dhanana B.O,Jatwar S.O,,,1,,,1,,,,,,
,G7187,Apr-26,Dhanaura B.O,Mullana S.O,,,2,10,,8,,3,,,,
,F8558,Apr-26,Dhankaur B.O,Baldev Nagar S.O,,,,1,,1,,,,,,
,13320201,Apr-26,Dhin S.O,,,1,1,22,,13,1,23,,0,3,
,E1759,Apr-26,Dhulkot B.O,Baldev Nagar S.O,,,,,,1,,,,,,
,M6333,Apr-26,Dhurkara B.O,Durga Nagar S.O,,,,1,,,,,,,,
,J7218,Apr-26,Dinarpur B.O,Kesri S.O,,,1,2,,4,,1,,,,
,G7014,Apr-26,Dukheri B.O,Kuldeep Nagar S.O,,,1,2,,7,,2,,,,
,L4929,Apr-26,Duliani B.O,Dhin S.O,,,4,,,5,,10,,1,,
,E1639,Apr-26,Durana B.O,Majri S.O,,,1,,,,,8,,,,
,13400801,Apr-26,Durga Nagar S.O,,6,,6,2,,9,3,22,,,2,
,M0019,Apr-26,Fatehgarh B.O,Jatwar S.O,,,,2,,2,,11,,,,
,C4196,Apr-26,Fatehgarh Tumbi B.O,Sarawan S.O,,,1,2,,5,,2,,,,
,I3761,Apr-26,Fatehpur B.O,Buriya S.O,,,3,4,,4,,2,,,,
,L4395,Apr-26,Gadhaula B.O,Saraswati Nagar S.O,,,1,2,,2,,,,,,
,A4739,Apr-26,Gadhauli B.O,Naraingarh S.O,,,4,1,,16,,4,,,,
,J9667,Apr-26,Ganeshpur B.O,Shahzadpur S.O.,,,,,,6,,3,,,,
,L3938,Apr-26,Garhi Kotaha B.O,Raipur Rani S.O,,,4,2,,4,,6,,,,
,13400702,Apr-26,Geeta Nagri S.O,,5,,6,26,,14,1,40,,6,4,
,D3475,Apr-26,Ghail B.O,Baldev Nagar S.O,,,1,,,,,4,,,,
,I4682,Apr-26,Ghillaur B.O,Radaur S.O,,,2,20,,,,,,,,
,13300103,Apr-26,Gobind Nagar S.O,,16,,,42,,17,15,73,,6,19,
,A8327,Apr-26,Gokal Garh B.O,Mullana S.O,,,,,,1,,,,,,
,L4396,Apr-26,Gudhiana B.O,Saraswati Nagar S.O,,,,,,6,,2,,,,
,I4683,Apr-26,Gumthala Rao B.O,Radaur S.O,,,2,,,1,,,,,,
,13410101,Apr-26,H.M.T.Pinjore S.O,,26,,,10,,10,7,2,,,7,
,E8776,Apr-26,Hafizpur B.O,Jagdhari Work Shop S.O,,,2,4,,4,,4,,,,
,E9253,Apr-26,Haibatpur B.O,Sarawan S.O,,,2,2,,3,,5,,,,
,13500106,Apr-26,Hamida S.O,,,,3,34,,8,1,66,,10,20,
,D0005,Apr-26,Hamidpur B.O,Naraingarh S.O,,,2,5,,10,,2,,,,
,L3939,Apr-26,Hangola B.O,Raipur Rani S.O,,,3,1,,7,,1,,,,
,L4397,Apr-26,Hangoli B.O,Saraswati Nagar S.O,,,3,4,,1,,,,,,
,13300104,Apr-26,Hargolal S.O,,29,,7,94,,23,1,214,,22,44,
,L3940,Apr-26,Haripur B.O,Raipur Rani S.O,,,2,,,,,,,,,
,A6845,Apr-26,Harnaul B.O,Jagdhari Work Shop S.O,,,,1,,1,,,,,,
,I4684,Apr-26,Hartan B.O,Radaur S.O,,,2,24,,,,,,,,
,E9263,Apr-26,Haveli B.O,Sadhaura S.O,,,,1,,4,,27,,,,
,I1908,Apr-26,Holi B.O,Barara S.O,,,,4,,3,,2,,,,
,13410301,Apr-26,I.T.B.P.  Bhanu S.O,,,,,1,,1,,2,,,,
,13300601,Apr-26,Ind estate S.O,,2,2,4,10,,8,4,30,,,7,
,13500301,Apr-26,Jagadhri Court S.O,,5,1,,17,,8,2,12,,,19,
,13500302,Apr-26,Jagadhri S.O,,38,3,18,136,,65,15,204,,21,62,
,13500303,Apr-26,Jagadhri Town S.O,,12,,4,131,,39,7,137,,12,44,
,13500201,Apr-26,Jagdhari Work Shop S.O,,9,,9,58,,23,9,95,,6,12,
,L4398,Apr-26,Jagdholi B.O,Saraswati Nagar S.O,,,2,9,,3,,3,,,,
,I3762,Apr-26,Jaidhari B.O,Buriya S.O,,,4,5,,4,,,,,,
,M6334,Apr-26,Jalbera B.O,Durga Nagar S.O,,,,,,2,,10,,,,
,I5067,Apr-26,Jaloli B.O,Barwala S.O (Panchkula),,,1,2,,,,7,,,,
,13400501,Apr-26,Jandli S.O,,3,,8,8,,14,3,12,,,1,
,M6335,Apr-26,Jansui B.O,Durga Nagar S.O,,,,1,,3,,5,,,,
,I4685,Apr-26,Jathlana B.O,Radaur S.O,,,5,1,,4,,9,,,,
,13420101,Apr-26,Jatwar S.O,,1,6,4,13,0,11,,58,,1,,
,F5103,Apr-26,Jeoli B.O,Naraingarh S.O,,,4,7,,4,,12,,,,
,D1364,Apr-26,Jroda B.O,Jagadhri S.O,,,2,2,,2,,4,,,,
,I4686,Apr-26,Jubbal B.O,Radaur S.O,,,1,3,,1,,15,,,,
,13410801,Apr-26,Judicial Complex Panchkula S.O,,1,1,4,4,,3,,2,,,3,
,13300105,Apr-26,Kacha Bazar S.O,,22,,3,57,,14,1,120,,7,20,
,J9668,Apr-26,Kakarmajra B.O,Shahzadpur S.O.,,,,6,,3,,2,,,,
,E1760,Apr-26,Kakroo B.O,Baldev Nagar S.O,,,,1,,,,,,,,
,L7568,Apr-26,Kalanaur B.O,Thermal Colony Yamuna Nagar S.O,,,2,,,1,,2,,,,
,E1024,Apr-26,Kalarehri B.O,Defence Colony S.O,,,,5,,3,,3,,,,
,L4399,Apr-26,Kalawar B.O,Saraswati Nagar S.O,,,3,8,,3,,1,,,,
,L4336,Apr-26,Kalesar B.O,Bhudkalan S.O,,,2,6,,1,,,,,,
,13330201,Apr-26,Kalka R.S. S.O,,5,,1,17,,11,4,52,,6,9,
,13330202,Apr-26,Kalka S.O,,26,,13,73,,37,16,81,,15,25,
,L4364,Apr-26,Kalpi B.O,Saha S.O,,,1,,,4,,,,,,
,I1896,Apr-26,Kambassi B.O,Adhoya S.O,,,2,,,1,,7,,,,
,L4400,Apr-26,Kandhari Kalan B.O,Saraswati Nagar S.O,,,2,29,,3,,3,,,,
,L3941,Apr-26,Kandiwala B.O,Raipur Rani S.O,,,5,2,,2,,3,,,,
,J9669,Apr-26,Karasan B.O,Shahzadpur S.O.,,,4,,,4,,2,,,,
,I1897,Apr-26,Kaserla Kalan B.O,Adhoya S.O,,,,,,6,,,,,,
,B3219,Apr-26,Kathe Majra B.O,Naraingarh S.O,,,4,11,,6,,3,,,,
,M6336,Apr-26,Kathgarh Chhappar B.O,Durga Nagar S.O,,,2,,,,,,,,,
,L3889,Apr-26,Keshopur Samalkha B.O,Bihta S.O (Ambala),,,,1,,1,,4,,,,
,13310201,Apr-26,Kesri S.O,,1,,3,10,,11,,8,,,2,
,I3763,Apr-26,Khadri B.O,Buriya S.O,,,3,3,,3,,4,,,,
,J7219,Apr-26,Khanpur B.O,Kesri S.O,,,,1,,1,,6,,,,
,M0020,Apr-26,Khanpur Brahmana B.O,Jatwar S.O,,,4,4,,,,,,,,
,A5884,Apr-26,Kharanwali B.O,Kalka S.O,,,3,,,,,,,,,
,A6105,Apr-26,Kharwan B.O,Jagadhri S.O,,,2,5,,1,,8,,,,
,I5068,Apr-26,Khatauli B.O,Barwala S.O (Panchkula),,,,,,,,4,,,,
,B4561,Apr-26,Khera B.O,Jagadhri S.O,,,2,,,2,,,,,,
,L7569,Apr-26,Khera Khurd B.O,Thermal Colony Yamuna Nagar S.O,,,,3,,2,,,,,,
,L3942,Apr-26,Khetpurali B.O,Raipur Rani S.O,,,,,,1,,2,,,,
,L4365,Apr-26,Khudda Kalan B.O,Saha S.O,,,2,4,,4,,8,,,,
,I4687,Apr-26,Khurdban B.O,Radaur S.O,,,4,,,6,,17,,,,
,G9896,Apr-26,Kopal Mochan B.O,Bilaspur (Yamunanagar) S.O,,,,2,,3,,1,,,,
,J9670,Apr-26,Korwakhurd B.O,Shahzadpur S.O.,,,1,,,5,,3,,,,
,I5069,Apr-26,Kot B.O,Barwala S.O (Panchkula),,,1,2,,,,2,,,,
,J7329,Apr-26,Kot Kalsia B.O,Chhachrauli S.O,,,2,18,,3,,3,,,,
,13300401,Apr-26,Kuldeep Nagar S.O,,,,2,4,,5,,15,,,,
,F5104,Apr-26,Kurali B.O,Naraingarh S.O,,,2,2,,7,,8,,,,
,F5105,Apr-26,Laha B.O,Naraingarh S.O,,,2,11,,2,,1,,,,
,F7642,Apr-26,Laharpur B.O,Sadhaura S.O,,,1,1,1,6,,4,,,,
,B3220,Apr-26,Lakhnaura B.O,Naraingarh S.O,,,8,1,,9,,4,,,,
,J7330,Apr-26,Lalheri Kalan B.O,Chhachrauli S.O,,,,,,,,15,,,,
,C1670,Apr-26,Lalpur B.O,Naraingarh S.O,,,3,6,,6,,5,,,,
,J7220,Apr-26,Landa B.O,Kesri S.O,,,,1,,,,,,,,
,J7331,Apr-26,Ledi B.O,Chhachrauli S.O,,,4,2,,2,,1,,,,
,AM125,Apr-26,Lohgarh B.O,Baldev Nagar S.O,,,,,,,,1,,,,
,13320701,Apr-26,M.M.E.Complex Mulana S.O,,2,,1,3,,6,,2,,,,
,G9897,Apr-26,Machrauli B.O,Bilaspur (Yamunanagar) S.O,,,2,2,,2,,,,,,
,13300107,Apr-26,Mahesh Nagar S.O,,16,1,,24,,13,8,100,,4,22,
,13300801,Apr-26,Majri S.O,,,1,0,0,,6,,5,,,,
,L4337,Apr-26,Malikpur Khadar B.O,Bhudkalan S.O,,,1,,,3,,2,,,,
,I3641,Apr-26,Mallah B.O,Pinjore S.O,,,1,,,,,,,,,
,L3943,Apr-26,Manak  Tabra B.O,Raipur Rani S.O,,,1,1,,1,,,,,,
,L3886,Apr-26,Mandhana B.O,Morni S.O,,,1,3,,,,,,,,
,I4688,Apr-26,Mandhar B.O,Radaur S.O,,,2,,,1,,,,,,
,B4562,Apr-26,Mandhar B.O,Jagadhri S.O,,,1,8,,,,1,,,,
,G9899,Apr-26,Manglore B.O,Bilaspur (Yamunanagar) S.O,,,1,2,,3,,4,,,,
,L4930,Apr-26,Manka Manki B.O,Dhin S.O,,,1,,,,,1,,,,
,13411401,Apr-26,Mansa  Devi Sec 5 S.O,,8,1,1,1,,5,2,4,,1,2,
,I1898,Apr-26,Manu Majra B.O,Adhoya S.O,,,1,9,,1,,1,,,,
,B6563,Apr-26,Mardon Sahib B.O,Majri S.O,,,,,,,,1,,,,
,G9900,Apr-26,Marwa Kalan B.O,Bilaspur (Yamunanagar) S.O,,,3,,,2,,5,,,,
,G9901,Apr-26,Marwa Khurd B.O,Bilaspur (Yamunanagar) S.O,,,,9,,7,,6,,,,
,M6337,Apr-26,MATHERI SEIKHAN,Durga Nagar S.O,,,3,1,,9,,2,,,,
,I5070,Apr-26,Mauli B.O,Barwala S.O (Panchkula),,,4,,,1,,,,,,
,I3764,Apr-26,Mehar Majra B.O,Buriya S.O,,,3,15,,,,1,,,,
,C3070,Apr-26,Mehlanwali B.O,Jagadhri S.O,,,2,1,,1,,2,,,,
,D2499,Apr-26,Mehmoodpur B.O,Sadhaura S.O,,,2,,,2,,3,,,,
,L4366,Apr-26,Mehmoodpur B.O,Saha S.O,,,3,,,4,,10,,,,
,G9898,Apr-26,Milakpur Banger B.O,Bilaspur (Yamunanagar) S.O,,,3,,,5,,1,,,,
,13400306,Apr-26,Model Town Ambala City S.O,,9,3,4,27,,13,8,44,,2,15,
,13500103,Apr-26,Model Town S.O (Yamuna Nagar),,10,,,51,,11,4,52,,15,29,
,C5002,Apr-26,Mohra B.O,Kuldeep Nagar S.O,,,2,1,,3,,2,,,,
,13420501,Apr-26,Morni S.O,,,,2,20,,12,1,20,,,3,
,13500104,Apr-26,Mud Hut Colony S.O,,4,1,8,15,,37,5,45,,11,13,
,13320302,Apr-26,Mullana S.O,,,,4,14,,28,,149,,10,20,
,B4563,Apr-26,Mussimbal B.O,Jagadhri S.O,,,1,,,2,,4,,,,
,L7177,Apr-26,Muzafatkalan B.O,Partap Nagar S.O,,,2,,,3,,5,,,,
,I4689,Apr-26,Nachron B.O,Radaur S.O,,,1,1,,,,,,,,
,M6338,Apr-26,NAGGAL,Durga Nagar S.O,,,2,4,,2,,11,,,,
,J7221,Apr-26,Nagla Jattan B.O,Kesri S.O,,,1,1,,8,,6,,,,
,L7571,Apr-26,Nahar Pur B.O,Thermal Colony Yamuna Nagar S.O,,,1,,,,,4,,,,
,L4367,Apr-26,Nahoni B.O,Saha S.O,,,,,,7,,6,,,,
,I3642,Apr-26,Nanakpur B.O,Pinjore S.O,,,5,3,,1,,2,,,,
,M6339,Apr-26,NANEOLA,Durga Nagar S.O,,,9,4,,3,,10,,,,
,13420301,Apr-26,Naraingarh S.O,,14,2,16,173,,57,3,220,,17,39,
,M0021,Apr-26,Nasrauli B.O,Jatwar S.O,,,1,2,,2,,8,,,,
,D2500,Apr-26,Noshera B.O,Sadhaura S.O,,,,53,,4,,2,,,,
,C3071,Apr-26,Pabni Kalan B.O,Jagadhri S.O,,,,3,,1,,1,,,,
,13300108,Apr-26,Palam Vihar S.O (Ambala),,4,1,1,6,,15,4,26,,1,8,
,13411201,Apr-26,Panchkula Sector 12 S.O,,10,1,5,11,,6,5,9,,3,10,
,13411202,Apr-26,Panchkula Sector 4 S.O,,27,,3,53,1,28,7,45,,1,41,
,13410901,Apr-26,Panchkula Sector 8 S.O,,45,6,10,86,,30,20,110,,9,91,
,A4740,Apr-26,Panjlasa B.O,Naraingarh S.O,,,2,2,,2,,1,,,,
,G7114,Apr-26,Panjokhara Sahib B.O,Baldev Nagar S.O,,,1,2,1,5,,4,,,,
,L7572,Apr-26,Pansra B.O,Thermal Colony Yamuna Nagar S.O,,,2,2,,8,,,,,,
,13500304,Apr-26,Parkash Chowk S.O,,1,1,,3,,9,,15,,1,1,
,13502101,Apr-26,Partap Nagar S.O,,1,,5,14,,14,1,29,,2,1,
,J7222,Apr-26,Pasiala B.O,Kesri S.O,,,2,,,1,,2,,,,
,J9671,Apr-26,Pathreri B.O,Shahzadpur S.O.,,,1,,,,,8,,,,
,M0022,Apr-26,Patwi B.O,Jatwar S.O,,,1,3,,,,,,,,
,L4368,Apr-26,Pilkhani B.O,Saha S.O,,,3,,,4,,2,,,,
,13410201,Apr-26,Pinjore S.O,,11,,4,49,,22,13,60,,3,25,
,L4338,Apr-26,Pipli Majra B.O,Bhudkalan S.O,,,,3,,2,,,,,,
,A7323,Apr-26,Pipliwala B.O,Sadhaura S.O,,,,62,,1,,20,,,,
,13400308,Apr-26,Preet Nagar S.O (Ambala),,5,,,1,,4,2,12,,,2,
,13400309,Apr-26,Prem Nagar S.O (Ambala),,9,1,1,37,,8,15,105,,1,41,
,13300109,Apr-26,Punjabi Mohalla S.O,,4,2,2,1,,4,6,18,,1,6,
,13513301,Apr-26,Radaur S.O,,2,2,9,64,,39,7,60,,6,15,
,B4769,Apr-26,Railly B.O,Panchkula Sector 8 S.O,,,1,3,,1,,,,,,
,13400310,Apr-26,Railway Road Ambala City S.O,,7,,3,40,,17,7,83,,2,14,
,13420401,Apr-26,Raipur Rani S.O,,5,1,12,44,,26,4,41,,8,5,
,I5071,Apr-26,Raiwali B.O,Barwala S.O (Panchkula),,,3,4,,5,,3,,,,
,I1909,Apr-26,Rajo Kheri B.O,Barara S.O,,,2,3,,9,,7,,,,
,I1910,Apr-26,Rajouli B.O,Barara S.O,,,2,,,5,,4,,,,
,13500105,Apr-26,Ram Pura Olony S.O,,12,1,4,37,,8,6,111,,28,15,
,I5072,Apr-26,Ramgarh B.O,Barwala S.O (Panchkula),,,4,5,,8,,4,,,,
,I3765,Apr-26,Rampur Khadar B.O,Buriya S.O,,,2,3,,3,,2,,,,
,F7643,Apr-26,Rasulpur B.O,Sadhaura S.O,,,1,,,2,,5,,,,
,I5073,Apr-26,Rattewali B.O,Barwala S.O (Panchkula),,,3,1,,,,4,,,,
,I3766,Apr-26,Sabapur B.O,Buriya S.O,,,1,5,,4,,1,,,,
,13300110,Apr-26,Sadar Bazar S.O (Ambala),,26,2,14,65,,37,25,217,,11,60,
,13320401,Apr-26,Sadhaura S.O,,8,1,14,41,0,21,1,68,,2,4,
,B5747,Apr-26,Safilpur B.O,Sadhaura S.O,,,2,3,,2,,2,,,,
,13310401,Apr-26,Saha S.O,,,,5,14,,16,1,40,,1,4,
,E9254,Apr-26,Sahela B.O,Sarawan S.O,,,,,,2,,2,,,,
,C4202,Apr-26,Salehpur B.O,Sadhaura S.O,,,,6,,,,,,,,
,J7332,Apr-26,Salimpur Banger B.O,Chhachrauli S.O,,,,2,,1,,7,,,,
,L4931,Apr-26,Saran B.O,Dhin S.O,,,3,1,,5,,12,,,,
,13310301,Apr-26,Saraswati Nagar S.O,,15,1,17,60,0,42,7,77,,7,5,
,13320601,Apr-26,Sarawan S.O,,1,3,4,16,,18,1,24,,1,,
,E0832,Apr-26,Sardaheri B.O,Sarawan S.O,,,,2,,7,,6,,,,
,D2684,Apr-26,Sarsehri B.O,Babyal S.O,,,4,,,3,,,,,,
,M6340,Apr-26,SAUNTA,Durga Nagar S.O,,,2,1,,1,,3,,,,
,13411302,Apr-26,Sector 15 Panchkula S.O,,37,,19,130,,44,17,117,,16,56,
,13411701,Apr-26,Sector 20 Panchkula S.O,,6,1,4,23,,12,12,27,,2,21,
,13411601,Apr-26,Sector 26 Panchkula S.O,,2,1,7,10,,7,10,8,,,2,
,M6341,Apr-26,SEGTI,Durga Nagar S.O,,,,2,,2,,1,,,,
,I1899,Apr-26,Sewan Majra B.O,Adhoya S.O,,,,2,,3,,7,,,,
,L7573,Apr-26,Shadi Pur B.O,Thermal Colony Yamuna Nagar S.O,,,,,,1,,,,,,
,F8449,Apr-26,Shah Pur B.O,Kuldeep Nagar S.O,,,2,2,,11,,10,,,,
,G6217,Apr-26,Shahpur Nurd B.O,Sarawan S.O,,,3,2,,6,,,,,,
,13420201,Apr-26,Shahzadpur S.O.,,2,,7,70,,31,4,47,,2,13,
,D2489,Apr-26,Sherpur Sulkhani B.O,Sarawan S.O,,,1,,,1,,3,,,,
,I4690,Apr-26,Silikalan B.O,Radaur S.O,,,1,2,,1,,7,,,,
,E1837,Apr-26,Sohana B.O,Mullana S.O,,,5,,,7,,2,,,,
,I1911,Apr-26,Sohata B.O,Barara S.O,,,1,,,3,,8,,,,
,13400311,Apr-26,Subzi  Mandi S.O,,11,,4,35,,15,1,72,,4,23,
,G5269,Apr-26,Suketri B.O,Panchkula Sector 8 S.O,,,1,3,,1,,,,,,
,J7333,Apr-26,Taharpurkalan B.O,Chhachrauli S.O,,,2,,,2,,,,,,
,L4339,Apr-26,Tajewala B.O,Bhudkalan S.O,,,5,1,,5,,4,,,,
,L4401,Apr-26,Talakaur B.O,Saraswati Nagar S.O,,,3,4,,9,,12,,,,
,I1912,Apr-26,Tandwal B.O,Barara S.O,,,1,,,4,,6,,,,
,L4370,Apr-26,Tepla B.O,Saha S.O,,,,2,,1,,,,,,
,E1838,Apr-26,Thakar Pura B.O,Mullana S.O,,,,10,,5,,,,,,
,C5003,Apr-26,Tharwa B.O,Majri S.O,,,,1,,,,3,,,,
,13500401,Apr-26,Thermal Colony Yamuna Nagar S.O,,,,5,0,,4,,1,,,,
,I1900,Apr-26,Thumber B.O,Adhoya S.O,,,,,,,,2,,,,
,L3888,Apr-26,Tikkar B.O,Morni S.O,,,1,3,,,,,,,,
,M0023,Apr-26,Toda B.O,Jatwar S.O,,,,3,1,2,,4,,,,
,13300111,Apr-26,Top Khana Bazar S.O,,10,,5,31,,18,3,49,,2,1,
,I4691,Apr-26,Topra Kalan B.O,Radaur S.O,,,1,1,,2,,2,,,,
,M6342,Apr-26,UDAIPUR,Durga Nagar S.O,,,1,1,,3,,4,,,,
,D1365,Apr-26,Udhamgarh B.O,Jagadhri S.O,,,,4,,2,,5,,,,
,I1901,Apr-26,Ugala B.O,Adhoya S.O,,,1,3,,4,,2,,,,
,L4402,Apr-26,Uncha Chandna B.O,Saraswati Nagar S.O,,,,,,4,,2,,,,
,13500100,Apr-26,Yamunanagar H.O,,64,9,51,221,,119,55,429,,44,124,
,A7316,Apr-26,Zaffarpur B.O,Sarawan S.O,,,,1,,1,,1,,,,
,12730701,Apr-26,Achina SO,,2,1,2,1,,3,,28,,1,1,
,J3462,Apr-26,Ajitpura BO,Manheru SO,,,1,1,,,,1,,,,
,J7241,Apr-26,Akbarpur BO,Nangal Chaudhry SO,,,,19,,,,3,,,,
,J2213,Apr-26,Akoda BO,Mohindergarh SO,,,,,,1,,,,,,
,F8278,Apr-26,Arya Nagar BO,Badhara SO,,,1,,,1,,,,,,
,H9247,Apr-26,Atela Khurd BO,Birhi Kalan SO,,,6,1,,1,,5,,,,
,H3219,Apr-26,Aun BO,Jhojhu SO,,,1,,,1,,,,,,
,D8690,Apr-26,Aun BO,Baund SO,,,1,2,,2,,1,,,,
,F4595,Apr-26,Azamabad Mukhota BO,Narnaul HO,,,,6,,,,,,,,
,L9936,Apr-26,Bachhod BO,Mandi Ateli SO,,,1,,,2,,8,,,,
,G2046,Apr-26,Badesera BO,Tigrana SO,,,1,,,,,,,,,
,12730801,Apr-26,Badhara SO,,5,,5,31,,7,3,7,,,3,
,H3220,Apr-26,Badhawana BO,Jhojhu SO,,,2,,,1,,1,,,,
,G6832,Apr-26,Badrai BO,Nihalgard PO,,,,1,,,,3,,,,
,G6902,Apr-26,Baghot BO,Kanina SO,,,1,,,2,,,,,,
,F6455,Apr-26,Bairawas BO,Nangal Sirohi SO,,,1,2,,2,,9,,,,
,F0143,Apr-26,Bajina BO,Bapora SO,,,2,,,,,,,,,
,L4326,Apr-26,Baliali BO,Bawani Khera SO,,,1,2,,11,,1,,,,
,12711101,Apr-26,Bapora SO,,19,2,11,12,,19,,30,,,1,
,H0360,Apr-26,Barda BO,Satnali SO,,,,,,2,,3,,,,
,L4375,Apr-26,Bardu Chaina BO,Loharu SO,,,,,,2,,1,,,,
,G3093,Apr-26,Barkoda BO,Narnaul HO,,,,8,,,,,,,,
,H9249,Apr-26,Barsana BO,Birhi Kalan SO,,,1,1,,2,,4,,,,
,12704501,Apr-26,Barwa SO,,,,17,31,,11,,23,,1,,
,L4376,Apr-26,Barwas BO,Loharu SO,,,,,,,,10,,,,
,J2214,Apr-26,Basai BO,Mohindergarh SO,,,,1,,,,,,,,
,C1131,Apr-26,Bashirpur BO,Narnaul HO,,,1,1,,1,,1,,,,
,12702501,Apr-26,Baund SO,,5,1,9,13,,11,3,33,,,2,
,J2215,Apr-26,Bawana BO,Mohindergarh SO,,,1,2,,4,,3,,,,
,12703201,Apr-26,Bawani Khera SO,,2,2,7,43,,36,11,58,,3,11,
,12303401,Apr-26,Bawania SO,,6,,3,32,,8,1,17,,1,4,
,L9938,Apr-26,Behali BO,Mandi Ateli SO,,,1,1,,,,,,,,
,12702801,Apr-26,Behl SO,,1,,7,15,,7,,18,,4,,
,J2216,Apr-26,Beri BO,Mohindergarh SO,,,,,,,,1,,,,
,F8279,Apr-26,Berla BO,Nihalgard PO,,,1,1,,1,,,,,,
,L9939,Apr-26,Bewal BO,Mandi Ateli SO,,,1,,,1,,1,,,,
,A7531,Apr-26,Bhagesari BO,Achina SO,,,,1,,2,,,,,,
,C4405,Apr-26,Bhagwi BO,Achina SO,,,1,2,,1,,,,,,
,E9937,Apr-26,Bharaf BO,Kanina SO,,,,,,,,1,,,,
,N9285,Apr-26,Bhariwas BO,Rodhan SO,,,,,,,,3,,,,
,N9286,Apr-26,Bhera BO,Rodhan SO,,,2,1,,2,,2,,,,
,12702100,Apr-26,Bhiwani HO,,49,6,34,220,,124,25,632,,22,82,
,L9941,Apr-26,Bhocharia BO,Mandi Ateli SO,,,1,1,,2,,2,,,,
,I2952,Apr-26,Bhojawas BO,Bawania SO,,,,1,,2,,,,,,
,I2953,Apr-26,Bhucholi BO,Bawania SO,,,1,1,,1,,6,,,,
,J7243,Apr-26,Bhungerka BO,Nangal Chaudhry SO,,,,,,,,21,,,,
,G4111,Apr-26,Bhurtana BO,Jamalpur SO Bhiwani,,,2,,,1,,,,,,
,N9287,Apr-26,Bhushan BO,Rodhan SO,,,4,,,1,,,,,,
,C9447,Apr-26,Bhushan Kalan BO,Narnaul HO,,,1,3,,3,,2,,,,
,J2201,Apr-26,Bidhwan BO,Siwani SO,,,4,,,1,,4,,,,
,E1022,Apr-26,Bigowa BO,Achina SO,,,1,,,3,,27,,,,
,G7110,Apr-26,Biran BO,Bapora SO,,,2,,,1,,2,,,,
,12702601,Apr-26,Birhi Kalan SO,,2,2,4,7,,4,,5,,,,
,12702101,Apr-26,Birla Colony Bhiwani SO,,,1,5,18,,18,3,14,,2,1,
,L4377,Apr-26,Bisalwas BO,Loharu SO,,,1,,,2,,1,,,,
,12702102,Apr-26,Bseh Bhiwani SO,,,,4,1,,4,,,,,,
,J2217,Apr-26,Buddin BO,Mohindergarh SO,,,,1,,,,,,,,
,J7244,Apr-26,Budhwal BO,Nangal Chaudhry SO,,,1,,,,,,,,,
,12702103,Apr-26,Bus Stand Bhiwani SO,,,1,3,22,,8,,23,,,2,
,12303101,Apr-26,Central University Haryana Mohindergarh SO,,,1,3,4,,3,,,,,,
,L4380,Apr-26,Chahar Khurd BO,Loharu SO,,,1,,,3,,1,,,,
,F3604,Apr-26,Chandawas BO,Kairu SO,,,1,1,,,,,,,,
,H3221,Apr-26,Chandeni BO,Jhojhu SO,,,1,3,,5,,1,,,,
,C4847,Apr-26,Chandwas BO,Nihalgard PO,,,2,3,,2,,3,,,,
,C4009,Apr-26,Chang Road BO,Chiriya SO,,,,,,1,,3,,,,
,12702701,Apr-26,Chang SO,,2,,7,10,,17,,40,,1,,
,H9250,Apr-26,Chappar BO,Birhi Kalan SO,,,1,,,2,,1,,,,
,12730601,Apr-26,Charkhi  Dadri Hsgii SO,,27,4,15,128,,60,12,95,,6,33,
,B2732,Apr-26,Charkhi BO,Charkhi  Dadri Hsgii SO,,,,,,2,,3,,,,
,12730602,Apr-26,Charkhi Dadri City SO,,9,,8,114,,49,2,72,,1,14,
,F4596,Apr-26,Chillro BO,Narnaul HO,,,1,,,,,20,,,,
,12702201,Apr-26,Chiriya SO,,,3,6,2,,12,,15,,,1,
,D3242,Apr-26,Chitrauli BO,Kanina SO,,,1,,,,,,,,,
,E0830,Apr-26,Dadam BO,Tosham SO,,,,,,8,,1,,,,
,E9884,Apr-26,Dagroli BO,Nihalgard PO,,,3,4,,2,,,,,,
,H0361,Apr-26,Dalanwas BO,Satnali SO,,,1,,,,,,,,,
,F8280,Apr-26,Dalawas BO,Badhara SO,,,,,,1,,1,,,,
,D3474,Apr-26,Dang BO,Bapora SO,,,2,,,1,,,,,,
,D1373,Apr-26,Daroli Ahir BO,Nangal Sirohi SO,,,1,,,1,,2,,,,
,C4192,Apr-26,Daryapur BO,Tosham SO,,,1,1,,1,,,,,,
,C0229,Apr-26,Devrala BO,Kairu SO,,,4,1,,3,,,,,,
,B6663,Apr-26,Devsar BO,Bapora SO,,,5,,,7,,,,,,
,I2954,Apr-26,Dewas BO,Bawania SO,,,3,2,,5,,11,,,,
,J3500,Apr-26,Dhabdhani BO,Jui Khurd SO,,,,2,,2,,2,,,,
,H3222,Apr-26,Dhadhi Adampur BO,Jhojhu SO,,,1,,,,,,,,,
,A4270,Apr-26,Dhadhi Mandola BO,Charkhi  Dadri Hsgii SO,,,1,,,1,,1,,,,
,J2219,Apr-26,Dhadhot BO,Mohindergarh SO,,,,,,,,1,,,,
,I2955,Apr-26,Dhana BO,Bawania SO,,,2,1,,1,,4,,,,
,E1757,Apr-26,Dhana Ladan Pur BO,Neemariwali PO,,,3,,,2,,5,,,,
,D3243,Apr-26,Dhanaunda BO,Kanina SO,,,6,1,,,,2,,,,
,B5738,Apr-26,Dhani Mahu BO,Tosham SO,,,5,,,1,,,,,,
,J2202,Apr-26,Dhani Miran BO,Siwani SO,,,,,,2,,,,,,
,C1168,Apr-26,Dhani Phogat BO,Charkhi  Dadri Hsgii SO,,,,,,,,1,,,,
,A4231,Apr-26,Dhanota BO,Narnaul HO,,,2,,,,,,,,,
,J3463,Apr-26,Dhareru BO,Manheru SO,,,,,,1,,,,,,
,F4597,Apr-26,Dharson BO,Narnaul HO,,,2,21,,1,,,,,,
,G7111,Apr-26,Dhirana BO,Neemariwali PO,,,,,,1,,,,,,
,J7245,Apr-26,Dholera BO,Nangal Chaudhry SO,,,,,,3,,2,,,,
,E6243,Apr-26,Dhor Kalan BO,Narnaul HO,,,1,,,3,,2,,,,
,H0362,Apr-26,Digrota BO,Satnali SO,,,1,,,1,,,,,,
,E1758,Apr-26,Dinod BO,Bapora SO,,,2,,,3,,3,,,,
,G3094,Apr-26,Dochana BO,Narnaul HO,,,2,2,,1,,,,,,
,H9251,Apr-26,Dohka Harya BO,Birhi Kalan SO,,,3,,,2,,,,,,
,L9942,Apr-26,Dongra Ahir BO,Mandi Ateli SO,,,3,,,4,,10,,,,
,G3095,Apr-26,Dublana BO,Narnaul HO,,,1,7,,1,,1,,,,
,B5570,Apr-26,Dudhwa BO,Chiriya SO,,,2,,,8,,8,,,,
,J2220,Apr-26,Dulana BO,Mohindergarh SO,,,,3,,,,1,,,,
,L9943,Apr-26,Dulat Jat BO,Mandi Ateli SO,,,,16,,2,,,,,,
,B5739,Apr-26,Dulheri BO,Tosham SO,,,2,2,,1,,8,,,,
,L4328,Apr-26,Durjanpur BO,Bawani Khera SO,,,1,9,,,,,,,,
,J3464,Apr-26,Fatehgarh Haryana BO,Manheru SO,,,4,,,1,,2,,,,
,J2203,Apr-26,Gainadawas BO,Siwani SO,,,1,,,2,,,,,,
,L9944,Apr-26,Ganiar BO,Mandi Ateli SO,,,,4,,2,,1,,,,
,G6216,Apr-26,Garanpura Kalan BO,Tosham SO,,,7,1,,2,,,,,,
,L9945,Apr-26,Garhi BO,Mandi Ateli SO,,,,,,,,1,,,,
,J2204,Apr-26,Ghanghala BO,Siwani SO,,,3,,,,,,,,,
,G3118,Apr-26,Ghasola BO,Charkhi  Dadri Hsgii SO,,,3,7,,,,,,,,
,L4384,Apr-26,Gignow BO,Loharu SO,,,1,6,,,,,,,,
,L9946,Apr-26,Gokalpur BO,Mandi Ateli SO,,,1,2,,1,,3,,,,
,J3501,Apr-26,Golagarh BO,Jui Khurd SO,,,2,,,1,,,,,,
,J7246,Apr-26,Golwa BO,Nangal Chaudhry SO,,,1,10,,1,,40,,,,
,A7954,Apr-26,Gopi BO,Badhara SO,,,,,,,,1,,,,
,H3223,Apr-26,Gudana Kalan BO,Jhojhu SO,,,,,,1,,1,,,,
,L9947,Apr-26,Gujarwas BO,Mandi Ateli SO,,,,1,,1,,,,,,
,A3298,Apr-26,Gujrani BO,Tigrana SO,,,4,,,,,,,,,
,J2205,Apr-26,Gurera BO,Siwani SO,,,2,1,,,,,,,,
,E9938,Apr-26,Gurha BO,Kanina SO,,,,,,6,,5,,,,
,12702104,Apr-26,Halu Bajar Bhiwani SO,,8,2,10,95,,27,8,193,,6,10,
,G7112,Apr-26,Haluwas BO,Neemariwali PO,,,3,7,,2,,6,,,,
,C9448,Apr-26,Hamidpur BO,Narnaul HO,,,,,,1,,1,,,,
,A7955,Apr-26,Harodi BO,Nihalgard PO,,,2,,,2,,1,,,,
,D6983,Apr-26,Hetampura BO,Kairu SO,,,,1,,1,,1,,,,
,F4598,Apr-26,Hudina BO,Narnaul HO,,,2,5,,5,,13,,,,
,C9481,Apr-26,Imlota BO,Charkhi  Dadri Hsgii SO,,,2,3,,1,,1,,,,
,N9288,Apr-26,Isharwal BO,Rodhan SO,,,2,,,,,,,,,
,12702105,Apr-26,Jalan Hospital Bhiwani SO,,4,,8,24,,11,2,52,,,2,
,12703501,Apr-26,Jamalpur SO Bhiwani,Jamalpur SO Bhiwani,,1,6,7,,14,,3,,1,5,
,12730603,Apr-26,Janta College Charkhi Dadri SO,,14,6,,94,,30,6,71,,2,7,
,H0363,Apr-26,Jarwa BO,Satnali SO,,,2,,,1,,,,,,
,J7454,Apr-26,Jatai BO,Mundhal Khurd SO,,,2,,,,,,,,,
,H3224,Apr-26,Jawa BO,Jhojhu SO,,,2,7,,4,,3,,,,
,F8281,Apr-26,Jewali BO,Nihalgard PO,,,1,1,,,,,,,,
,I2956,Apr-26,Jhagroli BO,Bawania SO,,,,2,,2,,3,,,,
,L4385,Apr-26,Jhanjra Sheoran BO,Loharu SO,,,1,2,,,,,,,,
,F7828,Apr-26,Jhijhar BO,Achina SO,,,1,,,1,,,,,,
,12731001,Apr-26,Jhojhu SO,,11,,2,28,,11,1,53,,1,10,
,J2222,Apr-26,Jhook BO,Mohindergarh SO,,,1,,,,,,,,,
,N9289,Apr-26,Jhully BO,Rodhan SO,,,1,,,,,,,,,
,12703001,Apr-26,Jui Khurd SO,,,2,5,24,,10,,28,,,1,
,D3181,Apr-26,Kadma BO,Nihalgard PO,,,1,2,,,,,,,,
,J3465,Apr-26,Kaila BO,Manheru SO,,,2,5,,1,,,,,,
,12702901,Apr-26,Kairu SO,,1,,9,4,,8,,4,,,1,
,C4905,Apr-26,Kakrola BO,Kanina SO,,,1,,,1,,1,,,,
,G6833,Apr-26,Kakroli Sardara BO,Badhara SO,,,1,2,,,,1,,,,
,J7390,Apr-26,Kalinga BO,Kharak Kalan SO,,,11,1,,1,,,,,,
,J2207,Apr-26,Kalod BO,Siwani SO,,,1,1,,1,,1,,,,
,B2733,Apr-26,Kalyana BO,Charkhi  Dadri Hsgii SO,,,6,1,,3,,,,,,
,E6244,Apr-26,Kamania BO,Narnaul HO,,,,7,,,,,,,,
,A8023,Apr-26,Kanina Mandi BO,Kanina SO,,,,,,,,3,,,,
,12302701,Apr-26,Kanina SO,,9,1,9,183,,71,10,148,,12,19,
,L9948,Apr-26,Kanti BO,Mandi Ateli SO,,,1,,,2,,,,,,
,L9949,Apr-26,Kanti Kheri BO,Mandi Ateli SO,,,,1,,,,1,,,,
,F4599,Apr-26,Kanwi BO,Narnaul HO,,,,10,,,,1,,,,
,F8282,Apr-26,Kari Dharani BO,Badhara SO,,,,3,,,,1,,,,
,G6834,Apr-26,Kario Baniawalij BO,Badhara SO,,,1,,,,,1,,,,
,B2700,Apr-26,Karota BO,Narnaul HO,,,2,4,,1,,,,,,
,J3466,Apr-26,Kaunt BO,Manheru SO,,,3,,,,,,,,,
,A7314,Apr-26,Khanak BO,Tosham SO,,,5,1,,,,,,,,
,12711401,Apr-26,Kharak Kalan SO,,3,3,8,8,,12,1,29,,,3,
,L4386,Apr-26,Kharkari BO,Loharu SO,,,,,,2,,1,,,,
,C4193,Apr-26,Kharkhari Sohan BO,Tosham SO,,,1,,,2,,1,,,,
,J2208,Apr-26,Khera BO,Siwani SO,,,2,2,,3,,,,,,
,E1552,Apr-26,Kheri BO,Kanina SO,,,3,,,3,,2,,,,
,D7910,Apr-26,Kheri Bura BO,Charkhi  Dadri Hsgii SO,,,1,,,,,,,,,
,J2224,Apr-26,Khudana BO,Mohindergarh SO,,,1,,,,,,,,,
,E7195,Apr-26,Kirawar BO,Jamalpur SO Bhiwani,,,1,,,,,,,,,
,J3467,Apr-26,Kitlana BO,Neemariwali PO,,,,,,,,1,,,,
,G7113,Apr-26,Kohar BO,Bapora SO,,,1,,,2,,,,,,
,D7884,Apr-26,Koriawas BO,Narnaul HO,,,9,,,2,,2,,,,
,F8349,Apr-26,Kotia BO,Kanina SO,,,1,,,2,,1,,,,
,C9449,Apr-26,Krishan Nagar BO,Narnaul HO,,,2,,,1,,11,,,,
,F4600,Apr-26,Kultazpur BO,Narnaul HO,,,1,2,,4,,9,,,,
,J7455,Apr-26,Kungar BO,Mundhal Khurd SO,,,3,,,1,,1,,,,
,L4387,Apr-26,Kural BO,Loharu SO,,,,,,1,,1,,,,
,J2225,Apr-26,Kurawata BO,Mohindergarh SO,,,,,,1,,,,,,
,C8494,Apr-26,Kusumbhi BO,Kairu SO,,,,,,3,,1,,,,
,G6835,Apr-26,Lad BO,Badhara SO,,,,,,1,,,,,,
,J2226,Apr-26,Lawan BO,Mohindergarh SO,,,4,,,2,,8,,,,
,C8495,Apr-26,Leghan BO,Kairu SO,,,6,,,,,1,,,,
,J2209,Apr-26,Lilas BO,Siwani SO,,,1,,,,,,,,,
,E5319,Apr-26,Lohani BO,Kairu SO,,,4,4,,2,,,,,,
,12702106,Apr-26,Lohar Bazar SO,,1,,2,35,,10,2,52,,1,4,
,L4329,Apr-26,Lohari Jatu BO,Bawani Khera SO,,,2,3,,2,,,,,,
,12720101,Apr-26,Loharu SO,,7,1,12,45,,17,2,17,,3,2,
,B5940,Apr-26,Loharwara BO,Achina SO,,,1,,,,,,,,,
,B2701,Apr-26,Madhana Kalan BO,Narnaul HO,,,,5,,2,,,,,,
,H0364,Apr-26,Madhogarh BO,Satnali SO,,,2,1,,3,,,,,,
,B5571,Apr-26,Makrana BO,Chiriya SO,,,,,,,,1,,,,
,L4330,Apr-26,Mandhana BO,Bawani Khera SO,,,1,1,,,,,,,,
,G6836,Apr-26,Mandhi Harya BO,Nihalgard PO,,,2,1,,,,1,,,,
,N9291,Apr-26,Mandholi Kalan BO,Rodhan SO,,,,,,2,,,,,,
,J2210,Apr-26,Mandholi Khurd BO,Siwani SO,,,,1,,4,,,,,,
,12302101,Apr-26,Mandi Ateli SO,,10,1,15,106,,40,6,172,,7,20,
,D7885,Apr-26,Mandi BO,Narnaul HO,,,1,25,,2,,,,,,
,J2227,Apr-26,Mandola BO,Mohindergarh SO,,,2,,,13,,4,,,,
,12730901,Apr-26,Manheru SO,Manheru SO,4,2,2,8,,9,,4,,,1,
,E6273,Apr-26,Mankawas BO,Charkhi  Dadri Hsgii SO,,,,1,,1,,,,,,
,F3605,Apr-26,Mansarbass BO,Kairu SO,,,,1,,4,,4,,,,
,G8996,Apr-26,Matani BO,Behl SO,,,,,,1,,,,,,
,E0620,Apr-26,Mauri BO,Chiriya SO,,,2,,,,,3,,,,
,H9252,Apr-26,Mehera BO,Birhi Kalan SO,,,,2,,2,,5,,,,
,L4331,Apr-26,Milkpur BO,Bawani Khera SO,,,2,,,3,,13,,,,
,12702107,Apr-26,Mini Sect Bhiwani SO,,2,,3,16,,7,2,30,,,5,
,12300101,Apr-26,Mini SecttNarnaul SO,,2,,,17,,3,,14,,,2,
,J2211,Apr-26,Miran BO,Siwani SO,,,1,2,,1,,1,,,,
,G1000,Apr-26,Misri BO,Sanwar SO Bhiwani,,,,,,1,,,,,,
,E5320,Apr-26,Mitathal BO,Tigrana SO,,,2,2,,7,,2,,,,
,G8997,Apr-26,Mithi BO,Behl SO,,,1,,,,,,,,,
,12302901,Apr-26,Mohindergarh SO,,16,5,15,182,,62,7,77,,8,23,
,G8998,Apr-26,Morka BO,Behl SO,,,,,,2,,1,,,,
,B5941,Apr-26,Morwala BO,Achina SO,,,2,,,1,,,,,,
,12704101,Apr-26,Mundhal Khurd SO,,1,,2,13,,12,,21,,,,
,J7247,Apr-26,Nagal Nunia BO,Nangal Chaudhry SO,,,1,6,,1,,,,,,
,L4388,Apr-26,Nakipur BO,Loharu SO,,,1,,,,,,,,,
,J2212,Apr-26,Naloi BO,Siwani SO,,,,1,,,,,,,,
,F0144,Apr-26,Nandgaon BO,Neemariwali PO,,,,,,,,3,,,,
,12302301,Apr-26,Nangal Chaudhry SO,,3,4,7,62,,41,4,47,,2,23,
,J7248,Apr-26,Nangal Dargu BO,Nangal Chaudhry SO,,,1,1,,1,,,,,,
,B2702,Apr-26,Nangal Katha BO,Narnaul HO,,,1,2,,1,,4,,,,
,12302801,Apr-26,Nangal Sirohi SO,,,,5,38,,12,,38,,1,6,
,H0365,Apr-26,Nangalmala BO,Satnali SO,,,,1,,,,,,,,
,12300102,Apr-26,Narnaul City SO,,8,,4,98,,28,11,148,,3,23,
,12300100,Apr-26,Narnaul HO,,25,3,25,299,,82,17,348,,16,53,
,12300103,Apr-26,Narnaul Kty SO,,,4,,39,,9,2,16,,1,6,
,H3225,Apr-26,Naurangabass Jattan BO,Jhojhu SO,,,,1,,,,,,,,
,E9939,Apr-26,Nautana BO,Kanina SO,,,,,,2,,,,,,
,H0366,Apr-26,Nawan BO,Satnali SO,,,,,,1,,2,,,,
,12731101,Apr-26,Neemariwali PO,Neemariwali PO,,,4,0,,1,,1,,,,
,G3119,Apr-26,Neemli BO,Charkhi  Dadri Hsgii SO,,,4,4,,1,,,,,,
,G3096,Apr-26,Neerpur BO,Narnaul HO,,,1,10,,1,,,,,,
,J7249,Apr-26,Niamatpur BO,Nangal Chaudhry SO,,,,10,,,,,,,,
,F6456,Apr-26,Nihalawas BO,Nangal Sirohi SO,,,4,1,,2,,,,,,
,12731201,Apr-26,Nihalgard PO,,3,1,0,2,,3,,4,,,1,
,F4601,Apr-26,Nizampur RS BO,Narnaul HO,,,1,6,,1,,,,,,
,G9000,Apr-26,Obra BO,Behl SO,,,5,1,,1,,,,,,
,D7911,Apr-26,Paitawas Kalan BO,Charkhi  Dadri Hsgii SO,,,1,,,,,,,,,
,AK111,Apr-26,Paju BO,Loharu SO,,,,10,,,,1,,,,
,H3226,Apr-26,Palari BO,Jhojhu SO,,,,2,,2,,8,,,,
,J2229,Apr-26,Pali BO,Mohindergarh SO,,,,,,1,,,,,,
,J2230,Apr-26,Palri Panihara BO,Mohindergarh SO,,,1,,,2,,,,,,
,B1793,Apr-26,Paluwas BO,Tigrana SO,,,2,5,,,,,,,,
,E7196,Apr-26,Paposa BO,Jamalpur SO Bhiwani,,,1,1,,,,,,,,
,L4389,Apr-26,Parvezpur BO,Loharu SO,,,3,,,3,,,,,,
,I2957,Apr-26,Pathera BO,Bawania SO,,,1,1,,4,,4,,,,
,G9001,Apr-26,Patwan BO,Behl SO,,,1,,,2,,3,,,,
,H3227,Apr-26,Pichopa Kalan BO,Jhojhu SO,,,4,1,,1,,1,,,,
,J3503,Apr-26,Pohkarwas BO,Jui Khurd SO,,,,2,,2,,1,,,,
,F8350,Apr-26,Pota BO,Kanina SO,,,,,,2,,,,,,
,C0231,Apr-26,Premnagar BO,Tigrana SO,,,1,,,,,1,,,,
,L4332,Apr-26,Pur BO,Bawani Khera SO,,,2,1,,2,,2,,,,
,F4602,Apr-26,Raghunathpura BO,Narnaul HO,,,1,1,,3,,13,,,,
,B6664,Apr-26,Rajgarh BO,Neemariwali PO,,,,1,,,,2,,,,
,B6462,Apr-26,Rambas BO,Kanina SO,,,,1,,1,,,,,,
,H3228,Apr-26,Rambass BO,Nihalgard PO,,,1,1,,1,,5,,,,
,E4234,Apr-26,Ranila BO,Sanwar SO Bhiwani,,,4,2,,5,,1,,,,
,H9253,Apr-26,Rasiwas BO,Birhi Kalan SO,,,,,,2,,1,,,,
,A8024,Apr-26,Rasoolpur BO,Kanina SO,,,2,,,2,,,,,,
,G4112,Apr-26,Ratera BO,Jamalpur SO Bhiwani,,,,,,1,,,,,,
,L9950,Apr-26,Rattan Kalan BO,Mandi Ateli SO,,,1,3,,1,,1,,,,
,F4633,Apr-26,Rawaldhi BO,Charkhi  Dadri Hsgii SO,,,1,2,,4,,6,,,,
,J9572,Apr-26,Rewari Khera BO,Chang SO,,,1,26,,2,,1,,,,
,C4194,Apr-26,Riwasa BO,Tosham SO,,,,,,1,,,,,,
,12704301,Apr-26,Rodhan SO,,,,3,0,,5,,22,,1,1,
,B6665,Apr-26,Roopgarh BO,Neemariwali PO,,,,,,1,,,,,,
,C4195,Apr-26,Sagban BO,Tosham SO,,,2,,,,,,,,,
,J9573,Apr-26,Sai BO,Chang SO,,,7,21,,1,,1,,,,
,B2734,Apr-26,Samaspur BO,Charkhi  Dadri Hsgii SO,,,1,4,,,,,,,,
,N9292,Apr-26,Sandawa BO,Rodhan SO,,,2,,,2,,,,,,
,B9153,Apr-26,Sanjarwas BO,Sanwar SO Bhiwani,,,,,,2,,,,,,
,F2537,Apr-26,Sankror BO,Sanwar SO Bhiwani,,,,,,4,,1,,,,
,12704201,Apr-26,Sanwar SO Bhiwani,,1,2,7,4,,9,,9,,,,
,L9951,Apr-26,Sarai Bahadur BO,Mandi Ateli SO,,,,10,,,,,,,,
,AK762,Apr-26,Sarangpur B.O,Birhi Kalan SO,,,2,1,,2,,1,,,,
,J7250,Apr-26,Sareli BO,Nangal Chaudhry SO,,,,4,,2,,6,,,,
,F4634,Apr-26,Sarupgarh BO,Charkhi  Dadri Hsgii SO,,,1,2,,1,,1,,,,
,12302401,Apr-26,Satnali SO,,6,1,4,41,,17,3,19,,1,9,
,L4390,Apr-26,Sehar BO,Loharu SO,,,2,,,3,,,,,,
,E9940,Apr-26,Sehlang BO,Kanina SO,,,,,,2,,,,,,
,G5053,Apr-26,Sehma BO,Nangal Sirohi SO,,,1,,,3,,7,,,,
,G9002,Apr-26,Serla BO,Behl SO,,,1,,,2,,3,,,,
,H0368,Apr-26,Shyampura BO,Satnali SO,,,1,1,,,,,,,,
,F8351,Apr-26,Siana BO,Kanina SO,,,3,,,2,,,,,,
,G9003,Apr-26,Sidhanwa BO,Behl SO,,,,1,,,,,,,,
,G6903,Apr-26,Sihore BO,Kanina SO,,,1,,,,,,,,,
,L4391,Apr-26,Singhani BO,Loharu SO,,,2,,,1,,,,,,
,J7251,Apr-26,Sirohi Behali BO,Nangal Chaudhry SO,,,1,,,1,,4,,,,
,H9254,Apr-26,Siswala BO,Birhi Kalan SO,,,1,,,1,,2,,,,
,J7456,Apr-26,Siwana BO,Mundhal Khurd SO,,,1,,,,,,,,,
,12704601,Apr-26,Siwani SO,,,1,13,28,,26,,59,,2,14,
,L4333,Apr-26,Siwara BO,Bawani Khera SO,,,2,1,,,,,,,,
,L4392,Apr-26,Sohansara BO,Loharu SO,,,2,,,1,,2,,,,
,B1794,Apr-26,Sui BO,Tigrana SO,,,,,,1,,1,,,,
,I2958,Apr-26,Sundrah BO,Bawania SO,,,,2,,1,,5,,,,
,F3606,Apr-26,Sungarpur BO,Kairu SO,,,1,,,1,,,,,,
,H0369,Apr-26,Sureti Kalan BO,Satnali SO,,,1,,,,,1,,,,
,AU194,Apr-26,SURJANWAS,Bawania SO,,,,1,,,,,,,,
,J7457,Apr-26,Talu BO,Mundhal Khurd SO,,,1,,,,,,,,,
,J7252,Apr-26,Thanwas BO,Nangal Chaudhry SO,,,3,,,,,,,,,
,12703101,Apr-26,Tigrana SO,,2,,6,15,,13,,7,,3,1,
,H9255,Apr-26,Tiwala BO,Birhi Kalan SO,,,,5,,,,1,,,,
,12704001,Apr-26,Tosham SO,,1,2,10,19,,38,3,33,,1,5,
,J3504,Apr-26,Umarwas BO,Jui Khurd SO,,,1,1,,1,,,,,,
,L6408,Apr-26,Agon BO,Ferozepur Jhirka SO,,,3,2,,,,,,,,
,E7826,Apr-26,Aharwan BO,Palwal SO,,,2,1,,2,,,,,,
,J6609,Apr-26,Akhera BO,Nuh SO,,,1,5,,7,,1,,,,
,E7827,Apr-26,Alawalpur BO,Palwal SO,,,6,,,2,,,,,,
,J7232,Apr-26,Ali Meo BO,Hodal SO,,,,14,,1,,,,,,
,J6124,Apr-26,Alipur BO,Tigaon SO,,,2,29,,3,,,,,,
,12100301,Apr-26,Amarnagar SO Faridabad,,15,3,18,22,,27,10,21,,4,16,
,A5004,Apr-26,Amarpur BO,Ballabgarh SO,,,3,7,,,,,,,,
,C2803,Apr-26,Amroli BO,Palwal SO,,,2,,,,,,,,,
,J7233,Apr-26,Andhop BO,Hodal SO,,,2,3,,3,,,,,,
,D1119,Apr-26,Asaota BO,Palwal SO,,,1,,,1,,,,,,
,B3472,Apr-26,Atali BO,Ballabgarh SO,,,2,1,,,,,,,,
,12110501,Apr-26,Aurangabad SO Faridabad,,,,6,4,,5,,4,,,1,
,J6125,Apr-26,Badarpur Syed BO,Tigaon SO,,,,,,2,,4,,,,
,N8583,Apr-26,Baded BO,Punhana SO,,,1,1,,1,,,,,,
,N8584,Apr-26,Badli BO,Punhana SO,,,2,,,9,,,,,,
,C4361,Apr-26,Baghanki BO,Tauru SO,,,2,2,,,,5,,,,
,A5867,Apr-26,Baghola BO,Palwal SO,,,1,,,1,,,,,,
,N8433,Apr-26,Bahin BO,Aurangabad SO Faridabad,,,1,,,1,,,,,,
,12100401,Apr-26,Ballabgarh SO,,13,,46,41,,38,2,68,,12,34,
,N8434,Apr-26,Bamni Khera BO,Aurangabad SO Faridabad,,,6,,,,,,,,,
,J7234,Apr-26,Banchari BO,Hodal SO,,,3,,,2,,3,,,,
,J7309,Apr-26,Banswa BO,Hassanpur SO,,,3,15,,,,,,,,
,E6964,Apr-26,Baroli BO,Ballabgarh SO,,,4,1,,1,,,,,,
,L6409,Apr-26,Bewan BO,Ferozepur Jhirka SO,,,,1,,,,,,,,
,A4102,Apr-26,Bhadas BO,Nagina SO Gurgaon,,,5,11,,1,,,,,,
,J6126,Apr-26,Bhainsrawali BO,Tigaon SO,,,2,3,,2,,50,,,,
,J7310,Apr-26,Bhandoli BO,Hassanpur SO,,,1,1,,1,,10,,,,
,C7988,Apr-26,Bhaskola BO,Faridabad Sector 16a  SO,,,,,,3,,7,,,,
,J7311,Apr-26,Bhiduki BO,Hassanpur SO,,,4,1,,1,,,,,,
,J6127,Apr-26,Bhuvapur BO,Tigaon SO,,,,51,,2,,,,,,
,N8585,Apr-26,Bichhor BO,Punhana SO,,,7,36,,,,,,,,
,N8586,Apr-26,Bisru BO,Punhana SO,,,2,,,,,,,,,
,E6143,Apr-26,Budarpur BO,Nagina SO Gurgaon,,,,16,,2,,,,,,
,J6128,Apr-26,Chandpur BO,Tigaon SO,,,3,15,,1,,,,,,
,D1120,Apr-26,Chant BO,Palwal SO,,,4,1,,2,,,,,,
,12100402,Apr-26,Chawla Colony Ballabgarh SO,,8,1,1,34,,17,,71,,8,24,
,J7315,Apr-26,Chhainsa BO,Hathin SO,,,,10,,,,,,,,
,D0248,Apr-26,Chhainsa BO,Ballabgarh SO,,,,17,,,,,,,,
,B4295,Apr-26,Chhajju Nagar BO,Palwal SO,,,2,1,,3,,,,,,
,A7480,Apr-26,Chharoda BO,Tauru SO,,,4,,,,,,,,,
,D1121,Apr-26,Chirwari BO,Palwal SO,,,1,,,1,,,,,,
,A5005,Apr-26,Dayalpur BO,Ballabgarh SO,,,3,1,,,,6,,,,
,A5007,Apr-26,Dhauj BO,Ballabgarh SO,,,1,2,,1,,,,,,
,N8435,Apr-26,Dighot BO,Aurangabad SO Faridabad,,,2,,,,,,,,,
,D2647,Apr-26,Dulawat BO,Tauru SO,,,3,20,,1,,,,,,
,12100701,Apr-26,Escortsnagar Faridabad SO,,17,2,4,30,,6,9,47,,1,15,
,12100101,Apr-26,Factory Area Faridabad SO,,19,,5,29,,19,2,148,,17,18,
,12100201,Apr-26,Faridabad City SO,,15,,4,49,,27,2,83,,16,30,
,12100100,Apr-26,Faridabad NIT HO,,81,2,37,30,1,44,12,121,,32,100,
,12100702,Apr-26,Faridabad Sector 12 SO,,,1,1,1,,3,,1,,,3,
,12100703,Apr-26,Faridabad Sector 15 SO,,6,,5,2,,12,7,24,,1,15,
,12100202,Apr-26,Faridabad Sector 16 SO,,2,,,11,,7,4,27,,2,14,
,12100203,Apr-26,Faridabad Sector 16a  SO,,17,4,7,30,,23,5,26,,5,16,
,12100204,Apr-26,Faridabad Sector 18 SO,,17,,3,56,,28,6,81,,8,17,
,12100501,Apr-26,Faridabad Sector 22 SO,,15,2,43,26,,28,3,47,,8,17,
,12100801,Apr-26,Faridabad Sector 29 SO,,9,1,1,26,,16,13,38,,,12,
,12100404,Apr-26,Faridabad Sector 3 SO,,14,,1,52,,14,9,68,,4,24,
,12100601,Apr-26,Faridabad Sector 7 SO,,10,2,4,12,,27,7,66,,9,37,
,12100602,Apr-26,Faridabad Sector 8 SO,,4,,5,16,,16,2,24,,,6,
,12100603,Apr-26,Faridabad Sector 9 SO,,22,2,1,18,,14,6,32,,4,31,
,J6129,Apr-26,Faridpur BO,Tigaon SO,,,,85,,,,,,,,
,C1917,Apr-26,Fatehpur Billoch BO,Ballabgarh SO,,,2,,,3,,5,,,,
,B3473,Apr-26,Fatehpur Tagga BO,Ballabgarh SO,,,3,,,1,,,,,,
,12100102,Apr-26,Feroz Gandhi Nagar Faridabad SO,,8,1,19,51,,17,,116,,7,19,
,12210401,Apr-26,Ferozepur Jhirka SO,,2,2,12,35,,32,,75,,,16,
,G3876,Apr-26,Gadpuri BO,Ballabgarh SO,,,4,,,1,,,,,,
,J7316,Apr-26,Gehlab BO,Hathin SO,,,3,2,,,,,,,,
,J7317,Apr-26,Gharrot BO,Hathin SO,,,3,3,,1,,,,,,
,B4296,Apr-26,Ghori BO,Palwal SO,,,7,,,2,,,,,,
,F5356,Apr-26,Gonchhi BO,Ballabgarh SO,,,4,2,,4,,14,,,,
,J7235,Apr-26,Gorota BO,Hodal SO,,,,11,,,,3,,,,
,AK844,Apr-26,Goyla BO,Tauru SO,,,,1,,,,,,,,
,12101401,Apr-26,Greater Faridabad PO,,4,1,10,6,,7,2,16,,2,4,
,12100604,Apr-26,GT Road Faridabad SO,,7,,2,7,,7,1,18,,,6,
,N8587,Apr-26,Gulalta BO,Punhana SO,,,,,,1,,,,,,
,J7312,Apr-26,Gulawad BO,Hassanpur SO,,,1,,,,,,,,,
,B3414,Apr-26,Gurukul Indraprashtha BO,Amarnagar SO Faridabad,,,2,10,,,,,,,,
,E0978,Apr-26,Hasanpur BO,Tauru SO,,,5,,,,,,,,,
,12110701,Apr-26,Hassanpur SO,,,,22,23,,13,,5,,1,,
,12110301,Apr-26,Hathin SO,,,,5,7,1,6,,1,,,,
,L6411,Apr-26,Hirwari BO,Ferozepur Jhirka SO,,,,,,15,,,,,,
,12110601,Apr-26,Hodal SO,,1,,17,40,,27,,51,,,3,
,J7318,Apr-26,Hurithal BO,Hathin SO,,,1,,,3,,,,,,
,12100103,Apr-26,Industrial Area Faridabad SO,,23,,2,41,,28,11,178,,17,30,
,D9394,Apr-26,Jaindapur BO,Palwal SO,,,1,,,,,,,,,
,N8588,Apr-26,Jamalgarh BO,Punhana SO,,,,4,,2,,,,,,
,E0979,Apr-26,Jaurasi BO,Tauru SO,,,,1,,2,,2,,,,
,12100502,Apr-26,Jawahar Colony Faridabad SO,,11,2,15,71,,33,4,140,,7,20,
,12110201,Apr-26,Jawahar Nagar Palwal SO,,,,9,18,,11,,120,,2,10,
,G3877,Apr-26,Jawan BO,Ballabgarh SO,,,2,,,2,,,,,,
,C4362,Apr-26,Jhamuwas BO,Tauru SO,,,,,,2,,,,,,
,A7481,Apr-26,Kalwari BO,Tauru SO,,,1,,,,,,,,,
,J7236,Apr-26,Khaika BO,Hodal SO,,,2,6,,12,,1,,,,
,J7237,Apr-26,Khambi BO,Hodal SO,,,3,,,1,,,,,,
,N8589,Apr-26,Khanpur Ghati BO,Punhana SO,,,2,7,,,,,,,,
,N8436,Apr-26,Khatela Sarai BO,Aurangabad SO Faridabad,,,1,,,,,,,,,
,E4794,Apr-26,Kheri Kalan BO,Faridabad Sector 16a  SO,,,3,,,1,,,,,,
,J7319,Apr-26,Kondal BO,Hathin SO,,,4,,,1,,,,,,
,J6130,Apr-26,Kurali BO,Tigaon SO,,,6,19,,1,,,,,,
,J6611,Apr-26,Kurthala BO,Nuh SO,,,3,,,,,1,,,,
,N8590,Apr-26,Lohinga Kalan BO,Punhana SO,,,2,2,,1,,,,,,
,J7321,Apr-26,Madnaka BO,Hathin SO,,,2,,,4,,,,,,
,J6612,Apr-26,Malab BO,Nuh SO,,,2,,,1,,,,,,
,J7322,Apr-26,Malai BO,Hathin SO,,,1,,,,,,,,,
,F4475,Apr-26,Mandikhera BO,Nagina SO Gurgaon,,,1,1,,2,,,,,,
,J7323,Apr-26,Mandkola BO,Hathin SO,,,2,,,2,,,,,,
,J6131,Apr-26,Manjhawali BO,Tigaon SO,,,1,,,1,,31,,,,
,N8437,Apr-26,Manpur BO,Aurangabad SO Faridabad,,,4,1,,3,,6,,,,
,J7239,Apr-26,Marraoli BO,Hodal SO,,,1,25,,,,,,,,
,12100302,Apr-26,Mathura Road Faridabad SO,,4,1,1,5,,6,1,10,,1,1,
,12210702,Apr-26,Mini Sectt NUH SO,,1,,,1,,,,,,,1,
,A7482,Apr-26,Mohamadpur Ahir BO,Tauru SO,,,1,,,1,,,,,,
,B3474,Apr-26,Mohna BO,Ballabgarh SO,,,6,2,,1,,,,,,
,F4476,Apr-26,Moolthan BO,Nagina SO Gurgaon,,,1,11,,,,,,,,
,12210801,Apr-26,Nagina SO Gurgaon,,,,4,10,,19,,3,,,,
,N8591,Apr-26,Naheda BO,Punhana SO,,,2,,,,,,,,,
,N8592,Apr-26,Nai BO,Punhana SO,,,2,,,7,,,,,,
,N8438,Apr-26,Nangal Jat BO,Aurangabad SO Faridabad,,,4,,,,,16,,,,
,E6965,Apr-26,Neemka BO,Ballabgarh SO,,,5,,,2,,,,,,
,12110202,Apr-26,New Township Palwal SO,,7,,4,17,,7,1,14,,1,2,
,12100105,Apr-26,Nh2 Faridabad SO,,17,,6,20,,23,6,80,,8,26,
,12100106,Apr-26,Nh3 Faridabad SO,,11,,4,24,,8,,86,,6,4,
,12100107,Apr-26,Nh4 Faridabad SO,,23,2,23,16,,30,11,24,,9,9,
,12101001,Apr-26,Nhpc Colony Faridabad SO,,4,2,3,14,,12,11,31,,3,24,
,12100104,Apr-26,NIFM Faridabad SO,,4,,4,2,,4,4,8,,,4,
,12210701,Apr-26,Nuh SO,,3,,10,12,,11,,6,,3,,
,F5357,Apr-26,Pali BO,Ballabgarh SO,,,2,,,,,,,,,
,12110203,Apr-26,Palwal SO,,22,7,57,98,,73,9,244,,11,30,
,G3878,Apr-26,Panhera Khurd BO,Ballabgarh SO,,,2,4,,,,11,,,,
,N8439,Apr-26,Pingore BO,Aurangabad SO Faridabad,,,,20,,,,,,,,
,F6183,Apr-26,Prithla BO,Palwal SO,,,1,,,,,,,,,
,12250801,Apr-26,Punhana SO,,,,7,8,,8,2,6,,,1,
,AV768,Apr-26,PYALA BO,Ballabgarh SO,,,,2,,,,,,,,
,B4297,Apr-26,Rasulpur BO,Palwal SO,,,4,3,,,,,,,,
,A7483,Apr-26,Rathiwas BO,Tauru SO,,,4,3,,1,,2,,,,
,L6412,Apr-26,Rawli BO,Ferozepur Jhirka SO,,,1,4,,,,,,,,
,N8594,Apr-26,Rethath BO,Punhana SO,,,3,,,,,,,,,
,J7324,Apr-26,Rupraka BO,Hathin SO,,,2,,,,,,,,,
,F5358,Apr-26,Sagarpur BO,Ballabgarh SO,,,,1,,,,,,,,
,F4477,Apr-26,Sakras BO,Nagina SO Gurgaon,,,1,10,,,,,,,,
,12101301,Apr-26,Sec91 SO,,,,16,4,,7,1,2,,1,,
,12101201,Apr-26,Sector21D  SO,,,,4,8,,7,2,13,,3,12,
,12101002,Apr-26,SECTOR46,,5,1,1,,,2,,3,,,1,
,12101501,Apr-26,Sector55 PO,,,2,2,2,,11,11,21,,,13,
,G3879,Apr-26,Seekri BO,Ballabgarh SO,,,2,,,,,1,,,,
,N8595,Apr-26,Shahchokha BO,Punhana SO,,,5,7,,,,,,,,
,12110204,Apr-26,SHRI VISHWAKARMA SKILL UNIVERSITY,,,,1,,,1,,,,,,
,C2804,Apr-26,Siaroli BO,Palwal SO,,,,2,,2,,4,,,,
,N8596,Apr-26,Sihri Singhalheri BO,Punhana SO,,,1,,,3,,,,,,
,N8597,Apr-26,Sikrawa BO,Punhana SO,,,4,,,,,,,,,
,N8598,Apr-26,Singar BO,Punhana SO,,,1,,,5,,,,,,
,J7240,Apr-26,Sondh BO,Hodal SO,,,7,2,,,,,,,,
,J6613,Apr-26,Sudaka BO,Nuh SO,,,1,4,,,,,,,,
,C4363,Apr-26,Sundh BO,Tauru SO,,,1,1,,2,,,,,,
,12100901,Apr-26,Surajkund Faridabad SO,,4,,4,5,,8,1,7,,,4,
,J6614,Apr-26,Tain BO,Nuh SO,,,,,,2,,,,,,
,J6615,Apr-26,Tapkan BO,Nuh SO,,,2,,,,,,,,,
,J7314,Apr-26,Tappa Bilochpur BO,Hassanpur SO,,,2,,,1,,,,,,
,12210501,Apr-26,Tauru SO,,3,,12,23,,23,8,26,,1,7,
,F6184,Apr-26,Teekri Brahman BO,Palwal SO,,,5,7,,2,,,,,,
,12110101,Apr-26,Tigaon SO,,5,1,13,8,,11,,12,,2,,
,A4938,Apr-26,Tilpat BO,Amarnagar SO Faridabad,,,3,3,,2,,,,,,
,B2582,Apr-26,Umra BO,Nagina SO Gurgaon,,,,10,,,,,,,,
,J7325,Apr-26,Uttawar BO,Hathin SO,,,11,,,,,,,,,
,J3519,Apr-26,Ahrod BO,Kund SO,,,,1,,4,,7,,,,
,12200501,Apr-26,Air Force SO,,8,1,1,4,,1,,,,1,,
,C5194,Apr-26,Akera BO,Dharuhera SO,,,1,11,,1,,1,,,,
,12200101,Apr-26,Arjun Nagar SO,,9,4,6,61,,15,6,38,,3,18,
,B6198,Apr-26,Asalwas BO,Bawal SO,,,,3,,,,,,,,
,I5322,Apr-26,Asiaki Gorawas BO,Palhawas SO,,,2,1,,,,,,,,
,E1211,Apr-26,Badhrana BO,Dharan SO,,,1,3,,3,,4,,,,
,12210101,Apr-26,Badshahpur SO,,2,,11,40,,14,5,38,,6,8,
,E9700,Apr-26,Baghthala BO,Bawal SO,,,1,,,,,,,,,
,L7187,Apr-26,Baldhan Kalan BO,Dahina SO,,,,6,,1,,,,,,
,F6986,Apr-26,Balwari BO,Khol SO,,,,4,,1,,,,,,
,E9701,Apr-26,Banipur BO,Bawal SO,,,,8,,2,,,,,,
,L9320,Apr-26,Basai BO,Railwary Road SO,,,5,3,,3,,1,,,,
,12200102,Apr-26,Basai Road SO,,5,,1,2,,4,4,70,,2,5,
,J3520,Apr-26,Basduda BO,Kund SO,,,1,2,,4,,14,,,,
,L8300,Apr-26,Baslambi BO,Pataudi SO,,,,1,,2,,,,,,
,L8301,Apr-26,Baspadamka BO,Pataudi SO,,,,,,2,,3,,,,
,12350101,Apr-26,Bawal SO,,2,,17,67,,29,5,28,,1,8,
,J8958,Apr-26,Bawwa BO,Nahar SO,,,2,,,1,,6,,,,
,L8164,Apr-26,Bhangrola BO,Garhi Harsaru SO,,,2,2,,1,,,,,,
,F4823,Apr-26,Bharawas BO,Rewari SO,,,2,,,3,,2,,,,
,F8635,Apr-26,Bhatsana BO,Dharuhera SO,,,,6,,,,,,,,
,L7549,Apr-26,Bhirauti BO,Sohna SO,,,,2,,,,,,,,
,12210201,Apr-26,Bhondsi SO,,3,1,11,7,,10,2,7,,,4,
,12241301,Apr-26,Bhorakalan SO,,3,2,14,13,,10,2,39,,6,1,
,E1756,Apr-26,Bhotwas Ahir BO,Khori SO,,,1,,,,,1,,,,
,E6427,Apr-26,Bikaner BO,Rewari SO,,,10,,,6,,4,,,,
,E9278,Apr-26,Bilaspur Khurd BO,Bhorakalan SO,,,,,,,,4,,,,
,J8959,Apr-26,Bisowa BO,Nahar SO,,,,1,,2,,11,,,,
,C9668,Apr-26,Bithwana BO,Rewari SO,,,,1,,5,,1,,,,
,B2905,Apr-26,Boria Kamalpur BO,Rewari SO,,,,2,,1,,,,,,
,L8165,Apr-26,Budhera BO,Garhi Harsaru SO,,,3,9,,2,,12,,,,
,E6428,Apr-26,Budhpur BO,Rewari SO,,,9,3,,2,,2,,,,
,L7188,Apr-26,Buroli BO,Dahina SO,,,1,,,2,,,,,,
,L7550,Apr-26,Chapera BO,Sohna SO,,,3,10,,2,,,,,,
,O0173,Apr-26,Cheelarh BO,Khalilpur SO,,,1,,,1,,5,,,,
,J3521,Apr-26,Chita Dungra BO,Kund SO,,,1,2,,2,,1,,,,
,12209801,Apr-26,CRPF Kadarpur SO,,,,1,1,,1,1,,,,,
,12201802,Apr-26,D Block South City II Gurgaon,,13,1,1,12,,18,16,23,,4,29,
,12341101,Apr-26,Dahina SO,,12,1,8,104,,22,7,73,,2,11,
,L7189,Apr-26,Dakhora BO,Nehrugarh SO,,,1,1,,,,,,,,
,G8381,Apr-26,Damdama BO,Bhondsi SO,,,,14,,,,,,,,
,L7190,Apr-26,Daroli BO,Dahina SO,,,1,2,,1,,,,,,
,L7551,Apr-26,Daulah BO,Sohna SO,,,1,,,3,,,,,,
,L9321,Apr-26,Daultabad BO,Railwary Road SO,,,1,4,,1,,21,,,,
,D8063,Apr-26,Dehlawas Gulabpur BO,Rewari SO,,,2,,,1,,3,,,,
,F7665,Apr-26,Dhani Chitarsain BO,Bhorakalan SO,,,,18,,,,,,,,
,L8166,Apr-26,Dhankot BO,Garhi Harsaru SO,,,2,,,,,1,,,,
,12341201,Apr-26,Dharan SO,,2,,3,9,,16,,4,,3,2,
,12310601,Apr-26,Dharuhera SO,,10,1,7,35,,27,3,27,,4,7,
,C3665,Apr-26,Dhawana BO,Khol SO,,,1,,,2,,9,,,,
,12200801,Apr-26,DLF PhII SO,,2,1,1,12,,8,3,3,,1,11,
,12200201,Apr-26,DLF QE SO,,12,,7,21,,17,16,37,,7,15,
,D3548,Apr-26,Dungerwas BO,Dharuhera SO,,,1,,,4,,25,,,,
,12250601,Apr-26,Farrukh Nagar SO,,3,,12,9,,11,,49,,1,6,
,F0220,Apr-26,Fazilpur BO,Badshahpur SO,,,1,,,2,,,,,,
,12200901,Apr-26,Galleria DLFIV SO,,25,1,4,30,,23,13,88,,4,51,
,12200112,Apr-26,GARAULI KHURD,,,1,6,36,,3,1,1,,,,
,G3288,Apr-26,Garhi Bolni BO,Rewari SO,,,2,,,,,,,,,
,12250501,Apr-26,Garhi Harsaru SO,Garhi Harsaru SO,4,2,18,30,,6,1,1,,2,2,
,AK416,Apr-26,Garhi Wajidpur BO,Sohna SO,,,1,,,,,,,,,
,G8382,Apr-26,Ghamroj BO,Bhondsi SO,,,,,,,,2,,,,
,L7552,Apr-26,Ghasera BO,Sohna SO,,,,7,,,,,,,,
,L7553,Apr-26,Ghungola BO,Sohna SO,,,,1,,,,,,,,
,12340101,Apr-26,Gokal Bazar Rewari SO,,12,1,7,92,,14,13,308,,9,58,
,E6429,Apr-26,Gokalgarh BO,Rewari SO,,,2,,,1,,1,,,,
,J3522,Apr-26,Gothra BO,Kund SO,,,1,2,,3,,2,,,,
,L7191,Apr-26,Gothra BO,Dahina SO,,,,,,3,,,,,,
,AK418,Apr-26,Gudhana BO,Haillymandi SO,,,2,,,3,,1,,,,
,J9906,Apr-26,Gugodh BO,Kosli SO,,,1,,,1,,,,,,
,B6199,Apr-26,Gujar Majra BO,Bawal SO,,,1,10,,2,,,,,,
,I5323,Apr-26,Guraora BO,Palhawas SO,,,5,2,,,,6,,,,
,12200100,Apr-26,Gurgaon HO,,41,6,51,112,,69,23,158,,16,87,
,12200103,Apr-26,Gurgaon Kty SO,,,,1,4,,4,4,46,,,3,
,12200104,Apr-26,Gurgaon Sector 17 SO,,8,4,2,11,,17,1,12,,,6,
,12200301,Apr-26,Gurgaon Sector 45 SO,,8,1,4,12,,11,3,6,,1,13,
,12201101,Apr-26,Gurgaon Sector 56 SO,,13,1,2,9,,13,10,46,,8,52,
,12200105,Apr-26,Gurgaon South City I SO,,10,5,1,,,5,2,3,,2,2,
,12201801,Apr-26,Gurgaon South City II SO,,7,,,,,2,5,8,,1,12,
,12330101,Apr-26,Guriani SO,,7,,4,53,,24,1,53,,1,8,
,F6888,Apr-26,Gwal Pahari BO,Gurgaon Sector 45 SO,,,,9,,,,,,,,
,12250401,Apr-26,Haillymandi SO,,4,,11,16,,12,1,95,,2,6,
,12205201,Apr-26,IMT Manesar SO,,5,2,10,17,,23,7,11,,1,,
,J6601,Apr-26,Inchhapuri BO,Nanukalan SO,,,2,,,,,,,,,
,L7554,Apr-26,Indir Mewat BO,Sohna SO,,,4,6,,1,,,,,,
,12311001,Apr-26,Industrial Area Dharuhera SO,,,1,6,4,,8,,4,,,1,
,12201601,Apr-26,Industrial Complex Dundahera SO,,1,3,9,7,,15,4,10,,8,7,
,12200701,Apr-26,Industrial Estate SO Gurgaon,,6,,6,11,,8,6,17,,2,10,
,B6200,Apr-26,Jaisinghpur Khera BO,Bawal SO,,,,,,,,9,,,,
,O0175,Apr-26,Jaitpur BO,Khalilpur SO,,,,,,,,1,,,,
,J8920,Apr-26,Jakhala BO,Guriani SO,,,1,1,,1,,,,,,
,L8302,Apr-26,Jamalpur BO,Pataudi SO,,,1,3,,,,,,,,
,O0176,Apr-26,Jant BO,Khalilpur SO,,,,,,2,,2,,,,
,O0174,Apr-26,Jasat BO,Khalilpur SO,,,1,,,2,,,,,,
,L6305,Apr-26,Jataula BO,Haillymandi SO,,,,,,4,,1,,,,
,L6306,Apr-26,Jatauli BO,Haillymandi SO,,,4,3,,3,,11,,,,
,F4824,Apr-26,Jatusa RS BO,Rewari SO,,,2,3,,3,,,,,,
,E1309,Apr-26,Jhabuwa BO,Bawal SO,,,,5,,,,,,,,
,J9907,Apr-26,Jhal BO,Nehrugarh SO,,,,,,1,,,,,,
,AV707,Apr-26,Jhanjrola Khera,,,,3,,,,,,,,,
,J8960,Apr-26,Jharoda BO,NEHRUGARH SO,,,,1,,3,,8,,,,
,J8961,Apr-26,Jholri BO,Nahar SO,,,1,,,1,,,,,,
,J9908,Apr-26,Juddi BO,Kosli SO,,,,1,,1,,,,,,
,G7183,Apr-26,Kadarpur BO,Badshahpur SO,,,1,11,,1,,,,,,
,12340102,Apr-26,Kankarwali Rewari SO,,18,2,3,78,,25,2,40,,3,6,
,I5324,Apr-26,Kannaura BO,Palhawas SO,,,3,,,2,,,,,,
,L7192,Apr-26,Kanwali BO,Dahina SO,,,,,,1,,27,,,,
,I5325,Apr-26,Karawara BO,Palhawas SO,,,,,,6,,4,,,,
,A4457,Apr-26,Karnawas BO,Rewari SO,,,1,1,,4,,2,,,,
,L6307,Apr-26,Karola BO,Haillymandi SO,,,1,1,,,,4,,,,
,J8962,Apr-26,Karoli BO,Nahar SO,,,1,,,13,,52,,,,
,J6596,Apr-26,Kasan BO,Nsg Camp Manesar SO,,,3,,,3,,3,,,,
,C3666,Apr-26,Khaleta BO,Khol SO,,,,,,,,4,,,,
,12250201,Apr-26,Khalilpur SO,,4,1,3,17,,8,,41,,,,
,L6308,Apr-26,Khandewia BO,Haillymandi SO,,,,,,,,1,,,,
,C9669,Apr-26,Khandora BO,Rewari SO,,,,1,,,,1,,,,
,12200106,Apr-26,Khandsa Road SO,,6,,3,5,,5,1,9,,1,,
,A8325,Apr-26,Kharkhara BO,Dharuhera SO,,,,2,,1,,1,,,,
,J6602,Apr-26,Khatauli BO,Nanukalan SO,,,1,,,4,,2,,,,
,L9306,Apr-26,Khera Khurampur BO,Farrukh Nagar SO,,,1,,,,,5,,,,
,G8383,Apr-26,Kherla BO,Bhondsi SO,,,4,3,,1,,2,,,,
,L7555,Apr-26,KherliLala BO,Sohna SO,,,,1,,2,,,,,,
,12310301,Apr-26,Khol SO,,4,,0,26,,7,,7,,,1,
,J6603,Apr-26,Khor BO,Nanukalan SO,,,2,3,,4,,2,,,,
,12310101,Apr-26,Khori SO,,5,,6,18,,10,2,17,,1,1,
,L7556,Apr-26,Kiranj BO,Sohna SO,,,1,1,,,,,,,,
,J8963,Apr-26,Kohrar BO,Nahar SO,,,,1,,1,,2,,,,
,J3523,Apr-26,Kolana BO,Kund SO,,,,2,,1,,,,,,
,12330201,Apr-26,Kosli SO,,13,,5,32,,19,4,77,,5,4,
,12310201,Apr-26,Kund SO,,6,1,5,36,,16,1,56,,,11,
,H8526,Apr-26,Lakhnaula BO,Narsinghpur SO,,,2,3,,2,,1,,,,
,J8964,Apr-26,Lilodh BO,Nahar SO,,,,,,1,,,,,,
,L7193,Apr-26,Lisan BO,Dahina SO,,,1,,,1,,,,,,
,L7194,Apr-26,Lohana BO,Dahina SO,,,2,3,,2,,18,,,,
,J6604,Apr-26,Lokra BO,Nanukalan SO,,,3,3,,3,,2,,,,
,J8965,Apr-26,Lookhi BO,NEHRUGARH SO,,,2,4,,5,,16,,,,
,J9911,Apr-26,Lula Ahir BO,Nehrugarh SO,,,,,,,,1,,,,
,F0221,Apr-26,Maheshwari BO,Dharuhera SO,,,,5,,,,,,,,
,B2906,Apr-26,Majra Gurdas BO,Rewari SO,,,3,1,,,,,,,,
,C9670,Apr-26,Majra Sheoraj BO,Rewari SO,,,,,,,,,,1,,
,G7109,Apr-26,Mamaria Ahir BO,Khori SO,,,,2,,,,,,,,
,D1909,Apr-26,Mandola BO,Khol SO,,,,,,1,,8,,,,
,L8167,Apr-26,Mankdola BO,Garhi Harsaru SO,,,,6,,5,,3,,,,
,G8384,Apr-26,Maruthi Kunj BO,Bhondsi SO,,,3,2,,2,,3,,,,
,C5195,Apr-26,Masani BO,Dharuhera SO,,,3,3,,2,,,,,,
,E6430,Apr-26,Mastapur BO,Rewari SO,,,,,,,,1,,,,
,A6708,Apr-26,Mayan BO,Khol SO,,,,,,1,,6,,,,
,L6309,Apr-26,Mehchana BO,Haillymandi SO,,,1,,,,,4,,,,
,12200107,Apr-26,Mini Sectt SO,,,,3,5,,9,6,5,,,,
,O0178,Apr-26,Mirpur BO,Khalilpur SO,,,,2,,2,,12,,,,
,12340103,Apr-26,Model Town  Rewari SO,,17,1,3,78,,18,11,69,,2,10,
,C9671,Apr-26,Mohanpur BO,Rewari SO,,,1,,,2,,1,,,,
,A4458,Apr-26,Mohdinpur BO,Rewari SO,,,,,,3,,2,,,,
,G6240,Apr-26,Moklawas BO,Bhorakalan SO,,,1,,,2,,5,,,,
,L7195,Apr-26,Motla Kalan BO,Dahina SO,,,,,,3,,1,,,,
,L7196,Apr-26,Mundi BO,Dahina SO,,,1,4,,3,,1,,,,
,AV739,Apr-26,Nahar Pur Rupa,,,,,7,,1,,,,,,
,12330301,Apr-26,Nahar SO,,5,1,3,43,,21,2,89,,,6,
,D2962,Apr-26,Naichana BO,Bawal SO,,,,1,,1,,,,,,
,J9912,Apr-26,Nangal Pathani BO,Kosli SO,,,2,,,,,,,,,
,E9702,Apr-26,Nangal Shahbazpur BO,Bawal SO,,,1,,,4,,,,,,
,F8082,Apr-26,Nangal Teju BO,Bawal SO,,,1,7,,1,,,,,,
,E6431,Apr-26,Nangli Godha BO,Rewari SO,,,,1,,,,1,,,,
,12241401,Apr-26,Nanukalan SO,,,,2,3,,5,,10,,,4,
,L8304,Apr-26,Narhera BO,Pataudi SO,,,4,,,1,,2,,,,
,12200401,Apr-26,Narsinghpur SO,,,2,0,46,,5,,3,,,,
,J8966,Apr-26,Nayagaon BO,Nahar SO,,,1,2,,1,,,,,,
,12330401,Apr-26,Nehrugarh SO,,,2,4,2,,10,,9,,1,,
,12340104,Apr-26,New Anaz Mandi Rewari SO,,12,2,3,42,,22,,39,,,10,
,12200108,Apr-26,New Colony SO Gurgaon,,38,1,6,27,,15,7,46,,4,10,
,L6310,Apr-26,Noorgarh BO,Haillymandi SO,,,1,1,,,,,,,,
,12205101,Apr-26,Nsg Camp Manesar SO,,1,,5,,,5,,3,,1,,
,E9279,Apr-26,Pachgaon BO,Bhorakalan SO,,,,,,1,,3,,,,
,O0179,Apr-26,Pahari BO,Khalilpur SO,,,,,,,,5,,,,
,12201501,Apr-26,Palam Road SO,,12,1,9,8,,14,2,42,,3,10,
,12201701,Apr-26,Palam Vihar SO Gurgaon,,26,1,7,28,,47,27,40,,5,33,
,12303501,Apr-26,Palhawas SO,,4,,15,36,,12,1,69,,,10,
,J3525,Apr-26,Pali BO,Kund SO,,,2,1,,1,,1,,,,
,F8634,Apr-26,Paltra BO,Badshahpur SO,,,1,5,,,,5,,,,
,12250301,Apr-26,Pataudi SO,,2,,8,21,,20,2,63,,3,5,
,B5765,Apr-26,Pathreri BO,Bhorakalan SO,,,6,1,,,,7,,,,
,L9307,Apr-26,Patil RS BO,Farrukh Nagar SO,,,4,,,8,,12,,,,
,F8557,Apr-26,Pithrawas BO,Khori SO,,,,1,,2,,4,,,,
,C4669,Apr-26,Pranpura BO,Bawal SO,,,2,,,,,1,,,,
,F0142,Apr-26,Punsika BO,Khori SO,,,,2,,,,,,,,
,12200601,Apr-26,Railwary Road SO,,9,3,10,23,,13,3,9,,1,3,
,G8385,Apr-26,Raisina BO,Bhondsi SO,,,1,5,,,,,,,,
,E9623,Apr-26,Rajgarh BO,Dharan SO,,,3,17,,2,,5,,,,
,C5196,Apr-26,Raliawas BO,Dharuhera SO,,,1,,,5,,1,,,,
,O0180,Apr-26,Ramgarh BO,Khalilpur SO,,,,1,,5,,5,,,,
,L7198,Apr-26,Rampuri BO,Dahina SO,,,,1,,2,,,,,,
,J8921,Apr-26,Rattanthal BO,Guriani SO,,,,,,,,9,,,,
,12340105,Apr-26,Rewari SO,,40,2,33,200,,76,15,206,,9,34,
,L7557,Apr-26,Rewasan BO,Sohna SO,,,10,8,,9,,2,,,,
,G8386,Apr-26,Rithoj BO,Bhondsi SO,,,1,10,,,,,,,,
,D8064,Apr-26,Rohrai BO,Rewari SO,,,6,,,,,,,,,
,L7558,Apr-26,Rojka Meo BO,Sohna SO,,,2,5,,,,,,,,
,J9913,Apr-26,Sadat Nagar BO,Nehrugarh SO,,,,1,,,,,,,,
,A4459,Apr-26,Saharanwas BO,Rewari SO,,,1,2,,3,,4,,,,
,F4825,Apr-26,Sangwari BO,Rewari SO,,,2,9,,3,,3,,,,
,L9308,Apr-26,Sewari BO,Farrukh Nagar SO,,,2,,,2,,10,,,,
,O0181,Apr-26,Sherpur BO,Khalilpur SO,,,,,,1,,2,,,,
,12200109,Apr-26,Shivaji Nagar SO Gurgaon,,8,,1,21,,10,2,5,,3,7,
,J9914,Apr-26,Shyam Nagar BO,Kosli SO,,,,,,4,,2,,,,
,E9280,Apr-26,Sidhrawali BO,Bhorakalan SO,,,4,8,,1,,,,,,
,H8527,Apr-26,Sikanderpur BO,Narsinghpur SO,,,,2,,2,,1,,,,
,H8528,Apr-26,Sikohpur BO,Narsinghpur SO,,,,2,,,,,,,,
,12210301,Apr-26,Sohna SO,,14,,6,65,,29,3,106,,13,26,
,L9309,Apr-26,Sultanpur BO,Farrukh Nagar SO,,,3,,,2,,3,,,,
,J9915,Apr-26,Surehli BO,Nehrugarh SO,,,,4,,,,,,,,
,F8083,Apr-26,Suthana BO,Bawal SO,,,1,5,,,,,,,,
,J6605,Apr-26,Syed Shahpur BO,Nanukalan SO,,,,,,,,1,,,,
,AM121,Apr-26,TAJ NAGAR BO,Farrukh Nagar SO,,,3,,,2,,,,,,
,F7989,Apr-26,Tankri BO,Dharan SO,,,1,4,,1,,5,,,,
,O0182,Apr-26,Tatarpur BO,Khalilpur SO,,,1,,,4,,7,,,,
,G7184,Apr-26,Teekli BO,Badshahpur SO,,,4,2,,1,,28,,,,
,12340106,Apr-26,Tehsil Road Rewari SO,,14,3,3,77,,23,16,164,,14,27,
,D3473,Apr-26,Tint BO,Khori SO,,,1,,,,,,,,,
,J9916,Apr-26,Tumna BO,Kosli SO,,,2,,,2,,,,,,
,O0183,Apr-26,Turkiawas BO,Khalilpur SO,,,1,4,,7,,15,,,,
,L8305,Apr-26,Unchamajra BO,Pataudi SO,,,4,2,,2,,1,,,,
,12200111,Apr-26,Urban Estate Gurgaon SO,,56,7,13,34,,28,27,60,,1,64,
,12201201,Apr-26,Vatika India Sec 82 SO,,8,1,2,11,,12,20,10,,3,12,
,AO523,Apr-26,Ward No. 14 B.O,Railwary Road SO,,,,,,1,,,,,,
,L8168,Apr-26,Wazipur BO,Garhi Harsaru SO,,,1,2,,2,,,,,,
,L7200,Apr-26,Zainabad BO,Dahina SO,,,1,,,1,,,,,,
,12504701,Apr-26,Agroha SO,,1,,8,11,0,3,,9,,,3,
,A3414,Apr-26,Ahlisadar BO,Fatehabad SO Fatehabad,,,1,2,,5,,22,,,,
,F9956,Apr-26,Ahmedpur BO,Sirsa HO,,,4,1,,3,,,,,,
,H9305,Apr-26,Akanwali BO,Dharsul Kalan SO,,,2,2,,5,,3,,,,
,E9885,Apr-26,Alika BO,Baragudha SO,,,2,,,,,9,,,,
,AK415,Apr-26,Amani BO,Tohana Mandi SO,,,2,,,,,,,,,
,A2293,Apr-26,Amritsar Kalan BO,Ellenabad SO,,,1,2,,2,,,,,,
,12503301,Apr-26,Anaj Mandi Hansi SO,,15,2,8,4,,28,6,77,,,7,
,D3182,Apr-26,Anandgarh BO,Baragudha SO,,,3,,,3,,,,,,
,A9646,Apr-26,Arniawali BO,Sirsa HO,,,1,,,,,,,,,
,L3897,Apr-26,Arya Nagar BO,Ha U Hisar SO,,,,1,,2,,,,,,
,J7262,Apr-26,Asa Khera BO,Chautala SO,,,2,,,1,,,,,,
,L4403,Apr-26,Asrawan BO,Mandi Adampur SO,,,2,1,,2,,,,,,
,J6565,Apr-26,Ayalki BO,Rattia SO,,,6,1,,,,4,,,,
,12500701,Apr-26,Azad Nagar Hisar SO,,,1,4,5,,14,6,17,,1,3,
,F7582,Apr-26,Badala BO,Bass SO,,,2,,,,,4,,,,
,J6566,Apr-26,Badalgarh BO,Rattia SO,,,1,1,,3,,5,,,,
,G6164,Apr-26,Badchhpar BO,Bass SO,,,,,,1,,3,,,,
,12504801,Apr-26,Badopal SO,,40,3,4,4,,6,,54,,,1,
,G2202,Apr-26,Badya Brahamana BO,Modle Town Hisar SO,,,,1,,,,,,,,
,L4404,Apr-26,Bagla BO,Mandi Adampur SO,,,,2,,,,,,,,
,12505401,Apr-26,Bahaudin SO,,,,3,7,,10,,,,2,,
,J6184,Apr-26,Bahiya BO,Siri Jiwan Nagar SO,,,3,,,,,,,,,
,J7789,Apr-26,Baidwala BO,Sikander Pur SO,,,1,,,1,,6,,,,
,A5357,Apr-26,Baijalpur BO,Bhuna SO,,,5,,,1,,1,,,,
,J7790,Apr-26,Bajekan BO,Sikander Pur SO,,,2,1,,5,,,,,,
,L3926,Apr-26,Balak BO,Pabra SO,,,1,,,1,,,,,,
,J6185,Apr-26,Balasar BO,Siri Jiwan Nagar SO,,,1,,,2,,,,,,
,J6568,Apr-26,Baliala BO,Rattia SO,,,1,,,2,,,,,,
,L3898,Apr-26,Balsmand BO,Ha U Hisar SO,,,5,1,,1,,,,,,
,J7264,Apr-26,Ban Mandori BO,Bhattu Kalan SO,,,1,,,1,,,,,,
,C0337,Apr-26,Banawali BO,Fatehabad SO Fatehabad,,,1,1,,4,,,,,,
,A8326,Apr-26,Banbhori BO,Barwala SO Hisar,,,2,,,7,,,,,,
,F3716,Apr-26,Bangaon BO,Fatehabad SO Fatehabad,,,,3,,,,,,,,
,J6186,Apr-26,Banni BO,Siri Jiwan Nagar SO,,,1,10,,,,,,,,
,J8294,Apr-26,Banwala BO,Goriwala SO,,,,2,,1,,,,,,
,F8284,Apr-26,Bapp BO,Baragudha SO,,,2,2,,2,,,,,,
,12507801,Apr-26,Baragudha SO,,1,1,1,16,,5,,13,,,,
,J7011,Apr-26,Baruwalii BO,Bahaudin SO,,,2,1,,2,,,,,,
,12512101,Apr-26,BARWALA MANDI SO,,15,4,3,17,,10,,31,,,1,
,12503302,Apr-26,Barwala Road Hansi SO,,1,,5,9,,14,2,47,,2,,
,12512102,Apr-26,Barwala SO Hisar,,1,,16,49,,26,5,212,,1,23,
,12504201,Apr-26,Bass SO,,,,5,6,,14,,8,,,1,
,12505501,Apr-26,Begu Road Sirsa SO,,5,,4,97,,17,2,50,,5,8,
,B1923,Apr-26,Behbalpur BO,Modle Town Hisar SO,,,2,5,,3,,,,,,
,D5967,Apr-26,Berwala Khurd BO,Ellenabad SO,,,3,,,,,,,,,
,E1496,Apr-26,Bhadra BO,Baragudha SO,,,,,,2,,,,,,
,J6617,Apr-26,Bhaini Amirpur BO,Narnaund SO,,,1,,,3,,3,,,,
,C5197,Apr-26,Bhaini Badshahpur BO,Barwala SO Hisar,,,3,1,,,,3,,,,
,J2175,Apr-26,Bhaklana BO,Khanda Kheri SO,,,,,,,,2,,,,
,B8059,Apr-26,Bhamboor BO,Sirsa HO,,,3,1,,3,,,,,,
,J7791,Apr-26,Bharokhan BO,Sikander Pur SO,,,3,,,,,2,,,,
,J6187,Apr-26,Bharolianwali BO,Siri Jiwan Nagar SO,,,,,,2,,10,,,,
,A7271,Apr-26,Bhatol Jattan BO,Bass SO,,,1,1,,1,,7,,,,
,12505301,Apr-26,Bhattu Kalan SO,,,,9,22,,11,1,22,,,8,
,G6837,Apr-26,Bhiwan BO,Baragudha SO,,,1,1,,,,2,,,,
,E0837,Apr-26,Bhoda BO,Agroha SO,,,2,,,4,,3,,,,
,G2175,Apr-26,Bhodia Bishnoian BO,Fatehabad SO Fatehabad,,,2,,,,,,,,,
,B1910,Apr-26,Bhodia Khera BO,Fatehabad SO Fatehabad,,,,6,,,,,,,,
,12511101,Apr-26,Bhuna SO,,3,1,8,16,,15,2,31,,1,6,
,C6445,Apr-26,Bhuratwala BO,Sirsa HO,,,4,,,1,,,,,,
,C0338,Apr-26,Bhuthan Kalan BO,Fatehabad SO Fatehabad,,,6,3,,1,,,,,,
,E1835,Apr-26,Biana Khera BO,Barwala SO Hisar,,,3,,,1,,,,,,
,F3717,Apr-26,Bighar BO,Fatehabad SO Fatehabad,,,2,,,,,,,,,
,J8295,Apr-26,Bijuwali BO,Goriwala SO,,,5,,,,,,,,,
,F0119,Apr-26,Bobua BO,Uklana Mandi SO,,,2,1,,3,,1,,,,
,J6570,Apr-26,Bora BO,Rattia SO,,,2,2,,1,,4,,,,
,F8536,Apr-26,Bosti BO,Uklana Mandi SO,,,,1,,2,,1,,,,
,12501101,Apr-26,BSF Hisar SO,,,1,0,0,,5,,1,,,,
,J6618,Apr-26,Budana BO,Narnaund SO,,,1,,,,,,,,,
,C5198,Apr-26,Bugana BO,Barwala SO Hisar,,,1,,,2,,7,,,,
,L3900,Apr-26,Burak BO,Ha U Hisar SO,,,,,,2,,,,,,
,J6533,Apr-26,Burj Bhangu BO,Odhan SO,,,3,,,,,,,,,
,D3455,Apr-26,Buwan BO,Uklana Mandi SO,,,,,,3,,,,,,
,J3470,Apr-26,Chadiwal BO,Chopta Nathu Sari SO,,,1,,,,,3,,,,
,J3471,Apr-26,Chaharwala BO,Chopta Nathu Sari SO,,,3,,,,,,,,,
,G2170,Apr-26,Chainat BO,Hansi SO,,,,1,,4,,,,,,
,A9647,Apr-26,Chakarian BO,Sirsa HO,,,1,,,1,,1,,,,
,J8296,Apr-26,Chakkan BO,Goriwala SO,,,3,14,,1,,,,,,
,A7530,Apr-26,Chakpanihar BO,Azad Nagar Hisar SO,,,,2,,1,,,,,,
,A9648,Apr-26,Chamal BO,Sirsa HO,,,1,,,2,,,,,,
,B6639,Apr-26,Chamar Khera BO,Uklana Mandi SO,,,,10,,,,,,,,
,J6571,Apr-26,Chandoh Kalan BO,Rattia SO,,,2,3,,2,,,,,,
,D0586,Apr-26,Chandrawal BO,Bhuna SO,,,1,,,,,,,,,
,L6264,Apr-26,Chatha BO,Mandi Dabwali SO,,,,5,,,,,,,,
,G4242,Apr-26,Chaubara BO,Bhuna SO,,,4,2,,,,3,,,,
,E9444,Apr-26,Chaudhariwas BO,Azad Nagar Hisar SO,,,4,,,,,8,,,,
,12510101,Apr-26,Chautala SO,,,3,11,21,,9,,7,,,,
,G6225,Apr-26,Chikanwas BO,Agroha SO,,,,2,,2,,22,,,,
,J6572,Apr-26,Chimmon BO,Rattia SO,,,3,,,,,27,,,,
,G6167,Apr-26,Chinder BO,Badopal SO,,,,10,,1,,,,,,
,12511001,Apr-26,Chopta Nathu Sari SO,,,1,7,5,,9,,7,,,,
,J6534,Apr-26,Chormar BO,Odhan SO,,,,,,,,7,,,,
,L4405,Apr-26,Chuli Bagrian BO,Mandi Adampur SO,,,,3,,3,,3,,,,
,L4406,Apr-26,Chuli Khurd BO,Mandi Adampur SO,,,1,1,,4,,1,,,,
,E5444,Apr-26,Dabra BO,Modle Town Hisar SO,,,,1,,,,3,,,,
,12510401,Apr-26,Dabwali Town SO,,,,,12,,4,,,,,,
,L6265,Apr-26,Dabwali Village BO,Mandi Dabwali SO,,,,,,1,,,,,,
,H8906,Apr-26,Dahima BO,Hisar Cantt SO,,,2,3,,5,,,,,,
,L3927,Apr-26,Dahman BO,Pabra SO,,,2,2,,,,,,,,
,J7265,Apr-26,Daiyar BO,Bhattu Kalan SO,,,,,,1,,,,,,
,J6188,Apr-26,Damdama BO,Siri Jiwan Nagar SO,,,,7,,,,,,,,
,J3472,Apr-26,Darba Kalan BO,Chopta Nathu Sari SO,,,1,,,,,,,,,
,J7792,Apr-26,Darbi BO,Sikander Pur SO,,,2,,,,,,,,,
,C8619,Apr-26,Dariyapur BO,Fatehabad SO Fatehabad,,,2,,,3,,,,,,
,L4407,Apr-26,Daroli BO,Mandi Adampur SO,,,1,2,,2,,,,,,
,H3016,Apr-26,Datta BO,Sisai SO Hisar,,,3,5,,3,,22,,,,
,F0222,Apr-26,Daultpur BO,Barwala SO Hisar,,,5,,,,,2,,,,
,G2203,Apr-26,Daya BO,Modle Town Hisar SO,,,2,,,,,19,,,,
,H9306,Apr-26,Degoh BO,Dharsul Kalan SO,,,1,,,1,,,,,,
,L5328,Apr-26,Desu Mulkana BO,Kalanwali SO,,,1,1,,4,,9,,,,
,J7266,Apr-26,Dhabi Kalan BO,Bhattu Kalan SO,,,,3,,3,,5,,,,
,G7185,Apr-26,Dhadh BO,Barwala SO Hisar,,,1,1,,3,,,,,,
,F3714,Apr-26,Dhana Kalan BO,Hansi SO,,,,1,,3,,,,,,
,B1906,Apr-26,Dhana Khurd BO,Hansi SO,,,1,2,,1,,2,,,,
,G2176,Apr-26,Dhand BO,Fatehabad SO Fatehabad,,,,1,,2,,,,,,
,F3715,Apr-26,Dhanderi BO,Hansi SO,,,,,,1,,,,,,
,A7273,Apr-26,Dhanger BO,Badopal SO,,,6,,,,,,,,,
,D0587,Apr-26,Dhani Gopal BO,Bhuna SO,,,2,,,3,,,,,,
,G7186,Apr-26,Dhani Khan Bahadur BO,Barwala SO Hisar,,,1,,,1,,1,,,,
,G2177,Apr-26,Dhani Majra BO,Fatehabad SO Fatehabad,,,3,5,,1,,,,,,
,B1905,Apr-26,Dhani Peeranwali BO,Hansi SO,,,,2,,6,,5,,,,
,E5445,Apr-26,Dhansu BO,Modle Town Hisar SO,,,4,1,,3,,,,,,
,J2176,Apr-26,Dharam Kheri BO,Khanda Kheri SO,,,,4,,1,,,,,,
,J6189,Apr-26,Dharampura BO,Siri Jiwan Nagar SO,,,1,5,,,,12,,,,
,12510601,Apr-26,Dharsul Kalan SO,,,1,2,8,,9,,17,,3,,
,J7267,Apr-26,Dhingsara BO,Bhattu Kalan SO,,,1,,,3,,,,,,
,E7325,Apr-26,Dholu BO,Bhuna SO,,,1,,,2,,,,,,
,12505801,Apr-26,Ding SO,,,2,5,3,,5,,3,,,2,
,L3902,Apr-26,DOBHI BO,Ha U Hisar SO,,,1,,,2,,,,,,
,L6356,Apr-26,Dohtar BO,Rania SO,,,5,,,2,,10,,,,
,J6190,Apr-26,Dudianwali BO,Siri Jiwan Nagar SO,,,2,2,,,,,,,,
,B3822,Apr-26,Dullat BO,Bhuna SO,,,4,2,,,,,,,,
,L4408,Apr-26,Durjanpur BO,Mandi Adampur SO,,,1,1,,,,,,,,
,12510201,Apr-26,Ellenabad SO,,,,14,53,,24,,88,,1,21,
,B6757,Apr-26,Faridpur BO,Barwala SO Hisar,,,2,,,1,,,,,,
,12505001,Apr-26,Fatehabad SO Fatehabad,,27,4,35,114,,46,8,124,,18,12,
,12505002,Apr-26,Fatehabd Kty SO,,,,,95,,14,52,14,,6,9,
,D9412,Apr-26,Fatehpuri BO,Tohana Mandi SO,,,1,,,2,,,,,,
,A1157,Apr-26,Ferozabad BO,Sirsa HO,,,,1,,,,,,,,
,J7793,Apr-26,Furwain Kalan BO,Sikander Pur SO,,,1,1,,1,,5,,,,
,F0223,Apr-26,Gaibipur BO,Barwala SO Hisar,,,8,2,,1,,1,,,,
,C2820,Apr-26,Gajuwala BO,Tohana Mandi SO,,,,10,,,,,,,,
,J6619,Apr-26,Gamra BO,Narnaund SO,,,,,,1,,4,,,,
,J6573,Apr-26,Ganda BO,Nagpur S.O.,,,,,,1,,,,,,
,J8297,Apr-26,Ganga BO,Goriwala SO,,,1,2,,2,,5,,,,
,C4404,Apr-26,Gangwa BO,Azad Nagar Hisar SO,,,5,2,,1,,,,,,
,B1907,Apr-26,Garhi BO,Hansi SO,,,1,,,,,,,,,
,G6384,Apr-26,Gawar BO,Azad Nagar Hisar SO,,,,1,,1,,,,,,
,C0333,Apr-26,Ghirai BO,Hansi SO,,,3,,,2,,,,,,
,J8298,Apr-26,Ghoranwali BO,Goriwala SO,,,1,,,2,,,,,,
,L4409,Apr-26,Ghursal BO,Mandi Adampur SO,,,,,,1,,5,,,,
,E5430,Apr-26,Gillan Khera BO,Fatehabad SO Fatehabad,,,,1,,1,,,,,,
,12500102,Apr-26,Gju Hisar SO,,2,,1,6,,4,,11,,1,3,
,N8073,Apr-26,Glf Hisar BO,BSF Hisar SO,,,2,2,,1,,,,,,
,E0838,Apr-26,Gorakhpur BO,Agroha SO,,,,,,1,,,,,,
,E9445,Apr-26,Gorchi BO,Azad Nagar Hisar SO,,,,,,1,,,,,,
,12510301,Apr-26,Goriwala SO,,,,3,0,,7,,5,,,1,
,A1158,Apr-26,Gudia Kheda BO,Sirsa HO,,,2,7,,2,,2,,,,
,C5199,Apr-26,Gurana BO,Barwala SO Hisar,,,,1,,,,,,,,
,J6574,Apr-26,Gurusar BO,Rattia SO,,,,1,,2,,,,,,
,J3473,Apr-26,Gussiaiyana BO,Chopta Nathu Sari SO,,,2,,,5,,,,,,
,12500401,Apr-26,Ha U Hisar SO,,5,1,5,22,,20,67,25,,,8,
,J6620,Apr-26,Haibatpur BO,Narnaund SO,,,2,,,,,,,,,
,C8615,Apr-26,Hajampur BO,Hansi SO,,,1,2,,1,,20,,,,
,B1911,Apr-26,Hajrawan Kalan BO,Fatehabad SO Fatehabad,,,1,,,,,,,,,
,C0339,Apr-26,Hajrawan Khurd BO,Fatehabad SO Fatehabad,,,,,,2,,10,,,,
,J6575,Apr-26,Hamzapur BO,Rattia SO,,,,,,2,,,,,,
,H9308,Apr-26,Handalwala BO,Dharsul Kalan SO,,,1,4,,4,,,,,,
,12503303,Apr-26,Hansi City SO,,1,1,6,40,,18,7,77,,,4,
,12503304,Apr-26,Hansi SO,,16,7,35,85,,52,8,143,,2,16,
,J3474,Apr-26,Hanziran BO,Chopta Nathu Sari SO,,,,,,1,,,,,,
,J6191,Apr-26,Haripura BO,Siri Jiwan Nagar SO,,,,2,,,,,,,,
,C8642,Apr-26,Harita BO,Modle Town Hisar SO,,,,,,3,,2,,,,
,J6577,Apr-26,Haroli BO,Nagpur S.O.,,,1,,,,,5,,,,
,J6578,Apr-26,Hassanga BO,Rattia SO,,,1,,,2,,,,,,
,F8537,Apr-26,Hassangarh BO,Uklana Mandi SO,,,2,1,,3,,,,,,
,12500104,Apr-26,Hisar  Nai Mandi SO,,1,1,3,4,,1,1,2,,,,
,12500601,Apr-26,Hisar Cantt SO,,6,,2,10,,26,,12,,,4,
,12500105,Apr-26,Hisar City SO,,6,2,1,19,,,32,14,,1,3,
,12500100,Apr-26,Hisar HO,,38,13,27,141,,93,24,385,,21,97,
,12500106,Apr-26,Hisar Kty SO,,1,,4,18,,18,2,9,,,,
,12500103,Apr-26,HTM Hisar SO,,2,,6,23,,15,5,37,,,,
,B1924,Apr-26,IACBP Hisar BO,Modle Town Hisar SO,,,,20,,2,,4,,,,
,A5879,Apr-26,Inda Chhoi BO,Tohana Mandi SO,,,,,,1,,1,,,,
,L5330,Apr-26,Jagmalwali BO,Kalanwali SO,,,,,,,,10,,,,
,12513301,Apr-26,Jakhal Mandi SO,,1,1,3,20,,7,3,51,,2,11,
,L4410,Apr-26,Jakhod Khera BO,Mandi Adampur SO,,,,1,,,,,,,,
,L5331,Apr-26,Jalalana BO,Kalanwali SO,,,,,,2,,,,,,
,J6579,Apr-26,Jallopur BO,Nagpur S.O.,,,3,1,,,,2,,,,
,J3475,Apr-26,Jamal BO,Chopta Nathu Sari SO,,,,2,,,,,,,,
,D9413,Apr-26,Jamalpur Sheikhan BO,Tohana Mandi SO,,,1,,,2,,,,,,
,C8616,Apr-26,Jamawari BO,Hansi SO,,,1,,,5,,2,,,,
,B3823,Apr-26,Jandli Kalan BO,Bhuna SO,,,1,1,,5,,6,,,,
,D8931,Apr-26,Jandli Khurd BO,Bhuna SO,,,1,8,,3,,,,,,
,J7263,Apr-26,Jandwala Bishnoian BO,Chautala SO,,,1,,,,,,,,,
,J7268,Apr-26,Jandwala BO,Bhattu Kalan SO,,,4,27,,1,,,,,,
,12505601,Apr-26,JCD Vidyapeeth Sirsa,,,1,2,25,,4,6,34,,1,2,
,F0224,Apr-26,Jeora BO,Barwala SO Hisar,,,,,,,,2,,,,
,A3415,Apr-26,Jhalnia BO,Fatehabad SO Fatehabad,,,1,,,,,,,,,
,G6838,Apr-26,Jhorar Rohi BO,Baragudha SO,,,1,,,,,,,,,
,D4829,Apr-26,Jhornali BO,Sirsa HO,,,2,,,1,,,,,,
,F9957,Apr-26,Jodhkan BO,Sirsa HO,,,4,2,,,,2,,,,
,L6357,Apr-26,Jodhpuria BO,Rania SO,,,2,4,,5,,,,,,
,E5446,Apr-26,Juglan BO,Modle Town Hisar SO,,,1,,,1,,,,,,
,L4411,Apr-26,Kabrel BO,Mandi Adampur SO,,,,,,1,,10,,,,
,J2177,Apr-26,Kagasar BO,Khanda Kheri SO,,,1,,,,,,,,,
,J3476,Apr-26,Kagdana BO,Chopta Nathu Sari SO,,,2,1,,1,,,,,,
,L4412,Apr-26,Kajlan BO,Mandi Adampur SO,,,2,7,,,,,,,,
,12520101,Apr-26,Kalanwali SO,,3,1,9,113,,25,1,120,,8,22,
,L4413,Apr-26,Kalirawan BO,Mandi Adampur SO,,,,4,,,,,,,,
,J8299,Apr-26,Kaluana BO,Goriwala SO,,,2,,,3,,,,,,
,J6580,Apr-26,Kamana BO,Rattia SO,,,1,7,,1,,,,,,
,A5880,Apr-26,Kanheri BO,Tohana Mandi SO,,,4,,,,,10,,,,
,L3928,Apr-26,Kanoh Punia BO,Pabra SO,,,3,,,2,,18,,,,
,G8428,Apr-26,Kanwari BO,Nalwa SO,,,3,2,,3,,2,,,,
,J6621,Apr-26,Kapro BO,Narnaund SO,,,1,1,,,,,,,,
,AP171,Apr-26,Karamsana B.O.,Ellenabad SO,,,,4,,1,,,,,,
,H9309,Apr-26,Karandi BO,Dharsul Kalan SO,,,,2,,,,1,,,,
,J6192,Apr-26,Kariwala BO,Siri Jiwan Nagar SO,,,4,7,,,,,,,,
,C0340,Apr-26,Karnoli BO,Fatehabad SO Fatehabad,,,,7,,,,,,,,
,J8300,Apr-26,Keharwala BO,Goriwala SO,,,1,10,,4,,,,,,
,C6446,Apr-26,Keshopura BO,Sirsa HO,,,3,,,,,,,,,
,J7269,Apr-26,Khabra Kalan BO,Bhattu Kalan SO,,,4,,,2,,,,,,
,AP172,Apr-26,Khai Shergarh,Odhan SO,,,,2,,1,,,,,,
,L4414,Apr-26,Khairampur BO,Mandi Adampur SO,,,2,,,4,,5,,,,
,C0341,Apr-26,Khairati Khera BO,Fatehabad SO Fatehabad,,,1,,,2,,,,,,
,J6535,Apr-26,Khairekan BO,Odhan SO,,,2,,,2,,4,,,,
,12505502,Apr-26,Khairpur SO,,2,2,3,35,,11,2,38,,,7,
,G4243,Apr-26,Khajuri Jatti BO,Bhuna SO,,,,15,,1,,,,,,
,12503801,Apr-26,Khanda Kheri SO,,,,1,0,,12,1,11,,,1,
,D2444,Apr-26,Khara Kheri BO,Badopal SO,,,3,,,,,3,,,,
,B6758,Apr-26,Kharak Punia BO,Barwala SO Hisar,,,2,2,,1,,,,,,
,L3934,Apr-26,Kharar Alipur BO,Satroad Khurd SO,,,5,6,,7,,27,,,,
,G6165,Apr-26,Kharbala BO,Bass SO,,,6,1,,1,,2,,,,
,D5968,Apr-26,Khari Sureran BO,Ellenabad SO,,,,2,,,,,,,,
,L3904,Apr-26,Kharia BO,Ha U Hisar SO,,,,,,1,,,,,,
,L6358,Apr-26,Kharian BO,Rania SO,,,5,5,,3,,2,,,,
,B6759,Apr-26,Kharkara BO,Barwala SO Hisar,,,4,1,,1,,,,,,
,C8617,Apr-26,Kharkari BO,Hansi SO,,,1,,,,,,,,,
,F8637,Apr-26,Khedar BO,Barwala SO Hisar,,,1,,,,,10,,,,
,A3432,Apr-26,Kheri Barki BO,Modle Town Hisar SO,,,6,,,,,2,,,,
,H3017,Apr-26,Kheri Gangan BO,Sisai SO Hisar,,,,,,3,,42,,,,
,J6622,Apr-26,Kheri Jalab BO,Narnaund SO,,,,,,1,,,,,,
,L6268,Apr-26,Khuiyana Malkana BO,Mandi Dabwali SO,,,2,1,,2,,5,,,,
,J6581,Apr-26,Khunan BO,Nagpur S.O.,,,1,2,,,,,,,,
,L3930,Apr-26,Kinala BO,Pabra SO,,,3,,,,,1,,,,
,J7270,Apr-26,Kirdhan BO,Bhattu Kalan SO,,,2,,,1,,,,,,
,F7640,Apr-26,Kirmara BO,Agroha SO,,,1,,,1,,,,,,
,L3931,Apr-26,Kirori BO,Pabra SO,,,1,,,,,3,,,,
,L3905,Apr-26,Kirtan BO,Ha U Hisar SO,,,2,1,,2,,4,,,,
,L4415,Apr-26,Kishangarh BO,Mandi Adampur SO,,,,4,,,,,,,,
,L4416,Apr-26,Kohli BO,Mandi Adampur SO,,,,,,1,,,,,,
,J6624,Apr-26,Koth Khurd BO,Narnaund SO,,,,1,,11,,2,,,,
,F6201,Apr-26,Kudni BO,Tohana Mandi SO,,,3,,,1,,10,,,,
,A3416,Apr-26,Kukranwali BO,Fatehabad SO Fatehabad,,,3,14,,7,,18,,,,
,C0334,Apr-26,Kulana BO,Hansi SO,,,1,,,1,,10,,,,
,B5746,Apr-26,Kuleri BO,Agroha SO,,,,,,3,,,,,,
,H9310,Apr-26,Kullan BO,Dharsul Kalan SO,,,,,,,,6,,,,
,A7320,Apr-26,Kumaharia BO,Agroha SO,,,1,2,,,,,,,,
,F8539,Apr-26,Kumba Khera BO,Uklana Mandi SO,,,1,,,2,,,,,,
,C8618,Apr-26,Kumbha BO,Hansi SO,,,2,2,,4,,2,,,,
,G6839,Apr-26,Kurangawali BO,Baragudha SO,,,2,,,,,8,,,,
,A1159,Apr-26,Kusumbhi BO,Sirsa HO,,,,,,1,,,,,,
,F1511,Apr-26,Kutewadh BO,Sirsa HO,,,,1,,,,,,,,
,J6582,Apr-26,Laduwas BO,Rattia SO,,,,3,,,,2,,,,
,H8907,Apr-26,Ladwa BO,Hisar Cantt SO,,,3,4,,1,,,,,,
,L4417,Apr-26,Ladwi BO,Mandi Adampur SO,,,1,1,,4,,,,,,
,L5332,Apr-26,Lakarwali BO,Kalanwali SO,,,2,,,1,,,,,,
,D9414,Apr-26,Lalauda BO,Tohana Mandi SO,,,2,,,,,,,,,
,J6583,Apr-26,Lali BO,Rattia SO,,,,,,1,,34,,,,
,D2498,Apr-26,Landhari BO,Agroha SO,,,1,1,1,,,,,,,
,C4849,Apr-26,Lehangewala BO,Baragudha SO,,,2,,,,,,,,,
,H9311,Apr-26,Lehraian BO,Dharsul Kalan SO,,,,,,,,1,,,,
,E1732,Apr-26,Litani BO,Uklana Mandi SO,,,1,1,,5,,6,,,,
,J6625,Apr-26,Lohari Ragho BO,Narnaund SO,,,,,,1,,,,,,
,J3477,Apr-26,Ludesar BO,Chopta Nathu Sari SO,,,,,,3,,4,,,,
,12505102,Apr-26,M S Rattia SO,,12,4,6,1,,5,5,2,,,,
,12510202,Apr-26,M.S Ellenabad SO,,1,,3,,,1,,,,,,
,C4149,Apr-26,Madanheri BO,Bass SO,,,2,1,,2,,,,,,
,J6626,Apr-26,Madha BO,Narnaund SO,,,,1,,,,12,,,,
,F9958,Apr-26,Madho Singhana BO,Sirsa HO,,,1,,,2,,,,,,
,L4418,Apr-26,Mahalsara BO,Mandi Adampur SO,,,1,5,,,,2,,,,
,G6168,Apr-26,Mahmadpur Rohi BO,Badopal SO,,,3,1,,4,,4,,,,
,J6627,Apr-26,Majra BO,Narnaund SO,,,3,1,,3,,18,,,,
,J3478,Apr-26,Makhosarani BO,Chopta Nathu Sari SO,,,2,,,2,,,,,,
,A9649,Apr-26,Mallekan BO,Sirsa HO,,,,4,1,3,,2,,,,
,E4282,Apr-26,Mamera Kalan BO,Ellenabad SO,,,,10,,,,,,,,
,12505201,Apr-26,Mandi Adampur SO,,69,3,15,129,,37,5,62,,7,19,
,12510402,Apr-26,Mandi Dabwali SO,,5,2,7,40,,20,9,21,,4,20,
,F9959,Apr-26,Mangala BO,Sirsa HO,,,5,,,3,,2,,,,
,D7107,Apr-26,Mangali BO,Modle Town Hisar SO,,,2,1,,1,,,,,,
,H9312,Apr-26,Manghera BO,Dharsul Kalan SO,,,1,6,,2,,,,,,
,J6584,Apr-26,Marh BO,Nagpur S.O.,,,1,,,1,,2,,,,
,L6271,Apr-26,Masitan BO,Mandi Dabwali SO,,,,,,1,,,,,,
,H3019,Apr-26,Masudpur BO,Sisai SO Hisar,,,1,,,4,,21,,,,
,J8301,Apr-26,Matdadu BO,Goriwala SO,,,1,11,,1,,,,,,
,D3549,Apr-26,Matloda BO,Barwala SO Hisar,,,2,,,,,,,,,
,L3906,Apr-26,Mattar Sham BO,Ha U Hisar SO,,,,,,1,,,,,,
,D4830,Apr-26,Maujdin BO,Sirsa HO,,,,6,,1,,25,,,,
,L6272,Apr-26,Maujgarbh BO,Mandi Dabwali SO,,,1,,,3,,3,,,,
,J7012,Apr-26,Mauju Khera BO,Bahaudin SO,,,,,,2,,,,,,
,A2294,Apr-26,Mauju Khera BO,Ellenabad SO,,,,1,,1,,4,,,,
,L3935,Apr-26,Mayar BO,Satroad Khurd SO,,,,1,,,,19,,,,
,12500107,Apr-26,MCHisar SO,,3,,5,64,,20,1,41,,4,,
,A3412,Apr-26,Mehanda BO,Hansi SO,,,,,,,,10,,,,
,J6585,Apr-26,Mehmra BO,Rattia SO,,,1,,,1,,,,,,
,J7271,Apr-26,Mehuwala BO,Bhattu Kalan SO,,,4,1,,2,,,,,,
,L3890,Apr-26,Meond Kalan BO,Jakhal Mandi SO,,,2,,,,,,,,,
,L3891,Apr-26,Meond Khurd BO,Jakhal Mandi SO,,,2,,,,,,,,,
,J6628,Apr-26,Milakpur BO,Narnaund SO,,,1,,,,,,,,,
,12503305,Apr-26,Mini Secretariat Hansi SO,,15,,1,,,,,7,,,,
,12500108,Apr-26,Mini Sectthisar SO,,4,2,3,14,,10,7,26,,,,
,12505503,Apr-26,MiniSecttSirsa SO,,7,,2,46,,7,1,53,,,2,
,J6586,Apr-26,Mirana BO,Rattia SO,,,2,10,,,,,,,,
,J6629,Apr-26,Mirchpur BO,Narnaund SO,,,6,2,,5,,12,,,,
,B9190,Apr-26,Mirzapur BO,Ellenabad SO,,,1,,,5,,8,,,,
,C0356,Apr-26,Mirzapur BO,Modle Town Hisar SO,,,,3,,3,,,,,,
,C7470,Apr-26,Mithanpura BO,Ellenabad SO,,,,3,,,,,,,,
,L6273,Apr-26,Mithri BO,Mandi Dabwali SO,,,,1,,1,,,,,,
,L4419,Apr-26,Moda Khera BO,Mandi Adampur SO,,,,,,2,,,,,,
,12500501,Apr-26,Modle Town Hisar SO,,12,4,11,31,,23,18,46,,,14,
,L4420,Apr-26,Mohabatpur BO,Mandi Adampur SO,,,1,,,,,,,,,
,J6587,Apr-26,Mohmadpur Sotter BO,Rattia SO,,,3,,,,,,,,,
,J7794,Apr-26,Moriwala BO,Sikander Pur SO,,,1,1,,,,,,,,
,J6630,Apr-26,Moth BO,Narnaund SO,,,2,2,,4,,1,,,,
,12505504,Apr-26,MTS Sirsa SO,,48,1,5,53,,25,2,38,,2,20,
,F7827,Apr-26,Muklan BO,Azad Nagar Hisar SO,,,1,,,1,,,,,,
,E5431,Apr-26,Munawali BO,Fatehabad SO Fatehabad,,,1,,,3,,2,,,,
,L3892,Apr-26,Mundlian BO,Jakhal Mandi SO,,,4,9,,1,,,,,,
,J8302,Apr-26,Munnawali BO,Goriwala SO,,,,5,,1,,,,,,
,H9313,Apr-26,Musa Khera BO,Dharsul Kalan SO,,,2,,,,,,,,,
,G8429,Apr-26,Muzadpur BO,Nalwa SO,,,3,,,,,,,,,
,C2294,Apr-26,Nadhori BO,Bhuna SO,,,3,1,,3,,,,,,
,C4850,Apr-26,Nagoki BO,Baragudha SO,,,1,,,2,,10,,,,
,12506101,Apr-26,Nagpur S.O.,,,4,10,3,,2,,0,,,,
,12505003,Apr-26,Nai Mandi Fatehabad SO,,1,,,38,,12,5,41,,,8,
,12505505,Apr-26,Nai Mandi Sirsa SO,,14,5,4,94,,21,4,20,,3,7,
,B1912,Apr-26,Nakhatia BO,Fatehabad SO Fatehabad,,,,3,,7,,,,,,
,J6193,Apr-26,Nakora BO,Siri Jiwan Nagar SO,,,1,,,1,,,,,,
,12503701,Apr-26,Nalwa SO,,,,2,1,,1,,5,,,,
,12500109,Apr-26,NAM Hisar SO,,2,,3,5,,9,3,17,,1,11,
,J6589,Apr-26,Nangal BO,Rattia SO,,,,1,,1,,1,,,,
,D1135,Apr-26,Nangla BO,Tohana Mandi SO,,,4,2,,2,,1,,,,
,A7321,Apr-26,Nangthala BO,Agroha SO,,,2,,,,,,,,,
,H9314,Apr-26,Nanheri BO,Dharsul Kalan SO,,,1,,,1,,14,,,,
,L6359,Apr-26,Nanuana BO,Rania SO,,,5,,,,,,,,,
,J6631,Apr-26,Nara BO,Narnaund SO,,,,,,1,,2,,,,
,12503901,Apr-26,Narnaund SO,,,2,8,11,,18,1,12,,5,5,
,J6194,Apr-26,Nathore BO,Siri Jiwan Nagar SO,,,,,,1,,,,,,
,J3479,Apr-26,Nathusari Kalan BO,Chopta Nathu Sari SO,,,3,,,,,,,,,
,L3893,Apr-26,Nathuwal BO,Jakhal Mandi SO,,,1,,,,,10,,,,
,J6590,Apr-26,Nathwan BO,Rattia SO,,,,1,,,,11,,,,
,L3932,Apr-26,Nehla BO,Pabra SO,,,5,,,2,,10,,,,
,L3907,Apr-26,Neoli Kalan BO,Ha U Hisar SO,,,5,1,,3,,,,,,
,J6536,Apr-26,Nezadela Khurd BO,Odhan SO,,,1,1,,1,,,,,,
,C8643,Apr-26,Niyana BO,Modle Town Hisar SO,,,2,1,,3,,2,,,,
,J7795,Apr-26,Nozadela Kalan BO,Sikander Pur SO,,,,1,,3,,,,,,
,J6537,Apr-26,Nuhiyanwali BO,Odhan SO,,,1,,,4,,,,,,
,12507701,Apr-26,Odhan SO,,,,1,3,,14,,0,,,,
,A1160,Apr-26,Ottu BO,Sirsa HO,,,6,,,,,1,,,,
,12511201,Apr-26,Pabra SO,,1,,5,2,,6,,11,,,,
,H3020,Apr-26,Pali BO,Sisai SO Hisar,,,3,,,1,,7,,,,
,J6591,Apr-26,Palsar BO,Rattia SO,,,,,,,,15,,,,
,J7796,Apr-26,PANIHARI BO,Sikander Pur SO,,,,1,,,,,,,,
,F8638,Apr-26,Panihari BO,Barwala SO Hisar,,,3,,,2,,,,,,
,J6538,Apr-26,Paniwala Mota BO,Odhan SO,,,2,,,,,20,,,,
,L6274,Apr-26,Paniwala Ruldu BO,Mandi Dabwali SO,,,,1,,,,5,,,,
,J6539,Apr-26,Panjuana BO,Odhan SO,,,1,4,,1,,2,,,,
,B6640,Apr-26,Parbhuwala BO,Uklana Mandi SO,,,4,3,,2,,3,,,,
,G4791,Apr-26,Partan BO,Tohana Mandi SO,,,,50,,,,,,,,
,12500110,Apr-26,Patel Nager Hisar SO,,13,,4,33,,12,59,76,,3,20,
,A3413,Apr-26,Petwar BO,Hansi SO,,,1,,,10,,17,,,,
,J7797,Apr-26,Phulkan BO,Sikander Pur SO,,,,,,,,10,,,,
,J6592,Apr-26,Phullan BO,Nagpur S.O.,,,1,,,,,,,,,
,J7272,Apr-26,Pili Mandori BO,Bhattu Kalan SO,,,2,,,1,,,,,,
,L5335,Apr-26,Pipli BO,Kalanwali SO,,,,,,,,9,,,,
,C2821,Apr-26,Pirthala BO,Tohana Mandi SO,,,2,,,1,,,,,,
,A2295,Apr-26,Poharkan BO,Ellenabad SO,,,2,2,,,,5,,,,
,B5692,Apr-26,Puthi Samain BO,Bass SO,,,3,,,,,12,,,,
,B1909,Apr-26,Puthimangal Khan BO,Hansi SO,,,,1,,1,,,,,,
,L3936,Apr-26,Qutabpur BO,Satroad Khurd SO,,,,15,,1,,,,,,
,G4792,Apr-26,Rainwali BO,Tohana Mandi SO,,,2,1,,1,,10,,,,
,L3937,Apr-26,Raipur BO,Satroad Khurd SO,,,,2,,2,,,,,,
,F0225,Apr-26,Rajli BO,Barwala SO Hisar,,,4,,,,,1,,,,
,J6632,Apr-26,Rajthal BO,Narnaund SO,,,2,,,,,,,,,
,J6633,Apr-26,Rakhi Shahpur BO,Narnaund SO,,,4,1,,4,,,,,,
,J8303,Apr-26,Rampur Bishnoian BO,Goriwala SO,,,3,,,,,,,,,
,J7273,Apr-26,Ramsara BO,Bhattu Kalan SO,,,2,,,5,,,,,,
,D4831,Apr-26,Randhawa BO,Sirsa HO,,,2,,,2,,,,,,
,12507601,Apr-26,Rania SO,,3,,3,24,,8,,20,,,5,
,J6594,Apr-26,Ratta Khera BO,Nagpur S.O.,,,,,,1,,,,,,
,H9315,Apr-26,Ratta Theh BO,Dharsul Kalan SO,,,,,,2,,,,,,
,C8620,Apr-26,Ratta Tibba BO,Fatehabad SO Fatehabad,,,2,3,,,,10,,,,
,12505101,Apr-26,Rattia SO,,1,,9,11,,16,1,26,,,8,
,L3908,Apr-26,Rawalwas Khurd BO,Ha U Hisar SO,,,4,20,,,,,,,,
,J8304,Apr-26,Risalia Khera BO,Goriwala SO,,,3,1,,4,,1,,,,
,J3480,Apr-26,Rupawas BO,Chopta Nathu Sari SO,,,1,,,4,,,,,,
,L4421,Apr-26,Sadalpur BO,Mandi Adampur SO,,,4,1,,2,,,,,,
,L3894,Apr-26,Sadhanwas BO,Jakhal Mandi SO,,,1,,,,,,,,,
,G7092,Apr-26,Sahu BO,Uklana Mandi SO,,,,,,1,,,,,,
,J6540,Apr-26,Sahuwala BO,Odhan SO,,,,,,1,,8,,,,
,J3481,Apr-26,Sahuwala ii BO,Chopta Nathu Sari SO,,,1,3,,4,,19,,,,
,L6275,Apr-26,Sakta Khera BO,Mandi Dabwali SO,,,1,1,,1,,,,,,
,L4422,Apr-26,Salemgarh BO,Mandi Adampur SO,,,1,1,,2,,11,,,,
,G4793,Apr-26,Samain BO,Tohana Mandi SO,,,2,4,,2,,,,,,
,C2295,Apr-26,Sanchla BO,Bhuna SO,,,1,1,,,,16,,,,
,D3550,Apr-26,Sandlana BO,Barwala SO Hisar,,,12,,,,,,,,,
,B6641,Apr-26,Saniana BO,Uklana Mandi SO,,,2,,,2,,,,,,
,J6195,Apr-26,Sant Nagar BO,Siri Jiwan Nagar SO,,,,2,,,,8,,,,
,L3909,Apr-26,Sarsana BO,Ha U Hisar SO,,,2,1,,,,,,,,
,E1836,Apr-26,Sarsod BO,Barwala SO Hisar,,,1,,,,,2,,,,
,H8908,Apr-26,Satroad Kalan BO,Hisar Cantt SO,,,2,,,3,,,,,,
,12504401,Apr-26,Satroad Khurd SO,,1,1,4,6,,20,,24,,,,
,C0357,Apr-26,Shaharwa BO,Modle Town Hisar SO,,,3,,,1,,,,,,
,F9960,Apr-26,Shahpur Begu BO,Sirsa HO,,,2,1,,2,,,,,,
,L3910,Apr-26,Shahpur BO,Ha U Hisar SO,,,2,3,,3,,2,,,,
,G2171,Apr-26,Shaikhpura BO,Hansi SO,,,1,,,1,,2,,,,
,J3482,Apr-26,Shakar Mandori BO,Chopta Nathu Sari SO,,,2,,,,,5,,,,
,H9316,Apr-26,Shakarpura BO,Dharsul Kalan SO,,,,,,1,,4,,,,
,E0839,Apr-26,Shamsukh BO,Agroha SO,,,1,,,,,,,,,
,J6595,Apr-26,Sheikhpur Sotter BO,Rattia SO,,,,,,1,,,,,,
,J7274,Apr-26,Shekhupur Daroli B.O,Bhattu Kalan SO,,,,2,,3,,202,,,,
,L6276,Apr-26,Shergarh BO,Mandi Dabwali SO,,,,1,,,,,,,,
,J3483,Apr-26,Sherpura BO,Chopta Nathu Sari SO,,,1,1,,4,,,,,,
,L3895,Apr-26,Sidhani BO,Jakhal Mandi SO,,,,14,,,,2,,,,
,12506001,Apr-26,Sikander Pur SO,,,7,0,1,,0,,0,,,,
,E5429,Apr-26,Sindher BO,Hansi SO,,,,1,,3,,,,,,
,L5337,Apr-26,Singhpura BO,Kalanwali SO,,,,,,2,,,,,,
,D7108,Apr-26,Singhran BO,Modle Town Hisar SO,,,1,8,,,,,,,,
,F7583,Apr-26,Singhwa BO,Bass SO,,,4,1,,1,,5,,,,
,12507501,Apr-26,Siri Jiwan Nagar SO,,,,4,8,1,28,1,6,,,,
,12505500,Apr-26,Sirsa HO,,19,3,26,211,0,39,32,179,,36,81,
,12504901,Apr-26,Sisai SO Hisar,,,2,8,1,,12,1,11,,,,
,E0840,Apr-26,Siwani Bolan BO,Agroha SO,,,3,,,,,,,,,
,G2172,Apr-26,Sorkhi BO,Hansi SO,,,2,,,3,,1,,,,
,F1512,Apr-26,Suchan Kotli BO,Sirsa HO,,,2,1,,,,1,,,,
,L5338,Apr-26,Sukhchain BO,Kalanwali SO,,,,,,1,,,,,,
,J7275,Apr-26,Suli Khera BO,Bhattu Kalan SO,,,1,,,,,,,,,
,G2173,Apr-26,Sultanpur BO,Hansi SO,,,1,,,,,,,,,
,L6360,Apr-26,Sultanpuria BO,Rania SO,,,1,,,4,,,,,,
,L3911,Apr-26,Sundawas BO,Ha U Hisar SO,,,,,,,,2,,,,
,F8540,Apr-26,Surewala BO,Uklana Mandi SO,,,2,,,2,,2,,,,
,L5339,Apr-26,Surtia BO,Kalanwali SO,,,,1,,,,,,,,
,L5340,Apr-26,Takhatmal BO,Kalanwali SO,,,,4,,3,,3,,,,
,F3735,Apr-26,Talwandi Rana BO,Modle Town Hisar SO,,,1,,,1,,1,,,,
,B1925,Apr-26,Talwandi Rukka BO,Modle Town Hisar SO,,,8,,,,,,,,,
,L3896,Apr-26,Talwara BO,Jakhal Mandi SO,,,,2,,1,,1,,,,
,D5969,Apr-26,Talwara Khurd BO,Ellenabad SO,,,1,,,2,,5,,,,
,L5341,Apr-26,Taruana BO,Kalanwali SO,,,,2,,,,,,,,
,A7322,Apr-26,Thaska BO,Agroha SO,,,,,,3,,5,,,,
,E5432,Apr-26,Theri BO,Fatehabad SO Fatehabad,,,1,5,,1,,,,,,
,J6196,Apr-26,Thersahidan BO,Siri Jiwan Nagar SO,,,,,,1,,32,,,,
,F8285,Apr-26,Thiraj BO,Baragudha SO,,,3,3,,2,,10,,,,
,J7276,Apr-26,Thuiyan BO,Bhattu Kalan SO,,,2,,,,,,,,,
,C0335,Apr-26,Thurana BO,Hansi SO,,,1,,,1,,2,,,,
,12512001,Apr-26,Tohana Mandi SO,,13,2,16,91,,43,12,127,,15,20,
,12512002,Apr-26,Tohana SO,,32,5,5,72,,24,30,135,,1,4,
,L3912,Apr-26,Tokas BO,Ha U Hisar SO,,,2,,,,,,,,,
,J2179,Apr-26,Ugalan BO,Khanda Kheri SO,,,4,2,,,,1,,,,
,12511301,Apr-26,Uklana Mandi SO,,3,5,8,33,,26,10,58,,,6,
,F9961,Apr-26,Umedpura BO,Sirsa HO,,,4,,,4,,16,,,,
,12500502,Apr-26,Urban Estate  2 Hisar SO,,38,,3,25,,21,12,39,,3,4,
,12500503,Apr-26,Vidut Nagar Hisar SO,,7,2,1,4,,10,51,32,,1,7,
,M0899,Apr-26,A.K.G.V.Mormajra B.O,Salwan S.O,,,,,,,,2,,,,
,J6642,Apr-26,Achhanpur B.O,Nissing S.O,,,,,,5,,6,,,,
,M0942,Apr-26,Adyana B.O,Madlauda S.O,,,1,2,,1,,3,,,,
,J6643,Apr-26,Agongh B.O,Nissing S.O,,,5,1,,4,,,,,,
,M0983,Apr-26,Ahar B.O,Israna S.O,,,3,,,2,,1,,,,
,F1503,Apr-26,Ahirka B.O,Jind H.O,,,1,2,,5,,2,,,,
,M0918,Apr-26,Aibla B.O,Nigdhu S.O,,,,,,,,1,,,,
,12611101,Apr-26,Alewa S.O,,3,,12,4,,5,,5,,,,
,M0943,Apr-26,Allupur B.O,Madlauda S.O,,,4,,,3,,4,,,,
,G6871,Apr-26,Amargarh B.O,Narwana S.O,,,2,3,,,,,,,,
,J6644,Apr-26,Amupur B.O,Nissing S.O,,,2,5,,1,,1,,,,
,F0120,Apr-26,Anchra Kalan B.O,Safidon S.O,,,2,1,,4,,9,,,,
,L8183,Apr-26,Arainpura B.O,Gharunda S.O,,,,2,,1,,,,,,
,H2338,Apr-26,Ardhana B.O,Assandh S.O,,,6,4,,,,,,,,
,J2764,Apr-26,Arjheri B.O,Nilokheri S.O,,,2,12,,5,,,,,,
,M1461,Apr-26,Assan B.O,Pillukhera S.O,,,1,,,,,,,,,
,C7903,Apr-26,Assan Kalan B.O,Panipat Thermal Project S.O,,,1,,,2,,2,,,,
,13203901,Apr-26,Assandh S.O,,3,1,18,35,,25,1,29,,3,8,
,M0944,Apr-26,Ataula B.O,Madlauda S.O,,,3,3,,3,,5,,,,
,13212201,Apr-26,Atta S.O,,,,2,2,,8,,28,,,,
,D9415,Apr-26,Babail B.O,Panipat Khadi Ashram S.O,,,,1,,3,,6,,,,
,M1446,Apr-26,Babarpur B.O,Panipat Refinary S.O,,,1,1,,4,,2,,,,
,M0955,Apr-26,Badanpur B.O,Dhanoda Kalan S.O,,,1,36,,1,,,,,,
,M0902,Apr-26,Badhana B.O,Naguran S.O,,,1,,,1,,2,,,,
,B6642,Apr-26,Bagru Kalan B.O,Safidon S.O,,,1,2,,4,,2,,,,
,H2339,Apr-26,Bahari B.O,Assandh S.O,,,2,2,,,,2,,,,
,J2765,Apr-26,Bairsal B.O,Nilokheri S.O,,,4,1,,6,,35,,,,
,L9304,Apr-26,Bal Rangan B.O,Ballah S.O,,,3,,,12,,1,,,,
,13204001,Apr-26,Ballah S.O,,,,4,6,,9,,28,,,,
,J6645,Apr-26,Balu B.O,Nissing S.O,,,,,,2,,4,,,,
,M1462,Apr-26,Bambhewa B.O,Pillukhera S.O,,,4,4,,1,,2,,,,
,H2340,Apr-26,Bandarala B.O,Assandh S.O,,,3,,,,,,,,,
,M0984,Apr-26,Bandh B.O,Israna S.O,,,2,1,,3,,,,,,
,M0962,Apr-26,Baniya Khera B.O,Dharthrath S.O,,,4,1,,5,,4,,,,
,J7223,Apr-26,Bansa B.O,Jundla S.O,,,1,2,,3,,2,,,,
,E7848,Apr-26,Bapoli B.O,Panipat Khadi Ashram S.O,,,7,2,,2,,18,,,,
,M1021,Apr-26,Bara Gaon B.O,S.S. Kunjpura S.O,,,3,,,5,,1,,,,
,F6202,Apr-26,Barana B.O,Panipat Khadi Ashram S.O,,,6,,,7,,2,,,,
,M0995,Apr-26,Barauta B.O,Madhuban S.O (Karnal),,,,1,,1,,,,,,
,M7001,Apr-26,Baroda B.O,Uchana S.O,,,2,,,4,,8,,,,
,M0889,Apr-26,Baroli B.O,Shamlo Kalan S.O,,,1,,,1,,,,,,
,L8184,Apr-26,Barsat B.O,Gharunda S.O,,,5,3,,5,,9,,,,
,M7002,Apr-26,Barsola B.O,Uchana S.O,,,1,1,,2,,,,,,
,M1463,Apr-26,Barthana B.O,Pillukhera S.O,,,1,2,,3,,4,,,,
,J6646,Apr-26,Bastali B.O,Nissing S.O,,,2,4,,,,3,,,,
,L8185,Apr-26,Bastara B.O,Gharunda S.O,,,3,2,,,,9,,,,
,M0997,Apr-26,Beejna B.O,Madhuban S.O (Karnal),,,1,1,,,,,,,,
,D3199,Apr-26,Beholi B.O,Samalkha S.O,,,3,3,,4,,6,,,,
,F8312,Apr-26,Belarkhan B.O,Narwana S.O,,,3,,,1,,1,,,,
,C7904,Apr-26,Bhadar B.O,Panipat Thermal Project S.O,,,,,,,,1,,,,
,J2766,Apr-26,Bhadson B.O,Nilokheri S.O,,,3,,,4,,4,,,,
,M1032,Apr-26,Bhaini Khrud B.O,Taraori S.O,,,1,2,,5,,10,,,,
,F8313,Apr-26,Bhana Brahmana B.O,Narwana S.O,,,5,2,,1,,,,,,
,M0945,Apr-26,Bhandari B.O,Madlauda S.O,,,3,,,2,,1,,,,
,J9598,Apr-26,Bhodwal Majri B.O,Patti Kalyana S.O,,,,3,,1,,,,,,
,M7003,Apr-26,Bhongra B.O,Uchana S.O,,,,,,1,,,,,,
,C5077,Apr-26,Bhuslana Kalan B.O,Safidon S.O,,,1,,,,,,,,,
,M0968,Apr-26,Biana B.O,Garhi Birbal S.O,,,,4,,5,,,,,,
,H9712,Apr-26,Bibi Pur Jattan B.O,Indri S.O,,,3,3,,1,,,,,,
,F9945,Apr-26,Bibipur B.O,Jind H.O,,,12,,,2,,,,,,
,M0913,Apr-26,Bighana B.O,Alewa S.O,,,3,2,,2,,,,,,
,M0956,Apr-26,Bikhiwala B.O,Dhanoda Kalan S.O,,,2,,,1,,2,,,,
,H2341,Apr-26,Bilona B.O,Assandh S.O,,,,,,2,,1,,,,
,G1981,Apr-26,Binjhol B.O,Panipat NFL S.O,,,2,1,,2,,3,,,,
,M0890,Apr-26,Bishanpura B.O,Shamlo Kalan S.O,,,1,1,,2,,,,,,
,J6647,Apr-26,Brass B.O,Nissing S.O,,,9,3,,2,,1,,,,
,M0891,Apr-26,Buana B.O,Shamlo Kalan S.O,,,1,,,1,,,,,,
,M0985,Apr-26,Buana Lakhu B.O,Israna S.O,,,3,2,,3,,3,,,,
,M7004,Apr-26,Budain B.O,Uchana S.O,,,1,,,1,,3,,,,
,J1726,Apr-26,Budda Khera Lather B.O,Julana S.O,,,5,,,3,,5,,,,
,M1464,Apr-26,Budha Khera B.O,Pillukhera S.O,,,3,1,,,,,,,,
,D6907,Apr-26,Bursham B.O,Panipat NFL S.O,,,1,,,2,,3,,,,
,A8238,Apr-26,Butani B.O,Safidon S.O,,,1,,,1,,3,,,,
,G2019,Apr-26,Canal Colony B.O,Karnal Partap Pura S.O,,,,,,,,5,,,,
,F6203,Apr-26,Chandoli B.O,Panipat Khadi Ashram S.O,,,1,8,,1,,7,,,,
,L8186,Apr-26,Chaura B.O,Gharunda S.O,,,2,1,,7,,7,,,,
,G4794,Apr-26,Chhajpur Kalan B.O,Panipat Khadi Ashram S.O,,,,3,,2,,5,,,,
,M0903,Apr-26,Chhatar B.O,Naguran S.O,,,2,1,,1,,,,,,
,J7224,Apr-26,Chirao B.O,Jundla S.O,,,3,1,,1,,3,,,,
,H2342,Apr-26,Chochra B.O,Assandh S.O,,,3,2,,,,,,,,
,M0969,Apr-26,Chogawan B.O,Garhi Birbal S.O,,,1,,,1,,7,,,,
,M0904,Apr-26,Chuharpur B.O,Naguran S.O,,,3,,,,,,,,,
,C4869,Apr-26,Chulkana B.O,Samalkha S.O,,,1,2,,,,,,,,
,L8637,Apr-26,Cssri B.O,Karnal Ram Nagar S.O,,,3,,,1,,,,,,
,M0970,Apr-26,Dabkoli Kalan B.O,Garhi Birbal S.O,,,1,2,,2,,2,,,,
,G6873,Apr-26,Dablain Kalan B.O,Narwana S.O,,,3,,,1,,,,,,
,J6648,Apr-26,Dachar B.O,Nissing S.O,,,1,,,2,,,,,,
,M1447,Apr-26,Dadlana B.O,Panipat Refinary S.O,,,,,,1,,,,,,
,M1029,Apr-26,Dahar B.O,Neoltha S.O,,,5,4,,4,,14,,,,
,M0963,Apr-26,Dalamwala B.O,Dharthrath S.O,,,3,1,,5,,6,,,,
,H9713,Apr-26,Darar B.O,Indri S.O,,,4,5,,1,,2,,,,
,B8054,Apr-26,Dariyawala B.O,Jind H.O,,,2,1,,1,,1,,,,
,M0905,Apr-26,Dehola B.O,Naguran S.O,,,7,1,,1,,3,,,,
,L8765,Apr-26,Dehra B.O,Atta S.O,,,1,,,4,,1,,,,
,J1727,Apr-26,Deorer B.O,Julana S.O,,,1,,,1,,,,,,
,G6872,Apr-26,Dhabitek Singh B.O,Narwana S.O,,,4,6,,2,,,,,,
,F8314,Apr-26,Dhakal B.O,Narwana S.O,,,,1,,,,,,,,
,M0998,Apr-26,Dhakwala Gujran B.O,Madhuban S.O (Karnal),,,,4,,,,,,,,
,A7989,Apr-26,Dhamtan Sahib B.O,Narwana S.O,,,1,,,3,,,,,,
,12615201,Apr-26,Dhanoda Kalan S.O,,,5,16,2,,10,,6,,,1,
,C4882,Apr-26,Dhanori B.O,Narwana S.O,,,6,1,,1,,4,,,,
,C5078,Apr-26,Dharamgarh B.O,Safidon S.O,,,1,2,,2,,3,,,,
,M1465,Apr-26,DHARAULI,Pillukhera S.O,,,1,,,2,,,,,,
,C4883,Apr-26,Dharodi B.O,Narwana S.O,,,2,,,1,,7,,,,
,12611001,Apr-26,Dharthrath S.O,,,1,7,9,,8,,6,,,1,
,M0892,Apr-26,Dhigana B.O,Shamlo Kalan S.O,,,3,3,,2,,2,,,,
,M0914,Apr-26,Dhilluwal B.O,Alewa S.O,,,1,4,,4,,1,,,,
,D3456,Apr-26,Didwara B.O,Safidon S.O,,,2,1,,1,,,,,,
,M1030,Apr-26,Didwari B.O,Neoltha S.O,,,1,,,5,,7,,,,
,L8766,Apr-26,Dikadla B.O,Atta S.O,,,1,,,4,,5,,,,
,M0999,Apr-26,Dilawara B.O,Madhuban S.O (Karnal),,,3,5,,,,,,,,
,M1026,Apr-26,Diwana B.O,Panipat Beas Project S.O,,,3,,,1,,16,,,,
,E1531,Apr-26,Dumarkhan Kalan B.O,Narwana S.O,,,3,3,,7,,7,,,,
,M0915,Apr-26,Durana B.O,Alewa S.O,,,1,,,3,,20,,,,
,M0957,Apr-26,Durjanpur B.O,Dhanoda Kalan S.O,,,2,1,,1,,1,,,,
,L8187,Apr-26,Faridpur B.O,Gharunda S.O,,,1,,,3,,3,,,,
,J1728,Apr-26,Fateh Garh B.O,Julana S.O,,,1,2,,,,,,,,
,L8188,Apr-26,Gagsina B.O,Gharunda S.O,,,,,,2,,1,,,,
,M1466,Apr-26,Gangoli B.O,Pillukhera S.O,,,1,,,1,,,,,,
,M1000,Apr-26,Ganjogarhi B.O,Madhuban S.O (Karnal),,,1,,,1,,,,,,
,F8315,Apr-26,Garhi B.O,Narwana S.O,,,4,1,,2,,1,,,,
,C2822,Apr-26,Garhi Basic B.O,Panipat Khadi Ashram S.O,,,1,8,,,,,,,,
,13205401,Apr-26,Garhi Birbal S.O,,,4,4,9,,8,,4,,,,
,H9714,Apr-26,Garhi Jattan B.O,Indri S.O,,,2,,,4,,6,,,,
,M0894,Apr-26,Garhwali B.O,Shamlo Kalan S.O,,,2,,,1,,,,,,
,M0893,Apr-26,Gatauli B.O,Shamlo Kalan S.O,,,2,2,,1,,,,,,
,13211401,Apr-26,Gharunda S.O,,6,,14,89,,56,5,51,,11,12,
,G6874,Apr-26,Ghason Kalan B.O,Narwana S.O,,,1,2,,4,,4,,,,
,M1022,Apr-26,Gheer B.O,S.S. Kunjpura S.O,,,3,,,3,,7,,,,
,M1001,Apr-26,Ghogripur B.O,Madhuban S.O (Karnal),,,1,2,,3,,,,,,
,A5881,Apr-26,Goela Kalan B.O,Panipat Khadi Ashram S.O,,,6,3,,,,,,,,
,M7005,Apr-26,Gogrian B.O,Uchana S.O,,,1,,,1,,,,,,
,M0897,Apr-26,Goli B.O,Salwan S.O,,,1,2,,1,,8,,,,
,J6649,Apr-26,Gonder B.O,Nissing S.O,,,4,2,,7,,5,,,,
,L8189,Apr-26,Gudha B.O,Gharunda S.O,,,2,,,,,4,,,,
,A1150,Apr-26,Gulkani B.O,Jind H.O,,,3,,,3,,,,,,
,M1467,Apr-26,Hadwa B.O,Pillukhera S.O,,,,,,,,1,,,,
,A7990,Apr-26,Hamir Garh B.O,Narwana S.O,,,2,,,1,,,,,,
,H9715,Apr-26,Hanori B.O,Indri S.O,,,1,6,,,,1,,,,
,L8190,Apr-26,HARI SINGH PUNDRI,Gharunda S.O,,,1,1,,,,,,,,
,J1729,Apr-26,Hathwala B.O,Julana S.O,,,4,,,4,,4,,,,
,13211501,Apr-26,Hathwala S.O,,,,,2,,8,,26,,,,
,F0121,Apr-26,Hatt B.O,Safidon S.O,,,3,,,3,,,,,,
,A1151,Apr-26,Igrah B.O,Jind H.O,,,3,,,,,2,,,,
,F9946,Apr-26,Ikkas B.O,Jind H.O,,,3,1,,2,,4,,,,
,13204101,Apr-26,Indri S.O,,7,3,17,43,,48,1,70,,3,3,
,13204102,Apr-26,Indri Town S.O,,1,,4,38,,11,1,81,,,1,
,D4823,Apr-26,Intal Kalan B.O,Jind H.O,,,2,2,,1,,,,,,
,13210701,Apr-26,Israna S.O,,4,,7,17,,15,,21,,4,4,
,H2343,Apr-26,Jai Singh Pura B.O,Assandh S.O,,,1,2,,1,,3,,,,
,M0958,Apr-26,Jajanwala B.O,Dhanoda Kalan S.O,,,2,8,,1,,1,,,,
,F1504,Apr-26,Jajwan B.O,Jind H.O,,,1,,,,,,,,,
,F6204,Apr-26,Jalalpur B.O,Panipat Khadi Ashram S.O,,,4,,,1,,5,,,,
,H2344,Apr-26,Jalmana B.O,Assandh S.O,,,2,12,,2,,,,,,
,L8191,Apr-26,Jamalpur B.O,Gharunda S.O,,,1,1,,2,,,,,,
,M0919,Apr-26,Jamba B.O,Nigdhu S.O,,,1,6,,,,1,,,,
,M1468,Apr-26,Jamni B.O,Pillukhera S.O,,,1,1,,,,3,,,,
,J7225,Apr-26,Jani B.O,Jundla S.O,,,1,,,4,,,,,,
,G1467,Apr-26,Jattal B.O,Panipat Thermal Project S.O,,,2,2,,2,,3,,,,
,F8295,Apr-26,Jaurasi B.O,Samalkha S.O,,,1,1,,4,,2,,,,
,F9947,Apr-26,Jhanjkalan B.O,Jind H.O,,,4,,,,,,,,,
,G6875,Apr-26,Jheel B.O,Narwana S.O,,,3,,,3,,,,,,
,12610200,Apr-26,Jind H.O,,28,1,57,71,,72,26,204,,19,60,
,12610201,Apr-26,Jind Mini Sectt. S.O,,,1,1,8,,3,5,14,,2,,
,12610202,Apr-26,Jind Palika Bazar S.O,,7,,2,58,,23,2,113,,6,31,
,12610203,Apr-26,Jind Patiala Chowk S.O,,,3,3,57,,13,3,82,,2,8,
,12610204,Apr-26,Jind Punjabi Bazar S.O,,1,2,5,155,,19,4,240,,4,11,
,12610205,Apr-26,Jind Railway Station S.O,,4,,7,25,,14,3,46,,6,5,
,12610206,Apr-26,Jind Rohtak Road S.O,,,3,11,50,,5,1,41,,1,6,
,H9716,Apr-26,Johar Majra B.O,Indri S.O,,,,2,,8,,12,,,,
,M0986,Apr-26,Jondhan Kalan B.O,Israna S.O,,,1,,,,,,,,,
,M0946,Apr-26,Joshi B.O,Madlauda S.O,,,2,,,2,,,,,,
,12610101,Apr-26,Julana S.O,,4,3,17,31,,33,1,53,,4,8,
,A1152,Apr-26,Julani B.O,Jind H.O,,,1,1,,1,,2,,,,
,B1770,Apr-26,Jundla Gate B.O,Karnal Partap Pura S.O,,,,1,,,,10,,,,
,13203601,Apr-26,Jundla S.O,,3,2,9,27,,14,1,21,,,3,
,M7006,Apr-26,Kabarchha B.O,Uchana S.O,,,4,,,2,,,,,,
,M1449,Apr-26,Kabri B.O,Panipat Refinary S.O,,,6,3,,4,,12,,,,
,M1033,Apr-26,Kachwa B.O,Taraori S.O,,,4,1,,6,,7,,,,
,L8192,Apr-26,Kaimla B.O,Gharunda S.O,,,1,2,,,,4,,,,
,M7007,Apr-26,Kakrod B.O,Uchana S.O,,,2,4,,2,,2,,,,
,E4726,Apr-26,Kalkha B.O,Panipat Thermal Project S.O,,,1,2,,2,,6,,,,
,M0971,Apr-26,Kalri Jagir B.O,Garhi Birbal S.O,,,2,6,,6,,15,,,,
,L8193,Apr-26,Kalron B.O,Gharunda S.O,,,4,,,,,,,,,
,M0972,Apr-26,Kalsora B.O,Garhi Birbal S.O,,,3,,,2,,6,,,,
,M1469,Apr-26,Kalwa B.O,Pillukhera S.O,,,2,,,3,,3,,,,
,F8316,Apr-26,Kalwan B.O,Narwana S.O,,,5,,,4,,,,,,
,13200101,Apr-26,Kanral Industrial Area S.O,,5,6,3,16,,9,2,10,,,8,
,M0987,Apr-26,Karad B.O,Israna S.O,,,1,1,,3,,,,,,
,G6876,Apr-26,Karamgarh B.O,Narwana S.O,,,1,,,2,,2,,,,
,E1515,Apr-26,Karhans B.O,Samalkha S.O,,,2,1,,3,,,,,,
,C5079,Apr-26,Karkhana B.O,Safidon S.O,,,3,,,2,,7,,,,
,M1034,Apr-26,Karna Lake B.O,Taraori S.O,,,,1,,1,,,,,,
,13200103,Apr-26,Karnal GBS S.O,,,,1,14,,5,,13,,,2,
,13200100,Apr-26,Karnal H.O,,59,7,44,207,,114,24,376,,23,88,
,13200105,Apr-26,KARNAL KUTCHERY SO,,12,3,8,77,,13,9,65,,3,16,
,13200106,Apr-26,Karnal Model Town S.O,,8,1,6,33,,3,8,33,,6,8,
,13200107,Apr-26,Karnal NDRI S.O,,4,2,2,15,,4,5,18,,2,7,
,13200108,Apr-26,Karnal New Prem Nagar S.O,,9,4,3,31,,11,2,40,,6,20,
,13200109,Apr-26,Karnal Partap Pura S.O,,3,9,6,47,,15,6,49,,1,8,
,13200110,Apr-26,Karnal Railway Road S.O,,8,6,3,23,,10,5,28,,,6,
,13200111,Apr-26,Karnal Ram Nagar S.O,,9,,8,49,,40,9,162,,8,19,
,13200112,Apr-26,Karnal Sadar Bazar S.O,,4,,10,64,,26,3,95,,4,17,
,13200113,Apr-26,Karnal Sector 6 S.O,,8,2,3,70,,15,6,45,,3,22,
,H2345,Apr-26,Karsa Chor B.O,Assandh S.O,,,,1,,,,3,,,,
,M0920,Apr-26,Karsa Dod B.O,Nigdhu S.O,,,1,5,,,,,,,,
,J1730,Apr-26,Karsaula B.O,Julana S.O,,,2,,,1,,,,,,
,M7008,Apr-26,Karsindhu B.O,Uchana S.O,,,2,,,5,,6,,,,
,F0122,Apr-26,Karsindu B.O,Safidon S.O,,,,,,3,,,,,,
,M7009,Apr-26,Kasun B.O,Uchana S.O,,,1,,,1,,4,,,,
,J7226,Apr-26,Katleri B.O,Jundla S.O,,,1,,,2,,5,,,,
,M0906,Apr-26,Kendela B.O,Naguran S.O,,,,1,,,,,,,,
,J1731,Apr-26,Kerela B.O,Julana S.O,,,2,3,,2,,4,,,,
,M0916,Apr-26,Khanda B.O,Alewa S.O,,,3,,,2,,,,,,
,H9717,Apr-26,Khanpur B.O,Indri S.O,,,1,,,3,,4,,,,
,M7010,Apr-26,Kharakbhura B.O,Uchana S.O,,,1,,,2,,11,,,,
,F1505,Apr-26,Kharakramji B.O,Jind H.O,,,6,,,2,,,,,,
,C4884,Apr-26,Kharal B.O,Narwana S.O,,,2,3,,4,,2,,,,
,M7011,Apr-26,Khatkar B.O,Uchana S.O,,,2,4,,2,,5,,,,
,H9718,Apr-26,Khera B.O,Indri S.O,,,2,1,,3,,21,,,,
,H9719,Apr-26,Kheri Bhutan B.O,Indri S.O,,,,2,,4,,5,,,,
,A8239,Apr-26,Kheri Khermawati B.O,Safidon S.O,,,7,,,3,,2,,,,
,H9720,Apr-26,Kheri Man Singh B.O,Indri S.O,,,2,2,,1,,6,,,,
,J7227,Apr-26,Kheri Naroo B.O,Jundla S.O,,,1,,,3,,,,,,
,H2346,Apr-26,Kheri Sarf Ali B.O,Assandh S.O,,,2,1,,1,,,,,,
,L8258,Apr-26,Khirajpur B.O,Kunjpura S.O,,,,,,3,,,,,,
,L8767,Apr-26,Khojkipur B.O,Atta S.O,,,1,,,2,,,,,,
,L8194,Apr-26,Khora Kheri B.O,Gharunda S.O,,,4,1,,3,,5,,,,
,F8317,Apr-26,Khrindwal B.O,Narwana S.O,,,4,,,1,,,,,,
,M0964,Apr-26,Khunga Kothi B.O,Dharthrath S.O,,,1,4,,,,,,,,
,J1732,Apr-26,Kila Zaffargarh B.O,Julana S.O,,,4,,,1,,1,,,,
,M0895,Apr-26,Kinana B.O,Shamlo Kalan S.O,,,2,,,2,,2,,,,
,G6854,Apr-26,Kiwana B.O,Samalkha S.O,,,2,,,4,,4,,,,
,L8195,Apr-26,Kohand B.O,Gharunda S.O,,,4,5,,2,,2,,,,
,M0907,Apr-26,Kuchrana Kalan B.O,Naguran S.O,,,2,,,1,,,,,,
,13202201,Apr-26,Kunjpura S.O,,1,,6,21,,5,,19,,5,4,
,M0988,Apr-26,Kurana B.O,Israna S.O,,,3,1,,4,,,,,,
,A5882,Apr-26,Kurar B.O,Panipat Khadi Ashram S.O,,,3,5,,2,,5,,,,
,M0898,Apr-26,Kurlan B.O,Salwan S.O,,,1,,,1,,1,,,,
,M1035,Apr-26,Kuruk Jagir B.O,Taraori S.O,,,3,,,2,,,,,,
,M1002,Apr-26,Kutail B.O,Madhuban S.O (Karnal),,,4,6,,5,,,,,,
,J1733,Apr-26,Lajwan Kalan B.O,Julana S.O,,,1,1,,4,,,,,,
,L8196,Apr-26,Lalupura B.O,Gharunda S.O,,,7,1,,1,,,,,,
,M0908,Apr-26,Lodhar B.O,Naguran S.O,,,,,,1,,3,,,,
,F3017,Apr-26,Lohari B.O,Panipat Thermal Project S.O,,,1,,,4,,3,,,,
,G6877,Apr-26,Lowan B.O,Narwana S.O,,,5,1,,1,,,,,,
,M1470,Apr-26,Ludana B.O,Pillukhera S.O,,,1,,,,,,,,,
,G6855,Apr-26,Machhrauli B.O,Samalkha S.O,,,3,1,,4,,3,,,,
,13203701,Apr-26,Madhuban PTC S.O,,,1,3,6,,3,2,1,,2,1,
,13203702,Apr-26,Madhuban S.O (Karnal),,2,,4,15,,16,1,3,,,6,
,13211301,Apr-26,Madlauda S.O,,2,1,14,14,,23,2,24,,2,2,
,J9600,Apr-26,Mahoti B.O,Patti Kalyana S.O,,,1,5,,2,,2,,,,
,M0921,Apr-26,Majra Rodan B.O,Nigdhu S.O,,,1,,,1,,,,,,
,M7012,Apr-26,Makhand B.O,Uchana S.O,,,1,,,1,,,,,,
,F0123,Apr-26,Malar B.O,Safidon S.O,,,1,,,2,,,,,,
,F8541,Apr-26,Malikpur B.O,Safidon S.O,,,,,,1,,,,,,
,J1734,Apr-26,Malwi B.O,Julana S.O,,,3,,,2,,,,,,
,C4870,Apr-26,Manana B.O,Samalkha S.O,,,3,2,,3,,1,,,,
,M0989,Apr-26,Mandi B.O,Israna S.O,,,2,1,,7,,22,,,,
,M0909,Apr-26,Mandi Kalan B.O,Naguran S.O,,,1,2,,,,,,,,
,M0959,Apr-26,Mangalpur B.O,Dhanoda Kalan S.O,,,3,3,,3,,5,,,,
,J6650,Apr-26,Manjura B.O,Nissing S.O,,,5,,,,,,,,,
,E3162,Apr-26,Manohar Pur B.O,Jind H.O,,,4,,,1,,2,,,,
,H2347,Apr-26,Mardanheri B.O,Assandh S.O,,,1,4,,,,,,,,
,J6651,Apr-26,Mehmal B.O,Nissing S.O,,,1,,,3,,6,,,,
,J1735,Apr-26,Mehrara B.O,Julana S.O,,,2,1,,3,,3,,,,
,12611603,Apr-26,Mini secretriat Narwana S.O,,,,1,8,,2,,,,,,
,13200114,Apr-26,Mini sectt  sector 12 Kanral S.O,,,1,2,14,,,1,,,,,
,13210311,Apr-26,Mini Sectt Panipat,,,,4,4,,7,3,,,,,
,M0965,Apr-26,Mohammad Khera B.O,Dharthrath S.O,,,1,,,5,,,,,,
,M7013,Apr-26,Mohangarh B.O,Uchana S.O,,,5,,,1,,,,,,
,M1003,Apr-26,Mohidinpur B.O,Madhuban S.O (Karnal),,,3,2,,2,,,,,,
,M1471,Apr-26,Morkhi B.O,Pillukhera S.O,,,,2,,2,,1,,,,
,A8240,Apr-26,Mowana B.O,Safidon S.O,,,4,2,,2,,,,,,
,13204002,Apr-26,MUNAK,,,,7,10,,11,,4,,,,
,H9721,Apr-26,Muradhgarh B.O,Indri S.O,,,1,,,4,,4,,,,
,M1004,Apr-26,Nagla Megha B.O,Madhuban S.O (Karnal),,,10,,,2,,,,,,
,H9722,Apr-26,Nagla Roran B.O,Indri S.O,,,5,7,,3,,,,,,
,12612501,Apr-26,Naguran S.O,,2,4,8,6,,12,1,13,,3,1,
,L8259,Apr-26,Nalipar B.O,Kunjpura S.O,,,6,,,2,,,,,,
,E9900,Apr-26,Namunda B.O,Samalkha S.O,,,2,,,1,,1,,,,
,J1736,Apr-26,Nandgarh B.O,Julana S.O,,,1,,,,,,,,,
,M0973,Apr-26,Nangal B.O,Garhi Birbal S.O,,,1,1,,,,,,,,
,A5883,Apr-26,Nanhera B.O,Panipat Khadi Ashram S.O,,,2,8,,2,,4,,,,
,M0947,Apr-26,Nara B.O,Madlauda S.O,,,1,,,1,,,,,,
,B6409,Apr-26,Naraina B.O,Samalkha S.O,,,2,3,,1,,2,,,,
,M1036,Apr-26,Nariana B.O,Taraori S.O,,,1,,,,,1,,,,
,12611601,Apr-26,Narwana City S.O,,1,5,5,85,,37,2,119,,2,24,
,12611602,Apr-26,Narwana S.O,,8,4,26,97,,57,16,318,,9,40,
,13214501,Apr-26,Neoltha S.O,,2,2,2,35,,14,,38,,,,
,M0896,Apr-26,Nidana B.O,Shamlo Kalan S.O,,,4,2,,2,,1,,,,
,D4824,Apr-26,Nidani B.O,Jind H.O,,,2,,,1,,,,,,
,13215701,Apr-26,Nigdhu S.O,,,1,10,44,,13,2,4,,1,3,
,13211702,Apr-26,Nilokheri S.O,,2,2,17,87,,37,7,158,,10,20,
,C5080,Apr-26,Nimnabad B.O,Safidon S.O,,,3,,,,,,,,,
,E3163,Apr-26,Nirjan B.O,Jind H.O,,,3,1,,3,,,,,,
,13202401,Apr-26,Nissing S.O,,3,4,9,24,,11,,11,,2,3,
,D9416,Apr-26,Noorwala B.O,Panipat Khadi Ashram S.O,,,12,3,,9,,8,,,,
,J7228,Apr-26,Padha B.O,Jundla S.O,,,4,7,,4,,9,,,,
,M1037,Apr-26,Padhana B.O,Taraori S.O,,,,1,,3,,,,,,
,F8542,Apr-26,Paju Kalan B.O,Safidon S.O,,,1,,,,,,,,,
,M1031,Apr-26,Palri B.O,Neoltha S.O,,,2,1,,,,,,,,
,13210801,Apr-26,Panipat Beas Project S.O,,,1,4,6,,10,,16,,1,,
,13210302,Apr-26,Panipat City S.O,,7,1,5,22,,26,4,98,,8,12,
,13210303,Apr-26,Panipat GT Road S.O,,5,,15,15,,21,10,58,,,6,
,13210300,Apr-26,Panipat H.O,,35,1,48,90,,71,10,378,,44,68,
,D9417,Apr-26,Panipat Kathery (U) B.O,Panipat Khadi Ashram S.O,,,,11,,1,,9,,,,
,13210401,Apr-26,Panipat Khadi Ashram S.O,,1,,4,10,,9,2,2,,,1,
,13210304,Apr-26,Panipat Kishanpura S.O,,,2,10,20,,15,1,78,,9,5,
,13210305,Apr-26,Panipat Kranti Nagar S.O,,3,1,2,34,,20,2,110,,2,18,
,13210307,Apr-26,Panipat Model Town S.O,,9,1,3,6,,15,13,61,,4,21,
,13210308,Apr-26,Panipat N.S.M. S.O,,9,,17,27,,24,3,90,,4,25,
,13210601,Apr-26,Panipat NFL S.O,,7,,6,8,,4,2,33,,,2,
,13210309,Apr-26,Panipat Patel Nagar S.O,,6,,3,31,,22,2,168,,9,6,
,13214001,Apr-26,Panipat Refinary S.O,,1,3,3,2,,3,,0,,,,
,13210501,Apr-26,Panipat Thermal Project S.O,,2,4,4,12,,11,3,34,,2,5,
,M0990,Apr-26,Pardhana B.O,Israna S.O,,,2,1,,,,,,,,
,M1027,Apr-26,Pasina Kalan BO B.O,Panipat Beas Project S.O,,,1,,,3,,6,,,,
,H9723,Apr-26,Pathera B.O,Indri S.O,,,1,2,,5,,2,,,,
,13210201,Apr-26,Patti Kalyana S.O,,2,,1,32,,12,,30,,1,,
,J1737,Apr-26,Pauli B.O,Julana S.O,,,3,3,,1,,18,,,,
,M0917,Apr-26,Pegan B.O,Alewa S.O,,,2,1,,3,,10,,,,
,J7229,Apr-26,Peont B.O,Jundla S.O,,,3,,,2,,1,,,,
,M0900,Apr-26,Phaphrana B.O,Salwan S.O,,,,,,1,,4,,,,
,B6437,Apr-26,Pharain Kalan B.O,Narwana S.O,,,1,,,2,,2,,,,
,M1005,Apr-26,Phoosgarh B.O,Madhuban S.O (Karnal),,,,,,7,,,,,,
,E1532,Apr-26,Phullian Kalan B.O,Narwana S.O,,,1,6,,3,,10,,,,
,L8197,Apr-26,Phurlak B.O,Gharunda S.O,,,1,1,,,,5,,,,
,J7230,Apr-26,Picholia B.O,Jundla S.O,,,3,,,3,,,,,,
,12611301,Apr-26,Pillukhera S.O,,,,10,20,,8,,27,,4,3,
,B8055,Apr-26,Pindara B.O,Jind H.O,,,2,2,,2,,3,,,,
,A7991,Apr-26,Pipaltha B.O,Narwana S.O,,,3,,,2,,,,,,
,H2348,Apr-26,Popran B.O,Assandh S.O,,,1,1,,2,,7,,,,
,C2823,Apr-26,PPT Camp No. 2 B.O,Panipat Khadi Ashram S.O,,,,17,,,,,,,,
,M0991,Apr-26,Puther B.O,Israna S.O,,,2,2,,3,,,,,,
,M0948,Apr-26,Qawi B.O,Madlauda S.O,,,1,1,,1,,,,,,
,F9948,Apr-26,Radhana B.O,Jind H.O,,,1,2,,2,,3,,,,
,H2349,Apr-26,Rahra B.O,Assandh S.O,,,3,,,2,,2,,,,
,L8198,Apr-26,Raipur Jattan B.O,Gharunda S.O,,,1,4,,,,1,,,,
,M1450,Apr-26,Rair Kalan B.O,Panipat Refinary S.O,,,3,,,3,,,,,,
,M0922,Apr-26,Raison B.O,Nigdhu S.O,,,1,3,,5,,,,,,
,C4885,Apr-26,Rajgarh Gurthali B.O,Narwana S.O,,,,2,,,,,,,,
,D9418,Apr-26,Rajkheri B.O,Panipat Khadi Ashram S.O,,,1,,,2,,,,,,
,E1733,Apr-26,Ram Nagar B.O,Safidon S.O,,,2,2,,3,,8,,,,
,E3164,Apr-26,Ram Rai B.O,Jind H.O,,,5,,,3,,3,,,,
,M1038,Apr-26,Ramana Ramani B.O,Taraori S.O,,,1,2,,,,,,,,
,M1039,Apr-26,Ramba B.O,Taraori S.O,,,1,,,1,,,,,,
,M1006,Apr-26,Ranwar B.O,Madhuban S.O (Karnal),,,2,,,1,,2,,,,
,A7992,Apr-26,Rasidan B.O,Narwana S.O,,,2,,,1,,,,,,
,AL089,Apr-26,RASULPUR KHURD B.O,Madhuban S.O (Karnal),,,,1,,,,,,,,
,13214002,Apr-26,Refinery Township Panipat SO,,1,,1,2,,7,,4,,,4,
,D9419,Apr-26,Risalu B.O,Panipat Khadi Ashram S.O,,,3,1,,1,,,,,,
,M0966,Apr-26,Ritauli B.O,Dharthrath S.O,,,,,,,,2,,,,
,C5081,Apr-26,Rohar B.O,Safidon S.O,,,5,1,,2,,6,,,,
,A8241,Apr-26,Rojhla B.O,Safidon S.O,,,2,,,,,6,,,,
,B8056,Apr-26,Roop Garh B.O,Jind H.O,,,1,,,3,,2,,,,
,L8199,Apr-26,S.P. Khalsa B.O,Gharunda S.O,,,,2,,,,1,,,,
,M1007,Apr-26,S.P. Sohana B.O,Madhuban S.O (Karnal),,,1,1,,1,,14,,,,
,13202301,Apr-26,S.S. Kunjpura S.O,,,,2,3,,1,,6,,,1,
,M0960,Apr-26,Sachha Khera B.O,Dhanoda Kalan S.O,,,1,,,1,,,,,,
,12611201,Apr-26,Safidon City S.O,,2,,13,117,,39,8,150,,2,3,
,12611202,Apr-26,Safidon S.O,,2,1,17,23,,15,3,76,,2,18,
,M1040,Apr-26,Sagga B.O,Taraori S.O,,,,4,,2,,2,,,,
,M0961,Apr-26,Sainthali B.O,Dhanoda Kalan S.O,,,1,,,2,,,,,,
,13204601,Apr-26,Salwan S.O,,,,8,5,,16,,12,,,,
,13210101,Apr-26,Samalkha S.O,,10,2,18,42,,35,9,68,,3,21,
,J2767,Apr-26,Samana Bahu B.O,Nilokheri S.O,,,5,,,1,,2,,,,
,M0923,Apr-26,Samlbhi B.O,Nigdhu S.O,,,2,,,,,5,,,,
,C2824,Apr-26,Sanauli Khurd B.O,Panipat Khadi Ashram S.O,,,,,,,,15,,,,
,J2768,Apr-26,Sandhir B.O,Nilokheri S.O,,,2,,,3,,16,,,,
,M0910,Apr-26,Sandil B.O,Naguran S.O,,,,,,1,,1,,,,
,H9724,Apr-26,Sanghowa B.O,Indri S.O,,,5,1,,3,,,,,,
,M0924,Apr-26,Sanwat B.O,Nigdhu S.O,,,1,,,,,,,,,
,13200115,Apr-26,Sector 4 Karnal S.O,,,6,2,7,,8,3,21,,1,1,
,13200116,Apr-26,Sector 8 Karnal S.O,,2,,4,26,,13,8,80,,4,2,
,M0992,Apr-26,Seenk B.O,Israna S.O,,,2,,,2,,2,,,,
,M0993,Apr-26,Shahpur B.O,Israna S.O,,,2,,,4,,6,,,,
,M0911,Apr-26,Shahpur B.O,Naguran S.O,,,8,1,,,,6,,,,
,M1042,Apr-26,Shamgarh B.O,Taraori S.O,,,1,,,3,,6,,,,
,12611401,Apr-26,Shamlo Kalan S.O,,,3,2,6,,5,,11,,1,,
,M0949,Apr-26,Shera B.O,Madlauda S.O,,,2,,,2,,1,,,,
,F3018,Apr-26,Shodapur B.O,Panipat Thermal Project S.O,,,4,1,,12,,6,,,,
,J2769,Apr-26,Sidhpur B.O,Nilokheri S.O,,,1,3,,3,,,,,,
,J2770,Apr-26,Sikri B.O,Nilokheri S.O,,,1,1,,1,,36,,,,
,E1734,Apr-26,Silakheri B.O,Safidon S.O,,,3,1,,3,,,,,,
,A9642,Apr-26,Sindhwi Kheri B.O,Jind H.O,,,1,,,,,,,,,
,F0124,Apr-26,Singhana B.O,Safidon S.O,,,3,1,,,,1,,,,
,J6652,Apr-26,Singhra B.O,Nissing S.O,,,1,1,,,,,,,,
,D3216,Apr-26,Singhwal B.O,Narwana S.O,,,3,1,,1,,14,,,,
,G6878,Apr-26,Sinsar B.O,Narwana S.O,,,4,,,1,,,,,,
,J6653,Apr-26,Sirsi B.O,Nissing S.O,,,,4,,2,,2,,,,
,M0925,Apr-26,Sitamai B.O,Nigdhu S.O,,,,2,,,,,,,,
,M1028,Apr-26,Siwaha B.O,Panipat Beas Project S.O,,,2,2,,1,,3,,,,
,M1472,Apr-26,Siwaha B.O,Pillukhera S.O,,,1,1,,2,,,,,,
,C5082,Apr-26,Siwan Mal B.O,Safidon S.O,,,1,,,2,,,,,,
,L8200,Apr-26,Staundi B.O,Gharunda S.O,,,1,1,,1,,5,,,,
,M1023,Apr-26,Subri B.O,S.S. Kunjpura S.O,,,1,,,,,,,,,
,M7014,Apr-26,Sudkain Kalan B.O,Uchana S.O,,,1,1,,2,,,,,,
,F8318,Apr-26,Sudkain Khurd B.O,Narwana S.O,,,7,2,,1,,1,,,,
,E1533,Apr-26,Sulhera B.O,Narwana S.O,,,2,,,,,,,,,
,M1044,Apr-26,Sultanpur B.O,Taraori S.O,,,3,14,,3,,,,,,
,B1214,Apr-26,Sutana B.O,Panipat Thermal Project S.O,,,1,6,,1,,,,,,
,13211601,Apr-26,Taraori S.O,,2,,5,59,,23,1,36,,8,7,
,13211602,Apr-26,Taroari Mandi S.O,,,,5,15,,9,,4,,1,2,
,H2350,Apr-26,Thal B.O,Assandh S.O,,,1,2,,,,,,,,
,M0901,Apr-26,Thari B.O,Salwan S.O,,,2,2,,,,,,,,
,M0912,Apr-26,Thua B.O,Naguran S.O,,,5,,,,,,,,,
,M1024,Apr-26,Tikri B.O,S.S. Kunjpura S.O,,,3,1,,,,,,,,
,M1045,Apr-26,Uchana B.O,Taraori S.O,,,7,9,,1,,10,,,,
,M7015,Apr-26,Uchana Khrud B.O,Uchana S.O,,,2,,,1,,,,,,
,12611501,Apr-26,Uchana S.O,,5,1,24,8,,23,4,42,,4,4,
,J2771,Apr-26,Udana B.O,Nilokheri S.O,,,2,1,,2,,,,,,
,C2825,Apr-26,Ugra Kheri B.O,Panipat Khadi Ashram S.O,,,7,1,,1,,8,,,,
,E1534,Apr-26,Ujhana B.O,Narwana S.O,,,4,1,,5,,5,,,,
,M1008,Apr-26,Uncha Samana B.O,Madhuban S.O (Karnal),,,4,,,7,,1,,,,
,C7905,Apr-26,Untla B.O,Panipat Thermal Project S.O,,,4,2,,1,,9,,,,
,H2351,Apr-26,Uplana B.O,Assandh S.O,,,5,2,,5,,,,,,
,M0994,Apr-26,Urlana Kalan B.O,Israna S.O,,,1,1,,,,2,,,,
,M0950,Apr-26,Waisor B.O,Madlauda S.O,,,1,,,2,,,,,,
,M6992,Apr-26,Agondh B.O,Guhla S.O,,,1,,,1,,,,,,
,I3621,Apr-26,Ahun B.O,Kaul S.O,,,,,,3,,1,,,,
,D2685,Apr-26,Ajrana Kalan B.O,Jhansa S.O,,,1,1,,,,,,,,
,L5289,Apr-26,Ajrawar B.O,Thol S.O,,,,,,1,,,,,,
,13603801,Apr-26,Amin S.O,,2,1,6,5,,9,,4,,1,,
,13615601,Apr-26,Babain S.O,,2,,9,15,,17,1,42,,,2,
,L6311,Apr-26,Badsikri Kalan B.O,Kalayat S.O,,,3,,,3,,,,,,
,J3506,Apr-26,Badsui B.O,Chika S.O,,,3,,,3,,,,,,
,I5225,Apr-26,Bagthala B.O,Kurukshetra University S.O,,,,2,,1,,,,,,
,H9070,Apr-26,Bakal B.O,Pai S.O,,,2,,,1,,1,,,,
,H1134,Apr-26,Bakali B.O,Ladwa S.O,,,1,2,,3,,41,,,,
,B1172,Apr-26,Bakhli B.O,Pehowa S.O,,,1,,,3,,2,,,,
,L6312,Apr-26,Balu B.O,Kalayat S.O,,,8,9,,2,,6,,,,
,H1135,Apr-26,Ban B.O,Ladwa S.O,,,1,,,1,,9,,,,
,H1136,Apr-26,Bapdi B.O,Ladwa S.O,,,1,,,7,,4,,,,
,H3315,Apr-26,Bargat B.O,Babain S.O,,,5,6,,3,,3,,,,
,I5226,Apr-26,Barna B.O,Kurukshetra University S.O,,,6,6,,8,,5,,,,
,H1137,Apr-26,Barout B.O,Ladwa S.O,,,4,4,,1,,1,,,,
,L6351,Apr-26,Barsana B.O,Pundri S.O,,,,,,2,,4,,,,
,AM119,Apr-26,Barta BO,Kaithal S.O,,,3,2,,,,,,,,
,I5227,Apr-26,Barwa B.O,Kurukshetra University S.O,,,1,1,,5,,6,,,,
,L6258,Apr-26,Batheri B.O,Gumthala Garhu S.O,,,1,,,,,,,,,
,L6313,Apr-26,Batta B.O,Kalayat S.O,,,5,,,5,,5,,,,
,J3508,Apr-26,Baupur B.O,Chika S.O,,,,,,,,1,,,,
,H3316,Apr-26,Bhagwanpur B.O,Babain S.O,,,3,,,3,,4,,,,
,H9071,Apr-26,Bhana B.O,Pai S.O,,,2,1,,6,,4,,,,
,I5228,Apr-26,Bhor Saida B.O,Kurukshetra University S.O,,,,1,,3,,,,,,
,A2668,Apr-26,Bhorakh B.O,Pehowa S.O,,,1,,,,,1,,,,
,J3510,Apr-26,Bhuna B.O,Chika S.O,,,4,2,,7,,42,,,,
,J3511,Apr-26,Bhuslan B.O,Chika S.O,,,7,1,,1,,16,,,,
,F7829,Apr-26,Bhusthala B.O,Jhansa S.O,,,2,,,3,,15,,,,
,L6337,Apr-26,Bir Bangran B.O,Rajound S.O,,,3,6,,3,,18,,,,
,H3317,Apr-26,Bir Kalwa B.O,Babain S.O,,,,,,1,,6,,,,
,B1795,Apr-26,Bir Mathana B.O,Pipli S.O,,,8,1,,,,,,,,
,13611801,Apr-26,Birla Mandir S.O,,2,,,17,,5,2,41,,6,2,
,D6357,Apr-26,Bodhni B.O,Pehowa S.O,,,,,,,,2,,,,
,E5321,Apr-26,Bodla B.O,Pipli S.O,,,2,,,9,,4,,,,
,H1138,Apr-26,Brahan BO,Ladwa S.O,,,,5,,1,,7,,,,
,L5398,Apr-26,Budha Khera B.O,Kaithal S.O,,,3,1,,4,,18,,,,
,L4439,Apr-26,Chaduni Jattan B.O,Shahabad(M) S.O,,,,,,,,2,,,,
,H2808,Apr-26,Chammu Kalan B.O,Ismailabad S.O,,,2,5,,,,,,,,
,L5399,Apr-26,Chandana B.O,Kaithal S.O,,,3,2,,7,,20,,,,
,L6193,Apr-26,Chandlana B.O,Dhand S.O,,,,3,,,,9,,,,
,L6314,Apr-26,Chaushala B.O,Kalayat S.O,,,,3,,3,,9,,,,
,13603401,Apr-26,Chika S.O,,5,,26,68,,35,3,26,,1,5,
,J3512,Apr-26,Daba B.O,Chika S.O,,,,3,,1,,,,,,
,I5229,Apr-26,Dabkheri B.O,Kurukshetra University S.O,,,2,,,1,,1,,,,
,L4440,Apr-26,Deeg B.O,Shahabad(M) S.O,,,1,4,,13,,,,,,
,L6352,Apr-26,Deeg B.O,Pundri S.O,,,5,4,,5,,3,,,,
,L5400,Apr-26,Deoban B.O,Kaithal S.O,,,1,,,2,,3,,,,
,L5401,Apr-26,Deohera B.O,Kaithal S.O,,,1,,,5,,,,,,
,L5402,Apr-26,Dewal B.O,Kaithal S.O,,,,1,,2,,1,,,,
,13602001,Apr-26,Dhand S.O,,2,,8,13,,16,1,16,,,,
,L6316,Apr-26,Dhundwa B.O,Kalayat S.O,,,,2,,1,,22,,,,
,I5230,Apr-26,Dhurala B.O,Kurukshetra University S.O,,,1,1,,,,1,,,,
,L6315,Apr-26,Dubbal B.O,Kalayat S.O,,,1,1,,,,,,,,
,H3318,Apr-26,Dudhla B.O,Babain S.O,,,,,,3,,20,,,,
,M6993,Apr-26,Duserpur B.O,Guhla S.O,,,3,,,1,,1,,,,
,13604201,Apr-26,Fatehpur S.O (Kaithal),,1,2,2,22,,16,3,27,,2,2,
,J3513,Apr-26,Gaggarpur B.O,Chika S.O,,,1,4,,1,,1,,,,
,H1139,Apr-26,Gajlana B.O,Ladwa S.O,,,,,,8,,15,,,,
,L5403,Apr-26,Geong B.O,Kaithal S.O,,,7,,,4,,,,,,
,L4441,Apr-26,Golpura B.O,Shahabad(M) S.O,,,1,1,,1,,,,,,
,H1140,Apr-26,Gudha B.O,Ladwa S.O,,,,1,,13,,20,,,,
,13603501,Apr-26,Guhla S.O,,1,1,5,6,,18,,30,,,1,
,L5404,Apr-26,Guhna B.O,Kaithal S.O,,,2,,,3,,30,,,,
,L5405,Apr-26,Gulyana Songri B.O,Rajound S.O,,,,3,,2,,2,,,,
,13603001,Apr-26,Gumthala Garhu S.O,,,,3,8,,6,1,5,,,3,
,L6353,Apr-26,Habri B.O,Pundri S.O,,,1,1,,2,,11,,,,
,L6354,Apr-26,Hajwana B.O,Pundri S.O,,,,3,,5,,14,,,,
,J3514,Apr-26,Harigarh Kingan B.O,Chika S.O,,,1,1,,2,,17,,,,
,L4442,Apr-26,Haripur B.O,Shahabad(M) S.O,,,2,,,1,,2,,,,
,L6317,Apr-26,Haripura B.O,Kalayat S.O,,,2,4,,1,,2,,,,
,L5406,Apr-26,Harsola B.O,Kaithal S.O,,,1,16,,1,,13,,,,
,I5232,Apr-26,Hassanpur B.O,Kurukshetra University S.O,,,1,1,,2,,3,,,,
,I5233,Apr-26,Hathira B.O,Kurukshetra University S.O,,,,,,3,,12,,,,
,F2974,Apr-26,Ishaq B.O,Pehowa S.O,,,,4,,2,,,,,,
,13612901,Apr-26,Ismailabad S.O,,4,,9,51,,18,5,76,,5,6,
,L6194,Apr-26,Jadola B.O,Dhand S.O,,,1,,,2,,1,,,,
,L6195,Apr-26,Jajjanpur B.O,Dhand S.O,,,,20,,,,40,,,,
,L5407,Apr-26,Jakholi B.O,Rajound S.O,,,3,2,,2,,2,,,,
,H2809,Apr-26,Jalbehra B.O,Ismailabad S.O,,,2,,,,,1,,,,
,L4443,Apr-26,Jandheri B.O,Shahabad(M) S.O,,,4,1,,10,,14,,,,
,H3319,Apr-26,Jandola B.O,Babain S.O,,,,1,,1,,,,,,
,13613001,Apr-26,Jhansa S.O,,2,,3,21,,26,,49,,3,3,
,13611802,Apr-26,Judicial Complex Kurukshetra S.O,,2,,1,42,,11,4,47,,1,12,
,I5234,Apr-26,Jyotisar B.O,Kurukshetra University S.O,,,3,2,,3,,10,,,,
,L6318,Apr-26,Kailram B.O,Kalayat S.O,,,4,,,,,7,,,,
,13602701,Apr-26,Kaithal City S.O,,5,1,2,147,,40,1,56,,12,10,
,13602702,Apr-26,Kaithal S.O,,12,2,27,145,,58,8,124,,5,37,
,H9072,Apr-26,Kakot B.O,Pai S.O,,,,,,2,,,,,,
,L6259,Apr-26,Kakral Gujran B.O,Gumthala Garhu S.O,,,1,,,1,,,,,,
,I5447,Apr-26,Kakrala Inayat B.O,Siwan S.O,,,,,,3,,15,,,,
,H3320,Apr-26,Kalal Majra B.O,Babain S.O,,,4,1,,8,,,,,,
,L6319,Apr-26,Kalasar B.O,Kalayat S.O,,,2,1,,2,,,,,,
,L6320,Apr-26,Kalayat Mandi B.O,Kalayat S.O,,,,5,,,,,,,,
,13611701,Apr-26,Kalayat S.O,,8,1,9,30,,18,3,61,,1,13,
,H1141,Apr-26,Kalirano B.O,Ladwa S.O,,,1,2,,3,,,,,,
,L4444,Apr-26,Kalsana B.O,Shahabad(M) S.O,,,5,,,1,,14,,,,
,L4445,Apr-26,Kalyana B.O,Shahabad(M) S.O,,,,6,,1,,2,,,,
,I5235,Apr-26,Kamoda B.O,Kurukshetra University S.O,,,3,1,,3,,5,,,,
,I5448,Apr-26,Kangthali B.O,Siwan S.O,,,6,2,,2,,5,,,,
,E4672,Apr-26,Karah B.O,Pehowa S.O,,,,1,,,,7,,,,
,13602703,Apr-26,Karnal Road Kaithal S.O,,5,1,12,95,,24,9,50,,1,9,
,H9073,Apr-26,Karora B.O,Pai S.O,,,,1,,,,4,,,,
,L5408,Apr-26,Kassan B.O,Rajound S.O,,,1,,,4,,,,,,
,13602101,Apr-26,Kaul S.O,,,,7,0,,2,,1,,2,,
,I5449,Apr-26,Kawartan B.O,Siwan S.O,,,4,,,4,,1,,,,
,L5409,Apr-26,Keorak B.O,Kaithal S.O,,,,5,,3,,1,,,,
,A3299,Apr-26,Khanpur Kolian B.O,Pipli S.O,,,3,1,,1,,,,,,
,L6321,Apr-26,Kharak Pandwan B.O,Kalayat S.O,,,1,,,,,,,,,
,J3515,Apr-26,Kharaudi B.O,Chika S.O,,,,2,,4,,,,,,
,L4446,Apr-26,Kharindwa B.O,Shahabad(M) S.O,,,2,,,8,,17,,,,
,M6995,Apr-26,Kharkan B.O,Guhla S.O,,,,,,1,,1,,,,
,H1142,Apr-26,Kheri Dabdallan B.O,Ladwa S.O,,,4,,,12,,4,,,,
,I5450,Apr-26,Kheri Gulam Ali B.O,Siwan S.O,,,4,,,5,,6,,,,
,I5236,Apr-26,Kheri Ram Nagar B.O,Kurukshetra University S.O,,,1,,,,,2,,,,
,L5410,Apr-26,Kheri Simbal Wali B.O,Rajound S.O,,,3,,,4,,1,,,,
,L5411,Apr-26,Khurana B.O,Kaithal S.O,,,2,3,,,,5,,,,
,I5237,Apr-26,Kirmuch B.O,Kurukshetra University S.O,,,3,2,,1,,6,,,,
,L6338,Apr-26,Kithana B.O,Rajound S.O,,,,1,,2,,4,,,,
,F3607,Apr-26,Kohlapur B.O,Pipli S.O,,,1,1,,2,,2,,,,
,L6322,Apr-26,Kolekhan B.O,Kalayat S.O,,,1,20,,,,1,,,,
,H9074,Apr-26,Kotra B.O,Pai S.O,,,1,2,,2,,9,,,,
,L5413,Apr-26,Kultaran B.O,Kaithal S.O,,,1,,,2,,8,,,,
,L6323,Apr-26,Kurar B.O,Kalayat S.O,,,3,3,,1,,7,,,,
,13611800,Apr-26,Kurukshetra H.O,,40,8,32,142,,60,43,243,,11,76,
,13611901,Apr-26,Kurukshetra University S.O,,8,6,13,37,,37,15,67,,2,12,
,L5414,Apr-26,Ladana Baba B.O,Kaithal S.O,,,3,1,,1,,,,,,
,I5451,Apr-26,Ladana Chaku B.O,Siwan S.O,,,1,,,3,,,,,,
,13613201,Apr-26,Ladwa S.O,,11,3,9,81,,52,7,93,,5,27,
,H3321,Apr-26,Lakhmari B.O,Babain S.O,,,4,5,,8,,11,,,,
,L5415,Apr-26,Lander Keema B.O,Kaithal S.O,,,1,,,1,,2,,,,
,L4447,Apr-26,Landi B.O,Shahabad(M) S.O,,,1,,,26,,16,,,,
,H1143,Apr-26,Lohara B.O,Ladwa S.O,,,,4,,4,,9,,,,
,I5238,Apr-26,Lukhi B.O,Kurukshetra University S.O,,,2,1,,1,,2,,,,
,L4448,Apr-26,Madanpur B.O,Shahabad(M) S.O,,,,5,,2,,2,,,,
,L5416,Apr-26,Majra Nand Karan B.O,Pai S.O,,,1,,,2,,6,,,,
,13613501,Apr-26,Majri Mohalla Shahabad S.O,,3,9,4,14,,13,,9,,1,,
,B1173,Apr-26,Malikpur B.O,Pehowa S.O,,,,10,,1,,,,,,
,L5417,Apr-26,Manas B.O,Kaithal S.O,,,2,,,,,,,,,
,L5290,Apr-26,Mandheri B.O,Thol S.O,,,,,,2,,1,,,,
,I5452,Apr-26,Mandi Sadra B.O,Siwan S.O,,,,9,,,,,,,,
,L6339,Apr-26,Mandwal B.O,Rajound S.O,,,1,,,1,,1,,,,
,M6996,Apr-26,Mastgarh B.O,Guhla S.O,,,1,1,,1,,,,,,
,L6324,Apr-26,Mataur B.O,Kalayat S.O,,,4,1,,2,,,,,,
,F3608,Apr-26,Mathana B.O,Pipli S.O,,,,,,2,,3,,,,
,J3517,Apr-26,Mengran B.O,Chika S.O,,,,,,1,,,,,,
,13602705,Apr-26,Model Town Kaithal S.O,,,,1,2,,6,,5,,,2,
,13611803,Apr-26,Mohan Nagar S.O (Kurukshetra),,11,1,11,65,,25,12,46,,4,21,
,13613401,Apr-26,Mohri S.O,,1,2,3,6,,4,1,,,,,
,H9317,Apr-26,Mundri B.O,Fatehpur S.O (Kaithal),,,,,,,,1,,,,
,A2669,Apr-26,Murtzapur B.O,Pehowa S.O,,,,,,2,,1,,,,
,L4449,Apr-26,Nagla B.O,Shahabad(M) S.O,,,1,1,,1,,,,,,
,H9318,Apr-26,Naina Dhos B.O,Fatehpur S.O (Kaithal),,,,,,1,,3,,,,
,H2810,Apr-26,Naisi B.O,Ismailabad S.O,,,,,,3,,3,,,,
,L4450,Apr-26,Nalvi B.O,Shahabad(M) S.O,,,5,1,,10,,17,,,,
,L5418,Apr-26,Narar B.O,Kaithal S.O,,,3,4,,1,,22,,,,
,L5419,Apr-26,Nauch B.O,Kaithal S.O,,,1,,,3,,5,,,,
,13613202,Apr-26,Ngm Ladwa S.O,,4,,2,69,,15,,60,,1,14,
,H1144,Apr-26,Niwarsi B.O,Ladwa S.O,,,,,,3,,,,,,
,L6196,Apr-26,Pabnawa B.O,Dhand S.O,,,,13,,,,5,,,,
,L5420,Apr-26,Padla B.O,Kaithal S.O,,,5,,,11,,115,,,,
,13604301,Apr-26,Pai S.O,,2,2,4,17,,17,1,68,,11,1,
,G2047,Apr-26,Palwal B.O,Pipli S.O,,,,5,,3,,,,,,
,L5421,Apr-26,Patti Afgan B.O,Kaithal S.O,,,1,6,,8,,5,,,,
,J3518,Apr-26,Peedal B.O,Chika S.O,,,2,,,2,,,,,,
,13612801,Apr-26,Pehowa S.O,,8,4,20,45,,38,11,43,,19,36,
,L5422,Apr-26,Peoda B.O,Kaithal S.O,,,,5,,2,,3,,,,
,I3623,Apr-26,Pharal B.O,Kaul S.O,,,,2,,6,,2,,,,
,H9075,Apr-26,Pilni B.O,Pai S.O,,,,,,2,,12,,,,
,13613101,Apr-26,Pipli S.O,,13,,9,28,,40,8,42,,6,18,
,H1145,Apr-26,Prahladpur B.O,Ladwa S.O,,,2,,,5,,,,,,
,13602601,Apr-26,Pundri S.O,,,,12,34,,23,3,115,,14,6,
,13604401,Apr-26,Rajound S.O,,1,2,8,1,,14,,9,,,,
,L6325,Apr-26,Ram Garh Pandwa B.O,Kalayat S.O,,,,,,1,,,,,,
,H3322,Apr-26,Ram Saran Majra B.O,Babain S.O,,,2,,,3,,6,,,,
,L6260,Apr-26,Ramgarh Ror B.O,Gumthala Garhu S.O,,,1,1,,,,,,,,
,H9319,Apr-26,Rasina B.O,Fatehpur S.O (Kaithal),,,,1,,1,,,,,,
,L4452,Apr-26,Rawa B.O,Shahabad(M) S.O,,,,,,5,,,,,,
,L6340,Apr-26,Rohera B.O,Rajound S.O,,,4,,,4,,,,,,
,H2811,Apr-26,Rohti B.O,Ismailabad S.O,,,1,,,1,,,,,,
,I5453,Apr-26,Sair B.O,Siwan S.O,,,1,1,,5,,3,,,,
,L6326,Apr-26,Sajuma B.O,Kalayat S.O,,,,,,1,,,,,,
,I3624,Apr-26,Sakra B.O,Kaul S.O,,,1,2,,6,,6,,,,
,I5239,Apr-26,Salarpur B.O,Kurukshetra University S.O,,,,4,,,,,,,,
,L4453,Apr-26,Samalkhi B.O,Shahabad(M) S.O,,,1,2,,3,,2,,,,
,B1174,Apr-26,Sandholi B.O,Pehowa S.O,,,,2,,1,,1,,,,
,L6327,Apr-26,Sanghan B.O,Kalayat S.O,,,4,2,,3,,,,,,
,H3323,Apr-26,Sanghor B.O,Babain S.O,,,,,,6,,8,,,,
,I3625,Apr-26,Sanghrouli B.O,Kaul S.O,,,5,2,,9,,6,,,,
,L6341,Apr-26,Santokh Majra B.O,Rajound S.O,,,1,,,,,,,,,
,13612802,Apr-26,Saraswati Mandir Pehowa S.O,,1,8,5,6,,12,1,39,,,4,
,A2670,Apr-26,Sarsa B.O,Pehowa S.O,,,1,26,,3,,,,,,
,H9320,Apr-26,Saunch B.O,Fatehpur S.O (Kaithal),,,,,,4,,16,,,,
,13611804,Apr-26,Sector 3 U E KKR S.O,,7,9,2,6,,5,9,12,,,,
,M6997,Apr-26,Seonmajra B.O,Guhla S.O,,,,,,2,,3,,,,
,L6261,Apr-26,Seonsar B.O,Gumthala Garhu S.O,,,2,,,,,,,,,
,H9076,Apr-26,Serhda B.O,Pai S.O,,,4,5,,3,,3,,,,
,13613502,Apr-26,Shahabad(M) S.O,,17,2,12,104,,52,25,213,,15,65,
,L5291,Apr-26,Shanti Nagar B.O,Thol S.O,,,1,1,,3,,5,,,,
,L4454,Apr-26,Sharif Garh B.O,Shahabad(M) S.O,,,,4,,1,,,,,,
,L6328,Apr-26,Simla B.O,Kalayat S.O,,,,7,,1,,,,,,
,L6355,Apr-26,Sirsal B.O,Pundri S.O,,,2,4,,3,,5,,,,
,L5423,Apr-26,Sirta B.O,Kaithal S.O,,,,,,3,,3,,,,
,H9077,Apr-26,Sisla Sismore B.O,Pai S.O,,,3,,,4,,3,,,,
,13602704,Apr-26,Siwan Gate Kaithal S.O,,10,,8,69,,28,5,186,,10,15,
,13603301,Apr-26,Siwan S.O,,1,,19,59,,41,,65,,5,6,
,L5424,Apr-26,Songal B.O,Pai S.O,,,,,,,,3,,,,
,L4455,Apr-26,Sudpur B.O,Shahabad(M) S.O,,,,,,2,,,,,,
,G6385,Apr-26,Tangore B.O,Jhansa S.O,,,2,,,3,,10,,,,
,L5425,Apr-26,Teek B.O,Dhand S.O,,,4,1,,4,,,,,,
,H9321,Apr-26,Teontha B.O,Fatehpur S.O (Kaithal),,,5,1,,7,,,,,,
,L6262,Apr-26,Thana B.O,Gumthala Garhu S.O,,,2,11,,,,3,,,,
,13611805,Apr-26,Thanesar Town S.O,,14,1,8,150,,29,9,170,,13,19,
,H2812,Apr-26,Thaska Miranji B.O,Ismailabad S.O,,,2,4,,1,,,,,,
,13613601,Apr-26,Thol S.O,,3,5,9,18,,23,,7,,,2,
,L4456,Apr-26,Tigri B.O,Shahabad(M) S.O,,,,1,,1,,,,,,
,L5426,Apr-26,Titram B.O,Kaithal S.O,,,2,5,,6,,1,,,,
,C8496,Apr-26,Umri B.O,Pipli S.O,,,3,,,1,,,,,,
,E4673,Apr-26,Urnai B.O,Pehowa S.O,,,4,11,,5,,,,,,
,L4457,Apr-26,Yara B.O,Shahabad(M) S.O,,,,2,,6,,,,,,
,J7405,Apr-26,Achhej BO,Matanhail SO,,,,,,2,,,,,,
,J7826,Apr-26,Akheri Madanpur BO,Sahlawas SO,,,1,,,1,,4,,,,
,12441101,Apr-26,Anwal SO,,2,,,6,,3,,26,,1,2,
,H3438,Apr-26,Assan BO,Kansala SO,,,1,,,3,,5,,,,
,12450501,Apr-26,Assaudha SO,,1,,2,16,,5,,7,,,,
,12402101,Apr-26,Asthal Bohar SO,,,,4,11,,4,1,4,,1,1,
,L5365,Apr-26,Atail BO,Sampla SO,,,2,,,1,,2,,,,
,12410501,Apr-26,Badli SO Jhajjar,,1,,2,1,,8,1,5,,,,
,L6154,Apr-26,Badsa BO,Badli SO Jhajjar,,,2,,,,,,,,,
,D6994,Apr-26,Baghpur BO,Beri SO,,,,,,,,11,,,,
,12450700,Apr-26,Bahadurgarh HO,,30,4,30,74,,71,24,89,,14,35,
,12450801,Apr-26,Bahadurgarh Mandi SO,,8,,6,72,,23,12,53,,4,21,
,12450702,Apr-26,Bahadurgarh Sector 6 SO,,11,1,4,24,,12,15,32,,2,14,
,H8733,Apr-26,Bahu Akbarpur BO,Mokhra SO,,,2,,,4,,1,,,,
,12414201,Apr-26,Bahu SO,,6,,2,14,,10,5,15,,1,,
,G2018,Apr-26,Bainsi BO,Nindana SO,,,1,2,,4,,13,,,,
,H3439,Apr-26,Bakheta BO,Kansala SO,,,,,,1,,,,,,
,F3618,Apr-26,Bakra BO,Beri SO,,,1,,,2,,48,,,,
,O0155,Apr-26,Baland BO,Police Training Center Sunaria SO,,,2,5,,,,4,,,,
,J7277,Apr-26,Baliana BO,Bhalaut SO,,,4,34,,9,,5,,,,
,L6155,Apr-26,Bamnaula BO,Badli SO Jhajjar,,,,,,2,,,,,,
,N9644,Apr-26,Bamnoli BO,Assaudha SO,,,1,1,,,,4,,,,
,D2955,Apr-26,Banyani BO,Anwal SO,,,,1,,,,,,,,
,N9645,Apr-26,Barahi BO,Assaudha SO,,,,2,,,,,,,,
,H3215,Apr-26,Barhana BO,Dighal SO,,,7,5,,3,,,,,,
,H8734,Apr-26,Basana BO,Mokhra SO,,,2,1,,4,,3,,,,
,H9416,Apr-26,Basantpur BO,Sanghi SO,,,2,8,,2,,5,,,,
,12420101,Apr-26,Beri SO,,5,3,13,24,,25,1,85,,3,6,
,N9277,Apr-26,Bhadani BO,Nehru College Jhajjar SO,,,1,1,,,,,,,,
,E5293,Apr-26,Bhagwatipur BO,Lakhan Majra SO,,,1,1,,1,,,,,,
,J9565,Apr-26,Bhaini Bharon BO,Mehem SO,,,3,30,,,,,,,,
,J9566,Apr-26,Bhaini Chanderpal BO,Mehem SO,,,3,4,,2,,93,,,,
,J9568,Apr-26,Bhaini Maharajpur BO,Mehem SO,,,,,,,,1,,,,
,J9567,Apr-26,Bhaini Surjan BO,Mehem SO,,,,1,,,,,,,,
,12440101,Apr-26,Bhalaut SO,,1,,3,9,,7,,23,,,1,
,O0156,Apr-26,Bhali Anandpur BO,Police Training Center Sunaria SO,,,,,,5,,2,,,,
,J7014,Apr-26,Bhambhewa BO,Asthal Bohar SO,,,1,1,,2,,2,,,,
,L5366,Apr-26,Bhaproda BO,Sampla SO,,,,,,1,,5,,,,
,H8968,Apr-26,Bharan BO,Madina SO,,,5,,,3,,3,,,,
,L5367,Apr-26,Bhasro Kalan BO,Sampla SO,,,1,31,,1,,,,,,
,D8689,Apr-26,Bhatera BO,Machrauli SO,,,3,,,1,,,,,,
,J3748,Apr-26,Bhindawas BO,Dhakla SO,,,,,,7,,3,,,,
,L6156,Apr-26,Bhupnia BO,Badli SO Jhajjar,,,,1,,,,1,,,,
,J7827,Apr-26,Bhurawas BO,Sahlawas SO,,,1,,,4,,,,,,
,J3749,Apr-26,Bilochpura BO,Dhakla SO,,,,11,,4,,5,,,,
,J7828,Apr-26,Birar BO,Sahlawas SO,,,1,,,3,,1,,,,
,D7057,Apr-26,Birdhana BO,Dujana SO,,,4,3,,1,,,,,,
,J7406,Apr-26,Birohar BO,Matanhail SO,,,8,,,1,,1,,,,
,A3311,Apr-26,Bishan BO,Beri SO,,,,24,,3,,4,,,,
,J7015,Apr-26,Bohar BO,Asthal Bohar SO,,,1,,,2,,5,,,,
,12400112,Apr-26,Bus Stand,,,,2,1,,,,,,1,,
,C0295,Apr-26,Chamanpura BO,Dujana SO,,,,9,,2,,2,,,,
,H9417,Apr-26,Chamaria BO,Sanghi SO,,,1,,,4,,4,,,,
,F3581,Apr-26,Chandi BO,Lakhan Majra SO,,,,,,1,,1,,,,
,12450401,Apr-26,Charra SO,,4,,2,18,,14,,40,,4,,
,AM118,Apr-26,Chhadwana BO,Dhakla SO,,,1,2,,5,,1,,,,
,B3544,Apr-26,Chhappar BO,Machrauli SO,,,5,,,1,,3,,,,
,H3216,Apr-26,Chhochi BO,Dighal SO,,,1,,,,,,,,,
,J7407,Apr-26,Chhuchhakwas BO,Matanhail SO,,,3,,,,,1,,,,
,J8915,Apr-26,Chimni BO,Kahnaur SO,,,2,2,,4,,7,,,,
,D6955,Apr-26,Chiri BO,Lakhan Majra SO,,,,,,3,,2,,,,
,H0668,Apr-26,Chudani BO,Charra SO,,,,,,2,,,,,,
,L5368,Apr-26,Chuliyana BO,Sampla SO,,,2,2,,3,,,,,,
,12410301,Apr-26,Court Complex Jhajjar SO,,3,,3,10,,6,1,16,,2,,
,L9900,Apr-26,Daboda Khurd BO,Bahadurgarh Mandi SO,,,1,,,2,,,,,,
,F4661,Apr-26,Dadanpur BO,Jhajjar SO,,,3,,,2,,3,,,,
,D7943,Apr-26,Dadri Toe BO,Jhajjar SO,,,4,,,,,,,,,
,J3750,Apr-26,Darauli BO,Dhakla SO,,,,,,7,,3,,,,
,E6293,Apr-26,Dawla Raiya BO,Jhajjar SO,,,1,,,4,,2,,,,
,L5369,Apr-26,Dehkora BO,Sampla SO,,,,1,,,,,,,,
,L6157,Apr-26,Deverkhana BO,Badli SO Jhajjar,,,1,,,,,2,,,,
,12410901,Apr-26,Dhakla SO,,5,2,3,16,,7,5,17,,1,,
,J7278,Apr-26,Dhamar BO,Bhalaut SO,,,,22,,5,,3,,,,
,H3217,Apr-26,Dhandlan BO,Dighal SO,,,,1,,1,,2,,,,
,J8916,Apr-26,Dharana BO,Kahnaur SO,,,3,2,,2,,2,,,,
,D6995,Apr-26,Dhaur BO,Beri SO,,,,10,,1,,1,,,,
,12410701,Apr-26,Dighal SO,,4,,3,39,,21,,129,,1,57,
,12400101,Apr-26,DLF Colony Rohtak SO,,1,,1,57,,15,7,69,,3,9,
,O0157,Apr-26,Dobh BO,Police Training Center Sunaria SO,,,,,,3,,6,,,,
,12420201,Apr-26,Dubaldhan SO,,1,1,1,18,,15,,35,,0,,
,12410201,Apr-26,Dujana SO,,,1,2,4,,6,,11,,1,3,
,L9901,Apr-26,Dulhera BO,Bahadurgarh Mandi SO,,,1,12,,2,,,,,,
,J9569,Apr-26,Farmana BO,Mehem SO,,,3,1,,4,,1,,,,
,O0158,Apr-26,Gaddi Kheri BO,Police Training Center Sunaria SO,,,,1,,,,,,,,
,12400102,Apr-26,Gandhi Camp SO,,10,1,2,40,,19,5,64,,9,6,
,L5370,Apr-26,Gandhra BO,Sampla SO,,,,23,,4,,4,,,,
,G6638,Apr-26,Garhi Ballab BO,Anwal SO,,,,,,1,,2,,,,
,L5371,Apr-26,Garhi BO,Sampla SO,,,,1,,,,14,,,,
,J8917,Apr-26,Garnauthi BO,Kahnaur SO,,,4,2,,,,,,,,
,F4662,Apr-26,Gawalison BO,Jhajjar SO,,,1,1,,5,,1,,,,
,C8463,Apr-26,Gharauthi BO,Lakhan Majra SO,,,1,,,2,,,,,,
,H9418,Apr-26,Ghillaur Kalan BO,Sanghi SO,,,2,,,3,,1,,,,
,H8969,Apr-26,Girawar BO,Madina SO,,,,,,,,1,,,,
,H3218,Apr-26,Gochhi BO,Dighal SO,,,5,2,,2,,17,,,,
,L9902,Apr-26,Goela Kalan BO,Bahadurgarh Mandi SO,,,,,,1,,,,,,
,12400103,Apr-26,Gohana Road SO Rohtak,,6,,3,30,,4,6,36,,,1,
,G9342,Apr-26,Goria BO,Bahu SO,,,,,,1,,1,,,,
,L6158,Apr-26,Gubhana BO,Badli SO Jhajjar,,,1,6,,,,1,,,,
,D7944,Apr-26,Gudha BO,Jhajjar SO,,,1,1,,1,,,,,,
,B2757,Apr-26,Gurukul Jhajjar BO,Jhajjar SO,,,2,,,1,,4,,,,
,C9509,Apr-26,Hasanpur BO,Jhajjar SO,,,7,,,1,,,,,,
,12440401,Apr-26,Hassangarh SO,,,1,0,17,,8,,20,,1,,
,H3440,Apr-26,Humayunpur BO,Kansala SO,,,,,,1,,3,,,,
,12400115,Apr-26,Indra Colony Rohtak S.O,,,,9,9,,8,,10,,,2,
,L5373,Apr-26,Ismaila BO,Sampla SO,,,4,4,,2,,3,,,,
,N9278,Apr-26,Jahangirpur BO,Nehru College Jhajjar SO,,,1,13,,9,,8,,,,
,A4293,Apr-26,Jahazgarh BO,Jhajjar SO,,,,,,1,,9,,,,
,N9646,Apr-26,Jakhauda BO,Assaudha SO,,,,2,,1,,3,,,,
,12400104,Apr-26,Janta Colony Rohtak SO,,2,,,75,,16,1,76,,,12,
,N9647,Apr-26,Jassaur Kheri BO,Assaudha SO,,,3,3,,6,,2,,,,
,H9419,Apr-26,Jassia BO,Sanghi SO,,,2,1,,1,,4,,,,
,12400105,Apr-26,Jhajjar Road Rohtak SO,,3,,1,12,,2,,36,,3,7,
,12410302,Apr-26,Jhajjar SO,,25,4,26,249,,103,11,365,,7,25,
,G9343,Apr-26,Jhamri BO,Bahu SO,,,,,,1,,,,,,
,J7829,Apr-26,Jhanswa Kalan BO,Sahlawas SO,,,2,1,,3,,,,,,
,J7408,Apr-26,Jharli BO,Matanhail SO,,,2,,,1,,19,,,,
,H9420,Apr-26,Jindran BO,Sanghi SO,,,,1,,2,,5,,,,
,N9279,Apr-26,Jnv Kiloi BO,Nehru College Jhajjar SO,,,2,1,,2,,2,,,,
,F4663,Apr-26,Jondhi BO,Jhajjar SO,,,,,,1,,,,,,
,N9280,Apr-26,Kablana BO,Nehru College Jhajjar SO,,,,,,1,,1,,,,
,B1803,Apr-26,Kabulpur BO,Beri SO,,,1,51,,1,,,,,,
,12441201,Apr-26,Kahnaur SO,,2,1,5,15,,12,,95,,1,3,
,H9421,Apr-26,Kahni BO,Sanghi SO,,,2,,,,,1,,,,
,B3545,Apr-26,Kahri BO,Machrauli SO,,,6,,,2,,3,,,,
,12411301,Apr-26,Kalanaur SO Rohtak,,2,,12,21,,22,2,41,,,3,
,J7016,Apr-26,Kanheli BO,Asthal Bohar SO,,,,,,,,4,,,,
,N9648,Apr-26,KANONDA BO,Assaudha SO,,,,,,,,1,,,,
,12440601,Apr-26,Kansala SO,,,,0,4,,2,,9,,,,
,AK737,Apr-26,Karodha BO,Jhajjar SO,,,3,2,,1,,,,,,
,O0159,Apr-26,Karontha BO,Police Training Center Sunaria SO,,,2,4,,2,,,,,,
,J7017,Apr-26,Karor BO,Asthal Bohar SO,,,3,2,,,,9,,,,
,J3751,Apr-26,Kasni BO,Dhakla SO,,,1,1,,5,,4,,,,
,L9903,Apr-26,Kassar BO,Bahadurgarh Mandi SO,,,,1,,,,,,,,
,J2618,Apr-26,Katesra BO,Kalanaur SO Rohtak,,,1,,,,,,,,,
,J7409,Apr-26,Khachrauli BO,Matanhail SO,,,1,1,,1,,3,,,,
,J2619,Apr-26,Khairari BO,Kalanaur SO Rohtak,,,,2,,1,,80,,,,
,C0197,Apr-26,Kharainti BO,Lakhan Majra SO,,,5,1,,4,,1,,,,
,J7018,Apr-26,Kharawar BO,Asthal Bohar SO,,,1,4,,2,,18,,,,
,L5374,Apr-26,Kharhar BO,Sampla SO,,,,,,,,1,,,,
,H8970,Apr-26,Kharkhara BO,Madina SO,,,,,,3,,,,,,
,L9904,Apr-26,Kharman BO,Bahadurgarh Mandi SO,,,2,2,,1,,5,,,,
,E6294,Apr-26,Khatiwas BO,Jhajjar SO,,,,1,,,,2,,,,
,N9281,Apr-26,Kheri Asra BO,Nehru College Jhajjar SO,,,1,6,,2,,1,,,,
,J7019,Apr-26,Kheri Sadh BO,Asthal Bohar SO,,,1,2,,2,,,,,,
,J3752,Apr-26,Khetawas BO,Dhakla SO,,,1,1,,9,,2,,,,
,H9422,Apr-26,Khidwali BO,Sanghi SO,,,5,3,,4,,2,,,,
,G9345,Apr-26,Khorra BO,Bahu SO,,,,,,4,,,,,,
,C2008,Apr-26,Khudan BO,Machrauli SO,,,1,,,,,2,,,,
,N9282,Apr-26,Khungai BO,Nehru College Jhajjar SO,,,,1,,5,,,,,,
,J7279,Apr-26,Kiloi BO,Bhalaut SO,,,1,2,,2,,5,,,,
,N9649,Apr-26,Kulasi BO,Assaudha SO,,,1,,,2,,1,,,,
,L5375,Apr-26,Kultana BO,Sampla SO,,,,5,,5,,,,,,
,J7830,Apr-26,Ladain BO,Sahlawas SO,,,1,1,,3,,1,,,,
,J7280,Apr-26,Ladout BO,Bhalaut SO,,,,,,,,1,,,,
,N9650,Apr-26,LADRAWAN BO,Assaudha SO,,,,3,,2,,6,,,,
,A7770,Apr-26,Lahli BO,Anwal SO,,,,,,2,,2,,,,
,12451401,Apr-26,Lakhan Majra SO,,1,1,4,4,,4,2,5,,,1,
,L5376,Apr-26,Loharheri BO,Sampla SO,,,1,4,,2,,3,,,,
,A5091,Apr-26,Lohari BO,Machrauli SO,,,2,,,1,,1,,,,
,L9905,Apr-26,Lowa Kalan BO,Bahadurgarh Mandi SO,,,,,,,,3,,,,
,L9906,Apr-26,Luksar BO,Bahadurgarh Mandi SO,,,,1,,,,13,,,,
,12410801,Apr-26,Machrauli SO,,2,1,4,41,,14,,46,,1,1,
,D7058,Apr-26,Madana Kalan BO,Dujana SO,,,5,3,,1,,,,,,
,12411101,Apr-26,Madina SO,,,,2,13,,16,,38,,3,,
,12450705,Apr-26,Main Bazar Bahadurgarh  SO,,6,1,6,18,,15,1,54,,,11,
,J7020,Apr-26,Maina BO,Asthal Bohar SO,,,1,1,,2,,1,,,,
,J7210,Apr-26,Majra BO,Dubaldhan SO,,,2,3,,14,,8,,1,,
,J7281,Apr-26,Makrauli Kalan BO,Bhalaut SO,,,1,1,,2,,,,,,
,12450601,Apr-26,Mandothi SO,,2,,0,10,,5,,13,,,,
,O0160,Apr-26,Marodi Jatan BO,Police Training Center Sunaria SO,,,2,,,1,,,,,,
,J7410,Apr-26,Marot BO,Matanhail SO,,,2,4,,1,,3,,,,
,L5377,Apr-26,Matan BO,Sampla SO,,,1,,,,,,,,,
,12410601,Apr-26,Matanhail SO,,11,2,6,10,,21,1,38,,2,2,
,12400113,Apr-26,MD University Rohtak SO,,,,,1,,,,,,,,
,12400106,Apr-26,Medical College SO Rohtak,,5,1,3,24,,13,2,51,,,7,
,12411201,Apr-26,Mehem SO,,6,,15,22,,26,6,72,,4,14,
,C0296,Apr-26,Mehrana BO,Dujana SO,,,1,9,,2,,1,,,,
,12451501,Apr-26,MET Dadri Toe S.O,,,,,,,2,,,,,,
,12450706,Apr-26,Mini Secretariat Bahadurgarh S.O,,,,1,1,,,,,,,,
,12400107,Apr-26,Model Town SO Rohtak,,13,1,2,35,,17,3,117,,2,24,
,12402201,Apr-26,Mokhra SO,,,,3,7,,10,,12,,,,
,H3441,Apr-26,Morekheri BO,Kansala SO,,,,,,2,,,,,,
,D7945,Apr-26,MPMajra BO,Jhajjar SO,,,,,,3,,,,,,
,J7831,Apr-26,Mundahera BO,Sahlawas SO,,,1,2,,7,,1,,,,
,J7411,Apr-26,Mundsa BO,Matanhail SO,,,1,1,,,,,,,,
,J7282,Apr-26,Mungain BO,Bhalaut SO,,,,13,,,,,,,,
,C0198,Apr-26,Nandal BO,Lakhan Majra SO,,,1,1,,3,,,,,,
,L5379,Apr-26,Naya Bans BO,Sampla SO,,,,6,,1,,1,,,,
,12410401,Apr-26,Nehru College Jhajjar SO,,,1,1,3,,3,,28,,,,
,B1769,Apr-26,Nidana BO,Lakhan Majra SO,,,,,,1,,,,,,
,J2620,Apr-26,Nigana BO,Kalanaur SO Rohtak,,,,1,,6,,7,,,,
,J7832,Apr-26,Nilaheri BO,Sahlawas SO,,,5,5,,2,,1,,,,
,H7486,Apr-26,Nilothi BO,Hassangarh SO,,,2,,,1,,,,,,
,12451301,Apr-26,Nindana SO,,,1,6,6,,14,3,31,,,,
,J3753,Apr-26,Niwada BO,Dhakla SO,,,,,,5,,,,,,
,J7412,Apr-26,Nogawan BO,Matanhail SO,,,,,,1,,,,,,
,L5378,Apr-26,Nonaud BO,Sampla SO,,,1,12,,7,,,,,,
,L9907,Apr-26,Noona Majra BO,Bahadurgarh Mandi SO,,,3,24,,6,,4,,,,
,J7283,Apr-26,Paksma BO,Bhalaut SO,,,5,9,,3,,12,,,,
,A4292,Apr-26,Palra BO,Jhajjar SO,,,3,2,,2,,1,,,,
,G3970,Apr-26,Pataudah BO,Machrauli SO,,,3,1,,3,,2,,,,
,D2956,Apr-26,Patwapur BO,Anwal SO,,,,,,1,,2,,,,
,J7021,Apr-26,Pehrawar BO,Asthal Bohar SO,,,1,1,,,,3,,,,
,L6162,Apr-26,Pelpa BO,Badli SO Jhajjar,,,1,4,,3,,1,,,,
,J7211,Apr-26,Pilana BO,Dubaldhan SO,,,2,44,,7,,2,,,,
,12401001,Apr-26,Police Training Center Sunaria SO,,3,,0,0,,1,4,2,,,,
,12414101,Apr-26,Power Plant Jharli SO,,1,,,1,,37,,,,,,
,H0669,Apr-26,Rewari Khera BO,Charra SO,,,,2,,,,,,,,
,C0241,Apr-26,Ritauli BO,Beri SO,,,3,60,,1,,4,,,,
,H9423,Apr-26,Rithal BO,Sanghi SO,,,2,1,,5,,1,,,,
,L5380,Apr-26,Rohad BO,Sampla SO,,,2,29,,4,,1,,,,
,12400100,Apr-26,Rohtak HO,,55,5,40,153,,117,27,370,,21,75,
,12400108,Apr-26,Rohtak Sector I SO,,5,1,1,17,,11,1,12,,8,14,
,12400109,Apr-26,Rohtak Town SO,,10,1,4,69,,27,3,140,,9,21,
,J7285,Apr-26,Rurkee BO,Bhalaut SO,,,3,2,,2,,,,,,
,12414601,Apr-26,Sahlawas SO,,7,2,10,27,,16,2,41,,3,5,
,J9570,Apr-26,Saman BO,Mehem SO,,,4,7,,8,,29,,,,
,C8464,Apr-26,Samargopalpur BO,Lakhan Majra SO,,,,,,3,,,,,,
,J3754,Apr-26,Samaspur Majra BO,Dhakla SO,,,,,,9,,2,,,,
,H7487,Apr-26,Samchana BO,Hassangarh SO,,,1,1,,4,,,,,,
,J2621,Apr-26,Sampel BO,Kalanaur SO Rohtak,,,5,5,,5,,,,,,
,12450101,Apr-26,Sampla SO,,9,4,9,76,,28,3,63,,4,11,
,12430301,Apr-26,Sanghi SO,,1,3,8,7,,8,,27,,6,,
,L9908,Apr-26,Sankhol BO,Bahadurgarh Mandi SO,,,1,,,,,,,,,
,J7413,Apr-26,Sasroli BO,Matanhail SO,,,2,1,,2,,3,,,,
,J7414,Apr-26,Sehlenga BO,Matanhail SO,,,1,,,1,,,,,,
,B1870,Apr-26,Seria BO,Dujana SO,,,,,,,,3,,,,
,J7212,Apr-26,Sewana BO,Dubaldhan SO,,,,10,,,,,,,,
,12400111,Apr-26,Shivaji Colony SO,,19,3,5,59,,47,20,88,,8,31,
,C1194,Apr-26,Silani BO,Jhajjar SO,,,4,,,,,4,,,,
,C8462,Apr-26,Singhpura Kalan BO,Lakhan Majra SO,,,,1,,,,2,,,,
,J9571,Apr-26,Sisarkhas BO,Mehem SO,,,2,,,2,,1,,,,
,L9909,Apr-26,Soldha BO,Bahadurgarh Mandi SO,,,1,,,,,,,,,
,L6163,Apr-26,Sondhi BO,Badli SO Jhajjar,,,,,,,,10,,,,
,J3755,Apr-26,Subana BO,Dhakla SO,,,2,2,,7,,,,,,
,E6295,Apr-26,Sulodha BO,Jhajjar SO,,,,,,4,,,,,,
,O0161,Apr-26,Sunari Kalan BO,Police Training Center Sunaria SO,,,,73,,,,,,,,
,J8919,Apr-26,Sundana BO,Kahnaur SO,,,3,,,4,,2,,,,
,D6957,Apr-26,Sunderpur BO,Lakhan Majra SO,,,,,,1,,,,,,
,N9283,Apr-26,Surha BO,Nehru College Jhajjar SO,,,1,4,,2,,2,,,,
,J3756,Apr-26,Surheti BO,Dhakla SO,,,,2,,6,,,,,,
,C9510,Apr-26,Talao BO,Jhajjar SO,,,,,,2,,1,,,,
,H8553,Apr-26,Tandaheri BO,Mandothi SO,,,2,,,2,,,,,,
,F3582,Apr-26,Titauli BO,Lakhan Majra SO,,,3,2,,5,,3,,,,
,J3757,Apr-26,Tumbaheri BO,Dhakla SO,,,1,1,,7,,,,,,
,N9284,Apr-26,Ukhal Channa BO,Nehru College Jhajjar SO,,,,,,5,,,,,,
,E6296,Apr-26,Utlodha BO,Jhajjar SO,,,3,,,2,,,,,,
,B2758,Apr-26,Yakubpur BO,Jhajjar SO,,,,,,5,,,,,,
,A8170,Apr-26,AhulanaGannur BO,Ganaur SO,,,2,10,,3,,2,,,,
,L4458,Apr-26,AhulanaGohana BO,Gohana SO,,,,,,,,24,,,,
,M1777,Apr-26,Akabarpur Barota BO,Nahri SO,,,3,,,1,,,,,,
,B5942,Apr-26,Asadpur Nandnaur BO,Murthal SO,,,,94,,1,,,,,,
,M0979,Apr-26,Aterna BO,Jakhauli SO,,,1,,,,,,,,,
,13100101,Apr-26,Atlas Cycle SO,,6,,1,15,,6,5,33,,1,5,
,M0951,Apr-26,Badhana BO,Rohat SO Sonipat,,,1,1,,2,,,,,,
,13102101,Apr-26,Bahalgarh SO,,1,,6,3,,1,,3,,,1,
,F8471,Apr-26,Bali Qutubpur BO,Ganaur SO,,,1,,,2,,2,,,,
,J8898,Apr-26,Banwasa BO,Baroda SO,,,,1,,,,,,,,
,E1658,Apr-26,Bari BO,Ganaur SO,,,5,2,,5,,6,,,,
,13130401,Apr-26,Baroda SO,,1,,3,6,,10,,12,,1,1,
,O0184,Apr-26,Baroli BO,Bahalgarh SO,,,1,,,,,4,,,,
,J9551,Apr-26,Barona BO,Kharkhauda SO,,,2,1,,4,,1,,,,
,L4460,Apr-26,Barota BO,Gohana SO,,,7,15,,2,,,,,,
,C6242,Apr-26,Barwasni BO,Sonipat HO,,,,2,,2,,,,,,
,B7816,Apr-26,Bayanpur BO,Sonipat HO,,,1,2,,2,,5,,,,
,G7031,Apr-26,Bega BO,Ganaur SO,,,1,1,,1,,4,,,,
,J8902,Apr-26,Bhagan BO,Engg College Muthal SO,,,2,,,1,,,,,,
,13140901,Apr-26,Bhainswal Kalan SO,,3,,3,21,,8,2,22,,1,1,
,L4461,Apr-26,Bhainswan Khurd BO,Gohana SO,,,4,1,,1,,,,,,
,13102201,Apr-26,Bhatgaon SO Sonipat,,1,,1,3,,7,1,20,,,1,
,C4590,Apr-26,Bhawar BO,Butana SO,,,2,,,1,,,,,,
,A7692,Apr-26,Bichpari BO,Butana SO,,,,,,4,,,,,,
,L4462,Apr-26,Bidhal BO,Gohana SO,,,,1,,,,,,,,
,L4463,Apr-26,Bidhal Pinana BO,Gohana SO,,,4,2,,2,,46,,,,
,J9552,Apr-26,Bidhlan BO,Kharkhauda SO,,,1,,,1,,,,,,
,M0952,Apr-26,Bindroli BO,Rohat SO Sonipat,,,4,1,,4,,,,,,
,L8602,Apr-26,Bohla BO,Juan SO,,,,1,,,,,,,,
,13130101,Apr-26,Bus Stand Gohana SO,,3,1,4,24,,11,8,29,,1,1,
,L6252,Apr-26,Busana BO,Mundlana SO,,,,,,,,1,,,,
,13130201,Apr-26,Butana SO,,,,2,0,,9,,8,,1,,
,M1778,Apr-26,Chhetra Bhahadurpur BO,Nahri SO,,,1,23,,,,3,,,,
,L6253,Apr-26,Chhetra BO,Mundlana SO,,,1,,,1,,,,,,
,L4464,Apr-26,Chhichrana BO,Gohana SO,,,1,4,,4,,5,,,,
,L6254,Apr-26,Chirana BO,Mundlana SO,,,1,1,,1,,,,,,
,D3377,Apr-26,Datauli BO,Ganaur SO,,,2,,,7,,15,,,,
,O0185,Apr-26,Deepalpur BO,Bahalgarh SO,,,5,8,,2,,2,,,,
,B7817,Apr-26,Delhi Road BO,Sonipat HO,,,,,,5,,,,,,
,J8900,Apr-26,Dhanana Ahladpur BO,Baroda SO,,,1,1,,2,,3,,,,
,L6255,Apr-26,Dhurana BO,Mundlana SO,,,1,,,3,,3,,,,
,13103901,Apr-26,Engg College Muthal SO,,1,1,1,2,,4,1,2,,,,
,13140801,Apr-26,Farmana SO,,2,1,2,7,,5,,17,,,9,
,A9413,Apr-26,FAZILPUR,Sonipat HO,,,1,,,1,,4,,,,
,13110101,Apr-26,Ganaur City SO,,,,2,9,,3,,67,,,,
,13110102,Apr-26,Ganaur SO,,2,3,17,17,,28,1,124,,1,10,
,D2364,Apr-26,Ganewari BO,Kanyagurukul Khanpur SO,,,3,1,,1,,,,,,
,D2870,Apr-26,Gangana BO,Butana SO,,,3,,,5,,8,,,,
,13100103,Apr-26,Ganzbazar SO,,1,,,10,,18,,18,,2,4,
,E1659,Apr-26,Garhi Rajlu BO,Ganaur SO,,,4,1,,4,,,,,,
,M1772,Apr-26,Garhi Sisana ED BO,Farmana SO,,,5,1,,6,,,,,,
,E1208,Apr-26,Garhwal BO,Butana SO,,,1,11,,3,,,,,,
,F0052,Apr-26,Ghasauli BO,Ganaur SO,,,2,1,,1,,,,,,
,L6198,Apr-26,Giwana BO,Bhainswal Kalan SO,,,1,,,,,40,,,,
,J9553,Apr-26,GKMatindu BO,Kharkhauda SO,,,1,,,,,26,,,,
,13130102,Apr-26,Gohana Mandi SO,,,,7,18,,5,1,20,,,3,
,13100104,Apr-26,Gohana Road SO Sonipat,,1,,2,8,,6,2,7,,,1,
,13130103,Apr-26,Gohana SO,,18,1,20,76,,71,4,205,,10,30,
,J9554,Apr-26,Gopalpur BO,Kharkhauda SO,,,2,,,1,,5,,,,
,M1773,Apr-26,Gorar BO,Farmana SO,,,1,30,,2,,17,,,,
,M1774,Apr-26,Guhna BO,Farmana SO,,,2,1,,3,,2,,,,
,G7032,Apr-26,Gumar BO,Ganaur SO,,,3,,,3,,,,,,
,M1779,Apr-26,Halalpur BO,Nahri SO,,,,1,,1,,,,,,
,A0936,Apr-26,Harsana Kalan BO,Sonipat HO,,,,,,1,,,,,,
,13100105,Apr-26,HOUSING BOARD COLONY SONIPAT,,3,,9,1,,7,3,22,,,3,
,13102801,Apr-26,Industrial Estate Kundli SO,,2,,3,3,,7,,1,,,,
,L4465,Apr-26,Jagsi BO,Gohana SO,,,4,1,,3,,13,,,,
,E1023,Apr-26,Jainpur BO,Murthal SO,,,8,,,,,,,,,
,13102301,Apr-26,Jakhauli SO,,,,9,,,6,,2,,2,,
,F7688,Apr-26,Janti Kalan BO,Industrial Estate Kundli SO,,,2,12,,,,,,,,
,M1775,Apr-26,Jasrana BO,Farmana SO,,,,,,4,,86,,,,
,L4371,Apr-26,Jatheri BO,PSRai SO,,,,1,,1,,,,,,
,L4466,Apr-26,Jauli BO,Gohana SO,,,6,30,,3,,16,,,,
,L6256,Apr-26,Jawahra BO,Mundlana SO,,,2,1,,,,1,,,,
,M0953,Apr-26,Jharot BO,Rohat SO Sonipat,,,1,,,,,,,,,
,F7982,Apr-26,Jhs Butana BO,Butana SO,,,,12,,2,,,,,,
,M0980,Apr-26,Jhundpur BO,Jakhauli SO,,,1,,,1,,,,,,
,13102401,Apr-26,Juan SO,,,,1,8,,4,,78,,,,
,L8254,Apr-26,Kailana BO,Purkhas SO,,,1,,,2,,,,,,
,F1289,Apr-26,Kakroi BO,Sonipat HO,,,1,1,,1,,,,,,
,M0954,Apr-26,Kanwali BO,Rohat SO Sonipat,,,,5,,1,,,,,,
,13130501,Apr-26,Kanyagurukul Khanpur SO,,,,5,0,,13,,32,,,3,
,L8603,Apr-26,Karewari BO,Juan SO,,,,,,1,,2,,,,
,E0707,Apr-26,Kasandi BO,Kanyagurukul Khanpur SO,,,1,,,2,,,,,,
,L4467,Apr-26,Kathura Block BO,Gohana SO,,,,1,,,,,,,,
,L4468,Apr-26,Kathura BO,Gohana SO,,,2,2,,2,,8,,,,
,L6199,Apr-26,Katwal BO,Bhainswal Kalan SO,,,1,1,,3,,,,,,
,J9555,Apr-26,Khanda BO,Kharkhauda SO,,,4,6,,2,,17,,,,
,L4469,Apr-26,Khandrai BO,Gohana SO,,,4,2,,4,,1,,,,
,E0708,Apr-26,Khanpur Kalan BO,Kanyagurukul Khanpur SO,,,1,,,1,,5,,,,
,13140201,Apr-26,Kharkhauda SO,,12,1,14,17,1,29,5,42,,2,5,
,L4470,Apr-26,Kheri Damkan BO,Gohana SO,,,2,,,2,,,,,,
,D3378,Apr-26,Kheri Gujjar BO,Ganaur SO,,,7,1,,4,,4,,,,
,M1780,Apr-26,Kheri Manajat BO,Nahri SO,,,,,,3,,,,,,
,O0186,Apr-26,Khewra BO,Bahalgarh SO,,,7,,,4,,4,,,,
,D3379,Apr-26,Khizarpur Ahir BO,Ganaur SO,,,1,1,,4,,7,,,,
,E1660,Apr-26,Khubru BO,Ganaur SO,,,4,1,,5,,1,,,,
,G6563,Apr-26,Kohla BO,Butana SO,,,2,6,,1,,,,,,
,E0897,Apr-26,Kundli BO,Industrial Estate Kundli SO,,,1,5,,3,,16,,,,
,J8903,Apr-26,Kurar Brahimpur BO,Engg College Muthal SO,,,,,,1,,,,,,
,J8904,Apr-26,Larsauli BO,Engg College Muthal SO,,,1,,,4,,,,,,
,L4471,Apr-26,Lath BO,Gohana SO,,,,1,,,,,,,,
,C6243,Apr-26,Lehrara BO,Sonipat HO,,,1,2,,4,,,,,,
,L4472,Apr-26,Madina BO,Gohana SO,,,1,,,5,,6,,,,
,L8604,Apr-26,Mahra II BO,Juan SO,,,2,1,,5,,,,,,
,D2683,Apr-26,Malikpur BO,Murthal SO,,,5,,,7,,9,,,,
,M0981,Apr-26,Manauli BO,Jakhauli SO,,,3,,,1,,2,,,,
,M1781,Apr-26,Mandaura BO,Nahri SO,,,3,,,5,,4,,,,
,D4612,Apr-26,Mehlana BO,Sonipat HO,,,,1,,,,,,,,
,L4474,Apr-26,Mehmoodpur BO,Gohana SO,,,,,,,,7,,,,
,13130104,Apr-26,Mini Sectt Gohana,,,,,10,,2,,5,,,,
,13100107,Apr-26,Model Town Sonipat SO,,23,2,13,72,,49,21,142,,5,31,
,F9696,Apr-26,Mohana BO,Sonipat HO,,,,3,,,,1,,,,
,L4475,Apr-26,Moi Hooda BO,Gohana SO,,,,,,1,,,,,,
,L8255,Apr-26,Moi Majri BO,Purkhas SO,,,1,,,1,,2,,,,
,13130601,Apr-26,Mundlana SO,,,,2,1,,14,,18,,6,,
,13102701,Apr-26,Murthal SO,,,,3,2,,2,,32,,,,
,M1782,Apr-26,Nahra BO,Nahri SO,,,2,,,,,11,,,,
,13110301,Apr-26,Nahri SO,,,,3,16,,6,2,33,,3,1,
,M0982,Apr-26,Nangal Kalan BO,Jakhauli SO,,,2,,,1,,,,,,
,L4372,Apr-26,Nathupur BO,PSRai SO,,,2,1,,2,,13,,,,
,L4476,Apr-26,Nayat BO,Gohana SO,,,,41,,3,,2,,,,
,F7983,Apr-26,Nizampur BO,Butana SO,,,4,8,,,,,,,,
,F7984,Apr-26,Nuran Khera BO,Butana SO,,,1,1,,1,,1,,,,
,A8171,Apr-26,Panchi Gujjaran BO,Ganaur SO,,,,28,,5,,,,,,
,L8256,Apr-26,Panchijatan BO,Purkhas SO,,,,,,1,,4,,,,
,J9557,Apr-26,Pehladpur Kiroli BO,Kharkhauda SO,,,2,3,,3,,,,,,
,J9558,Apr-26,Pipli BO,Kharkhauda SO,,,1,16,,1,,,,,,
,J8905,Apr-26,Pipli Khera BO,Engg College Muthal SO,,,,,,1,,2,,,,
,L4373,Apr-26,Pritampura BO,PSRai SO,,,,1,,2,,2,,,,
,13102901,Apr-26,PSRai SO,,1,,8,1,,14,4,16,,,2,
,L8257,Apr-26,Pugthala BO,Purkhas SO,,,,,,,,2,,,,
,13110201,Apr-26,Purkhas SO,,,,7,3,,6,,4,,,,
,O0187,Apr-26,Qumaspur BO,Bahalgarh SO,,,5,,,,,,,,,
,F8472,Apr-26,Rajpur BO,Ganaur SO,,,,,,2,,47,,,,
,13100108,Apr-26,Ram BazarSonipat SO,,12,4,7,12,,4,2,36,,1,4,
,E2929,Apr-26,Rathdhana BO,Sonipat HO,,,,4,,1,,,,,,
,13100109,Apr-26,Rathdhana Road Sonipat SO,,,1,3,7,,5,2,4,,,,
,A9414,Apr-26,RATTANGARH,Sonipat HO,,,3,,,1,,,,,,
,J8901,Apr-26,Rindana BO,Baroda SO,,,2,,,1,,2,,,,
,D4613,Apr-26,Rishikul Vidyapeeth BO,Sonipat HO,,,,,,6,,,,,,
,L6200,Apr-26,Riwara BO,Bhainswal Kalan SO,,,,1,,1,,,,,,
,13140301,Apr-26,Rohat SO Sonipat,,,,1,11,,9,,8,,1,,
,J9559,Apr-26,Rohna BO,Kharkhauda SO,,,1,7,,3,,,,,,
,L8605,Apr-26,Rolad Latifpur BO,Juan SO,,,2,,,3,,,,,,
,L4479,Apr-26,Rukhi BO,Gohana SO,,,,1,,,,2,,,,
,J9560,Apr-26,Saidpur BO,Kharkhauda SO,,,1,11,,,,5,,,,
,L8181,Apr-26,Salimsar Majra BO,Bhatgaon SO Sonipat,,,1,6,,1,,1,,,,
,B7818,Apr-26,Sandal Kalan BO,Sonipat HO,,,,1,,1,,,,,,
,J8906,Apr-26,Sanpera BO,Engg College Muthal SO,,,2,,,3,,2,,,,
,A7184,Apr-26,Saragthal BO,Kanyagurukul Khanpur SO,,,4,2,,2,,11,,,,
,J9561,Apr-26,Sehri BO,Kharkhauda SO,,,,,,3,,4,,,,
,A7376,Apr-26,Sersa BO,Industrial Estate Kundli SO,,,,4,,2,,8,,,,
,D4614,Apr-26,Shapur Turk BO,Sonipat HO,,,2,,,3,,6,,,,
,E1661,Apr-26,Sheikhpura BO,Ganaur SO,,,2,4,,2,,24,,,,
,L4480,Apr-26,Sikenderpur Majra BO,Gohana SO,,,,10,,,,,,,,
,M1776,Apr-26,Silana BO,Farmana SO,,,,,,3,,,,,,
,L8606,Apr-26,Sitawali BO,Juan SO,,,2,1,,4,,7,,,,
,J9562,Apr-26,Sohti BO,Kharkhauda SO,,,1,11,,1,,3,,,,
,13100100,Apr-26,Sonipat HO,,30,6,25,75,,69,8,239,,26,86,
,13100110,Apr-26,Sonipat Kty SO,,,,1,3,,2,1,13,,,,
,13100111,Apr-26,Sonipat Mandi SO,,,,8,13,,9,9,24,,2,2,
,13100112,Apr-26,Sonipat Sector 14 SO,,3,,,4,,7,1,9,,1,4,
,J9563,Apr-26,Thanakalan BO,Kharkhauda SO,,,,17,,,,,,,,
,F9697,Apr-26,Tharuoldepur BO,Sonipat HO,,,3,9,,,,1,,,,
,L8182,Apr-26,Tihar Bagru BO,Bhatgaon SO Sonipat,,,,,,2,,12,,,,
,L4481,Apr-26,Tihar BO,Gohana SO,,,,,,2,,9,,,,
,13320501,Apr-26,Adhoya S.O,,3,4,2,9,,21,2,48,,,2,
,I1895,Apr-26,Adhoyi B.O,Adhoya S.O,,,,,,,,7,,,,
,E6739,Apr-26,Akbarpur B.O,Naraingarh S.O,,,,,,1,,,,,,
,I4674,Apr-26,Alhar B.O,Radaur S.O,,,2,4,,5,,1,,,,
,L4928,Apr-26,Alipur Jahangir B.O,Dhin S.O,,,,,,,,4,,,,
,I3760,Apr-26,Amadalpur B.O,Buriya S.O,,,1,1,,5,,18,,,,
,13400302,Apr-26,Ambala  City Kucthery S.O,,6,3,4,33,,12,24,47,,1,12,
,13400300,Apr-26,Ambala City H.O,,54,5,13,105,,51,25,224,,22,89,
,13300100,Apr-26,Ambala G.P.O.,,106,12,21,81,,105,55,571,,24,169,
,A4738,Apr-26,Ambli B.O,Naraingarh S.O,,,7,6,,9,,5,,,,
,13410501,Apr-26,Amravati  Enclave SO,,4,1,4,12,,11,7,6,,4,12,
,13400303,Apr-26,Anaj Mandi S.O (Ambala),,2,,7,48,,32,11,48,,2,18,
,C3780,Apr-26,Aurangabad B.O,Jagdhari Work Shop S.O,,,4,1,,5,,,,,,
,A7315,Apr-26,Azizpur B.O,Sarawan S.O,,,1,2,,4,,1,,,,
,13330101,Apr-26,B.C.W. Suraj Pur S.O,,1,2,6,5,,12,2,27,,2,,
,13300501,Apr-26,Babyal S.O,,5,,6,11,,21,3,39,,2,11,
,I4675,Apr-26,Bakana B.O,Radaur S.O,,,1,,,2,,11,,,,
,L7175,Apr-26,Bakarwala B.O,Partap Nagar S.O,,,,,,4,,13,,,,
,M6327,Apr-26,Baknaur B.O,Durga Nagar S.O,,,,,,4,,6,,,,
,J7326,Apr-26,Balachaur B.O,Chhachrauli S.O,,,4,,,4,,,,,,
,AP186,Apr-26,Baladwala BO,Raipur Rani S.O,,,1,,,5,,,,,,
,A6103,Apr-26,Balchhapar B.O,Jagadhri S.O,,,2,3,,5,,1,,,,
,13400701,Apr-26,Baldev Nagar S.O,,12,2,7,66,0,37,4,112,,20,19,
,M6328,Apr-26,Ballana B.O,Durga Nagar S.O,,,,1,,,,,,,,
,I4676,Apr-26,Banidi B.O,Radaur S.O,,,5,2,,4,,12,,,,
,I4677,Apr-26,Bapa B.O,Radaur S.O,,,1,,,,,4,,,,
,B3218,Apr-26,Baragaon B.O,Naraingarh S.O,,,1,12,,5,,,,,,
,13320101,Apr-26,Barara S.O,,8,1,11,43,,39,9,143,,12,12,
,B6562,Apr-26,Baraula B.O,Majri S.O,,,,3,,1,,7,,,,
,I4678,Apr-26,Barsan B.O,Radaur S.O,,,,,,,,2,,,,
,13411801,Apr-26,Barwala S.O (Panchkula),,2,6,9,112,,37,2,61,,1,20,
,G9892,Apr-26,Basatianwala B.O,Bilaspur (Yamunanagar) S.O,,,2,2,,2,,4,,,,
,I3638,Apr-26,Basolan B.O,Pinjore S.O,,,1,3,,,,,,,,
,13400304,Apr-26,Bazar Basti Ram S.O,,13,1,2,32,,2,8,76,,7,24,
,J9666,Apr-26,Benaundi B.O,Shahzadpur S.O.,,,,4,,7,,8,,,,
,G3613,Apr-26,Bhadauli B.O,Naraingarh S.O,,,3,2,,4,,2,,,,
,I4679,Apr-26,Bhagu Majra B.O,Radaur S.O,,,2,30,,1,,,,,,
,L4393,Apr-26,Bhambol B.O,Saraswati Nagar S.O,,,3,,1,4,,9,,,,
,M6329,Apr-26,Bhanokheri B.O,Durga Nagar S.O,,,3,6,,1,,2,,,,
,I5065,Apr-26,Bhareli B.O,Barwala S.O (Panchkula),,,1,1,,,,4,,,,
,G3614,Apr-26,Bhareri Kalan B.O,Naraingarh S.O,,,1,1,,5,,3,,,,
,M0017,Apr-26,Bharog B.O,Jatwar S.O,,,,2,,4,,4,,,,
,13500101,Apr-26,Bhatia Nagar S.O,,27,1,3,82,,38,12,157,,8,56,
,A6104,Apr-26,Bherthal B.O,Jagadhri S.O,,,1,1,,5,,4,,,,
,13510601,Apr-26,Bhudkalan S.O,,,,0,5,,4,,5,,1,1,
,E6740,Apr-26,Bhurewala B.O,Naraingarh S.O,,,3,34,,8,,12,,,,
,13310101,Apr-26,Bihta S.O (Ambala),,2,,5,6,,9,1,20,,,4,
,13510201,Apr-26,Bilaspur (Yamunanagar) S.O,,5,,9,64,,38,3,120,,6,12,
,J7327,Apr-26,Bilauli B.O,Chhachrauli S.O,,,3,6,,5,,6,,,,
,I5066,Apr-26,Billa B.O,Barwala S.O (Panchkula),,,2,,,,,1,,,,
,F7637,Apr-26,Binjalpur B.O,Sarawan S.O,,,1,2,,6,,6,,,,
,C4406,Apr-26,Boh B.O,Defence Colony S.O,,,2,5,,6,,5,,,,
,I4680,Apr-26,Bubka B.O,Radaur S.O,,,1,18,,1,,,,,,
,M6330,Apr-26,Budhangpur B.O,Durga Nagar S.O,,,,1,,2,,3,,,,
,13510101,Apr-26,Buriya S.O,,2,,11,38,,32,6,66,,6,8,
,13410401,Apr-26,C.R.P.F. Pinjore S.O,,1,,9,11,,11,6,15,,,,
,G9893,Apr-26,Cagnoli B.O,Bilaspur (Yamunanagar) S.O,,,,1,,2,,,,,,
,I4681,Apr-26,Chamrori B.O,Radaur S.O,,,,,,3,,7,,,,
,13410701,Apr-26,Chandi Mandir Cantt S.O,,13,2,1,9,,6,,5,,,1,
,13410702,Apr-26,Chandi Mandir S.O,,1,1,1,13,,5,,6,,,13,
,G9894,Apr-26,Chauli B.O,Bilaspur (Yamunanagar) S.O,,,7,,,,,1,,,,
,M6331,Apr-26,Chaurmastpur B.O,Durga Nagar S.O,,,4,1,,1,,2,,,,
,13510301,Apr-26,Chhachrauli S.O,,6,1,13,65,,43,14,210,,4,14,
,L4394,Apr-26,Chhappar B.O,Saraswati Nagar S.O,,,1,26,,5,,2,,,,
,I3639,Apr-26,Chiken B.O,Pinjore S.O,,,,,,1,,,,,,
,J7217,Apr-26,Chudiala B.O,Kesri S.O,,,2,3,,2,,3,,,,
,13300102,Apr-26,Commissioner Court S.O,,4,,2,12,,4,7,18,,,1,
,13400305,Apr-26,D.A.V.College S.O,,11,4,2,7,,9,5,49,,2,33,
,G5048,Apr-26,Dadupur B.O,Jagadhri S.O,,,2,6,,,,,,,,
,I3640,Apr-26,Damaloan B.O,Pinjore S.O,,,1,2,,2,,,,,,
,D2044,Apr-26,Damla B.O,Jagdhari Work Shop S.O,,,4,1,,3,,3,,,,
,M6332,Apr-26,Danipur B.O,Durga Nagar S.O,,,1,,,,,,,,,
,J7328,Apr-26,Darpur B.O,Chhachrauli S.O,,,,3,,7,,,,,,
,G9895,Apr-26,Dayalgarh B.O,Bilaspur (Yamunanagar) S.O,,,2,2,,1,,1,,,,
,13301001,Apr-26,Defence Colony S.O,,8,3,2,9,,13,2,19,,2,1,
,L7176,Apr-26,Deodhar B.O,Partap Nagar S.O,,,,2,,3,,15,,,,
,I1907,Apr-26,Derasalimpur B.O,Barara S.O,,,2,3,,1,,5,,,,
,A6320,Apr-26,Devi Nagar B.O,Panchkula Sector 8 S.O,,,,2,,,,,,,,
,M0018,Apr-26,Dhanana B.O,Jatwar S.O,,,1,,,1,,,,,,
,G7187,Apr-26,Dhanaura B.O,Mullana S.O,,,2,10,,8,,3,,,,
,F8558,Apr-26,Dhankaur B.O,Baldev Nagar S.O,,,,1,,1,,,,,,
,13320201,Apr-26,Dhin S.O,,,1,1,22,,13,1,23,,0,3,
,E1759,Apr-26,Dhulkot B.O,Baldev Nagar S.O,,,,,,1,,,,,,
,M6333,Apr-26,Dhurkara B.O,Durga Nagar S.O,,,,1,,,,,,,,
,J7218,Apr-26,Dinarpur B.O,Kesri S.O,,,1,2,,4,,1,,,,
,G7014,Apr-26,Dukheri B.O,Kuldeep Nagar S.O,,,1,2,,7,,2,,,,
,L4929,Apr-26,Duliani B.O,Dhin S.O,,,4,,,5,,10,,1,,
,E1639,Apr-26,Durana B.O,Majri S.O,,,1,,,,,8,,,,
,13400801,Apr-26,Durga Nagar S.O,,6,,6,2,,9,3,22,,,2,
,M0019,Apr-26,Fatehgarh B.O,Jatwar S.O,,,,2,,2,,11,,,,
,C4196,Apr-26,Fatehgarh Tumbi B.O,Sarawan S.O,,,1,2,,5,,2,,,,
,I3761,Apr-26,Fatehpur B.O,Buriya S.O,,,3,4,,4,,2,,,,
,L4395,Apr-26,Gadhaula B.O,Saraswati Nagar S.O,,,1,2,,2,,,,,,
,A4739,Apr-26,Gadhauli B.O,Naraingarh S.O,,,4,1,,16,,4,,,,
,J9667,Apr-26,Ganeshpur B.O,Shahzadpur S.O.,,,,,,6,,3,,,,
,L3938,Apr-26,Garhi Kotaha B.O,Raipur Rani S.O,,,4,2,,4,,6,,,,
,13400702,Apr-26,Geeta Nagri S.O,,5,,6,26,,14,1,40,,6,4,
,D3475,Apr-26,Ghail B.O,Baldev Nagar S.O,,,1,,,,,4,,,,
,I4682,Apr-26,Ghillaur B.O,Radaur S.O,,,2,20,,,,,,,,
,13300103,Apr-26,Gobind Nagar S.O,,16,,,42,,17,15,73,,6,19,
,A8327,Apr-26,Gokal Garh B.O,Mullana S.O,,,,,,1,,,,,,
,L4396,Apr-26,Gudhiana B.O,Saraswati Nagar S.O,,,,,,6,,2,,,,
,I4683,Apr-26,Gumthala Rao B.O,Radaur S.O,,,2,,,1,,,,,,
,13410101,Apr-26,H.M.T.Pinjore S.O,,26,,,10,,10,7,2,,,7,
,E8776,Apr-26,Hafizpur B.O,Jagdhari Work Shop S.O,,,2,4,,4,,4,,,,
,E9253,Apr-26,Haibatpur B.O,Sarawan S.O,,,2,2,,3,,5,,,,
,13500106,Apr-26,Hamida S.O,,,,3,34,,8,1,66,,10,20,
,D0005,Apr-26,Hamidpur B.O,Naraingarh S.O,,,2,5,,10,,2,,,,
,L3939,Apr-26,Hangola B.O,Raipur Rani S.O,,,3,1,,7,,1,,,,
,L4397,Apr-26,Hangoli B.O,Saraswati Nagar S.O,,,3,4,,1,,,,,,
,13300104,Apr-26,Hargolal S.O,,29,,7,94,,23,1,214,,22,44,
,L3940,Apr-26,Haripur B.O,Raipur Rani S.O,,,2,,,,,,,,,
,A6845,Apr-26,Harnaul B.O,Jagdhari Work Shop S.O,,,,1,,1,,,,,,
,I4684,Apr-26,Hartan B.O,Radaur S.O,,,2,24,,,,,,,,
,E9263,Apr-26,Haveli B.O,Sadhaura S.O,,,,1,,4,,27,,,,
,I1908,Apr-26,Holi B.O,Barara S.O,,,,4,,3,,2,,,,
,13410301,Apr-26,I.T.B.P.  Bhanu S.O,,,,,1,,1,,2,,,,
,13300601,Apr-26,Ind estate S.O,,2,2,4,10,,8,4,30,,,7,
,13500301,Apr-26,Jagadhri Court S.O,,5,1,,17,,8,2,12,,,19,
,13500302,Apr-26,Jagadhri S.O,,38,3,18,136,,65,15,204,,21,62,
,13500303,Apr-26,Jagadhri Town S.O,,12,,4,131,,39,7,137,,12,44,
,13500201,Apr-26,Jagdhari Work Shop S.O,,9,,9,58,,23,9,95,,6,12,
,L4398,Apr-26,Jagdholi B.O,Saraswati Nagar S.O,,,2,9,,3,,3,,,,
,I3762,Apr-26,Jaidhari B.O,Buriya S.O,,,4,5,,4,,,,,,
,M6334,Apr-26,Jalbera B.O,Durga Nagar S.O,,,,,,2,,10,,,,
,I5067,Apr-26,Jaloli B.O,Barwala S.O (Panchkula),,,1,2,,,,7,,,,
,13400501,Apr-26,Jandli S.O,,3,,8,8,,14,3,12,,,1,
,M6335,Apr-26,Jansui B.O,Durga Nagar S.O,,,,1,,3,,5,,,,
,I4685,Apr-26,Jathlana B.O,Radaur S.O,,,5,1,,4,,9,,,,
,13420101,Apr-26,Jatwar S.O,,1,6,4,13,0,11,,58,,1,,
,F5103,Apr-26,Jeoli B.O,Naraingarh S.O,,,4,7,,4,,12,,,,
,D1364,Apr-26,Jroda B.O,Jagadhri S.O,,,2,2,,2,,4,,,,
,I4686,Apr-26,Jubbal B.O,Radaur S.O,,,1,3,,1,,15,,,,
,13410801,Apr-26,Judicial Complex Panchkula S.O,,1,1,4,4,,3,,2,,,3,
,13300105,Apr-26,Kacha Bazar S.O,,22,,3,57,,14,1,120,,7,20,
,J9668,Apr-26,Kakarmajra B.O,Shahzadpur S.O.,,,,6,,3,,2,,,,
,E1760,Apr-26,Kakroo B.O,Baldev Nagar S.O,,,,1,,,,,,,,
,L7568,Apr-26,Kalanaur B.O,Thermal Colony Yamuna Nagar S.O,,,2,,,1,,2,,,,
,E1024,Apr-26,Kalarehri B.O,Defence Colony S.O,,,,5,,3,,3,,,,
,L4399,Apr-26,Kalawar B.O,Saraswati Nagar S.O,,,3,8,,3,,1,,,,
,L4336,Apr-26,Kalesar B.O,Bhudkalan S.O,,,2,6,,1,,,,,,
,13330201,Apr-26,Kalka R.S. S.O,,5,,1,17,,11,4,52,,6,9,
,13330202,Apr-26,Kalka S.O,,26,,13,73,,37,16,81,,15,25,
,L4364,Apr-26,Kalpi B.O,Saha S.O,,,1,,,4,,,,,,
,I1896,Apr-26,Kambassi B.O,Adhoya S.O,,,2,,,1,,7,,,,
,L4400,Apr-26,Kandhari Kalan B.O,Saraswati Nagar S.O,,,2,29,,3,,3,,,,
,L3941,Apr-26,Kandiwala B.O,Raipur Rani S.O,,,5,2,,2,,3,,,,
,J9669,Apr-26,Karasan B.O,Shahzadpur S.O.,,,4,,,4,,2,,,,
,I1897,Apr-26,Kaserla Kalan B.O,Adhoya S.O,,,,,,6,,,,,,
,B3219,Apr-26,Kathe Majra B.O,Naraingarh S.O,,,4,11,,6,,3,,,,
,M6336,Apr-26,Kathgarh Chhappar B.O,Durga Nagar S.O,,,2,,,,,,,,,
,L3889,Apr-26,Keshopur Samalkha B.O,Bihta S.O (Ambala),,,,1,,1,,4,,,,
,13310201,Apr-26,Kesri S.O,,1,,3,10,,11,,8,,,2,
,I3763,Apr-26,Khadri B.O,Buriya S.O,,,3,3,,3,,4,,,,
,J7219,Apr-26,Khanpur B.O,Kesri S.O,,,,1,,1,,6,,,,
,M0020,Apr-26,Khanpur Brahmana B.O,Jatwar S.O,,,4,4,,,,,,,,
,A5884,Apr-26,Kharanwali B.O,Kalka S.O,,,3,,,,,,,,,
,A6105,Apr-26,Kharwan B.O,Jagadhri S.O,,,2,5,,1,,8,,,,
,I5068,Apr-26,Khatauli B.O,Barwala S.O (Panchkula),,,,,,,,4,,,,
,B4561,Apr-26,Khera B.O,Jagadhri S.O,,,2,,,2,,,,,,
,L7569,Apr-26,Khera Khurd B.O,Thermal Colony Yamuna Nagar S.O,,,,3,,2,,,,,,
,L3942,Apr-26,Khetpurali B.O,Raipur Rani S.O,,,,,,1,,2,,,,
,L4365,Apr-26,Khudda Kalan B.O,Saha S.O,,,2,4,,4,,8,,,,
,I4687,Apr-26,Khurdban B.O,Radaur S.O,,,4,,,6,,17,,,,
,G9896,Apr-26,Kopal Mochan B.O,Bilaspur (Yamunanagar) S.O,,,,2,,3,,1,,,,
,J9670,Apr-26,Korwakhurd B.O,Shahzadpur S.O.,,,1,,,5,,3,,,,
,I5069,Apr-26,Kot B.O,Barwala S.O (Panchkula),,,1,2,,,,2,,,,
,J7329,Apr-26,Kot Kalsia B.O,Chhachrauli S.O,,,2,18,,3,,3,,,,
,13300401,Apr-26,Kuldeep Nagar S.O,,,,2,4,,5,,15,,,,
,F5104,Apr-26,Kurali B.O,Naraingarh S.O,,,2,2,,7,,8,,,,
,F5105,Apr-26,Laha B.O,Naraingarh S.O,,,2,11,,2,,1,,,,
,F7642,Apr-26,Laharpur B.O,Sadhaura S.O,,,1,1,1,6,,4,,,,
,B3220,Apr-26,Lakhnaura B.O,Naraingarh S.O,,,8,1,,9,,4,,,,
,J7330,Apr-26,Lalheri Kalan B.O,Chhachrauli S.O,,,,,,,,15,,,,
,C1670,Apr-26,Lalpur B.O,Naraingarh S.O,,,3,6,,6,,5,,,,
,J7220,Apr-26,Landa B.O,Kesri S.O,,,,1,,,,,,,,
,J7331,Apr-26,Ledi B.O,Chhachrauli S.O,,,4,2,,2,,1,,,,
,AM125,Apr-26,Lohgarh B.O,Baldev Nagar S.O,,,,,,,,1,,,,
,13320701,Apr-26,M.M.E.Complex Mulana S.O,,2,,1,3,,6,,2,,,,
,G9897,Apr-26,Machrauli B.O,Bilaspur (Yamunanagar) S.O,,,2,2,,2,,,,,,
,13300107,Apr-26,Mahesh Nagar S.O,,16,1,,24,,13,8,100,,4,22,
,13300801,Apr-26,Majri S.O,,,1,0,0,,6,,5,,,,
,L4337,Apr-26,Malikpur Khadar B.O,Bhudkalan S.O,,,1,,,3,,2,,,,
,I3641,Apr-26,Mallah B.O,Pinjore S.O,,,1,,,,,,,,,
,L3943,Apr-26,Manak  Tabra B.O,Raipur Rani S.O,,,1,1,,1,,,,,,
,L3886,Apr-26,Mandhana B.O,Morni S.O,,,1,3,,,,,,,,
,I4688,Apr-26,Mandhar B.O,Radaur S.O,,,2,,,1,,,,,,
,B4562,Apr-26,Mandhar B.O,Jagadhri S.O,,,1,8,,,,1,,,,
,G9899,Apr-26,Manglore B.O,Bilaspur (Yamunanagar) S.O,,,1,2,,3,,4,,,,
,L4930,Apr-26,Manka Manki B.O,Dhin S.O,,,1,,,,,1,,,,
,13411401,Apr-26,Mansa  Devi Sec 5 S.O,,8,1,1,1,,5,2,4,,1,2,
,I1898,Apr-26,Manu Majra B.O,Adhoya S.O,,,1,9,,1,,1,,,,
,B6563,Apr-26,Mardon Sahib B.O,Majri S.O,,,,,,,,1,,,,
,G9900,Apr-26,Marwa Kalan B.O,Bilaspur (Yamunanagar) S.O,,,3,,,2,,5,,,,
,G9901,Apr-26,Marwa Khurd B.O,Bilaspur (Yamunanagar) S.O,,,,9,,7,,6,,,,
,M6337,Apr-26,MATHERI SEIKHAN,Durga Nagar S.O,,,3,1,,9,,2,,,,
,I5070,Apr-26,Mauli B.O,Barwala S.O (Panchkula),,,4,,,1,,,,,,
,I3764,Apr-26,Mehar Majra B.O,Buriya S.O,,,3,15,,,,1,,,,
,C3070,Apr-26,Mehlanwali B.O,Jagadhri S.O,,,2,1,,1,,2,,,,
,D2499,Apr-26,Mehmoodpur B.O,Sadhaura S.O,,,2,,,2,,3,,,,
,L4366,Apr-26,Mehmoodpur B.O,Saha S.O,,,3,,,4,,10,,,,
,G9898,Apr-26,Milakpur Banger B.O,Bilaspur (Yamunanagar) S.O,,,3,,,5,,1,,,,
,13400306,Apr-26,Model Town Ambala City S.O,,9,3,4,27,,13,8,44,,2,15,
,13500103,Apr-26,Model Town S.O (Yamuna Nagar),,10,,,51,,11,4,52,,15,29,
,C5002,Apr-26,Mohra B.O,Kuldeep Nagar S.O,,,2,1,,3,,2,,,,
,13420501,Apr-26,Morni S.O,,,,2,20,,12,1,20,,,3,
,13500104,Apr-26,Mud Hut Colony S.O,,4,1,8,15,,37,5,45,,11,13,
,13320302,Apr-26,Mullana S.O,,,,4,14,,28,,149,,10,20,
,B4563,Apr-26,Mussimbal B.O,Jagadhri S.O,,,1,,,2,,4,,,,
,L7177,Apr-26,Muzafatkalan B.O,Partap Nagar S.O,,,2,,,3,,5,,,,
,I4689,Apr-26,Nachron B.O,Radaur S.O,,,1,1,,,,,,,,
,M6338,Apr-26,NAGGAL,Durga Nagar S.O,,,2,4,,2,,11,,,,
,J7221,Apr-26,Nagla Jattan B.O,Kesri S.O,,,1,1,,8,,6,,,,
,L7571,Apr-26,Nahar Pur B.O,Thermal Colony Yamuna Nagar S.O,,,1,,,,,4,,,,
,L4367,Apr-26,Nahoni B.O,Saha S.O,,,,,,7,,6,,,,
,I3642,Apr-26,Nanakpur B.O,Pinjore S.O,,,5,3,,1,,2,,,,
,M6339,Apr-26,NANEOLA,Durga Nagar S.O,,,9,4,,3,,10,,,,
,13420301,Apr-26,Naraingarh S.O,,14,2,16,173,,57,3,220,,17,39,
,M0021,Apr-26,Nasrauli B.O,Jatwar S.O,,,1,2,,2,,8,,,,
,D2500,Apr-26,Noshera B.O,Sadhaura S.O,,,,53,,4,,2,,,,
,C3071,Apr-26,Pabni Kalan B.O,Jagadhri S.O,,,,3,,1,,1,,,,
,13300108,Apr-26,Palam Vihar S.O (Ambala),,4,1,1,6,,15,4,26,,1,8,
,13411201,Apr-26,Panchkula Sector 12 S.O,,10,1,5,11,,6,5,9,,3,10,
,13411202,Apr-26,Panchkula Sector 4 S.O,,27,,3,53,1,28,7,45,,1,41,
,13410901,Apr-26,Panchkula Sector 8 S.O,,45,6,10,86,,30,20,110,,9,91,
,A4740,Apr-26,Panjlasa B.O,Naraingarh S.O,,,2,2,,2,,1,,,,
,G7114,Apr-26,Panjokhara Sahib B.O,Baldev Nagar S.O,,,1,2,1,5,,4,,,,
,L7572,Apr-26,Pansra B.O,Thermal Colony Yamuna Nagar S.O,,,2,2,,8,,,,,,
,13500304,Apr-26,Parkash Chowk S.O,,1,1,,3,,9,,15,,1,1,
,13502101,Apr-26,Partap Nagar S.O,,1,,5,14,,14,1,29,,2,1,
,J7222,Apr-26,Pasiala B.O,Kesri S.O,,,2,,,1,,2,,,,
,J9671,Apr-26,Pathreri B.O,Shahzadpur S.O.,,,1,,,,,8,,,,
,M0022,Apr-26,Patwi B.O,Jatwar S.O,,,1,3,,,,,,,,
,L4368,Apr-26,Pilkhani B.O,Saha S.O,,,3,,,4,,2,,,,
,13410201,Apr-26,Pinjore S.O,,11,,4,49,,22,13,60,,3,25,
,L4338,Apr-26,Pipli Majra B.O,Bhudkalan S.O,,,,3,,2,,,,,,
,A7323,Apr-26,Pipliwala B.O,Sadhaura S.O,,,,62,,1,,20,,,,
,13400308,Apr-26,Preet Nagar S.O (Ambala),,5,,,1,,4,2,12,,,2,
,13400309,Apr-26,Prem Nagar S.O (Ambala),,9,1,1,37,,8,15,105,,1,41,
,13300109,Apr-26,Punjabi Mohalla S.O,,4,2,2,1,,4,6,18,,1,6,
,13513301,Apr-26,Radaur S.O,,2,2,9,64,,39,7,60,,6,15,
,B4769,Apr-26,Railly B.O,Panchkula Sector 8 S.O,,,1,3,,1,,,,,,
,13400310,Apr-26,Railway Road Ambala City S.O,,7,,3,40,,17,7,83,,2,14,
,13420401,Apr-26,Raipur Rani S.O,,5,1,12,44,,26,4,41,,8,5,
,I5071,Apr-26,Raiwali B.O,Barwala S.O (Panchkula),,,3,4,,5,,3,,,,
,I1909,Apr-26,Rajo Kheri B.O,Barara S.O,,,2,3,,9,,7,,,,
,I1910,Apr-26,Rajouli B.O,Barara S.O,,,2,,,5,,4,,,,
,13500105,Apr-26,Ram Pura Olony S.O,,12,1,4,37,,8,6,111,,28,15,
,I5072,Apr-26,Ramgarh B.O,Barwala S.O (Panchkula),,,4,5,,8,,4,,,,
,I3765,Apr-26,Rampur Khadar B.O,Buriya S.O,,,2,3,,3,,2,,,,
,F7643,Apr-26,Rasulpur B.O,Sadhaura S.O,,,1,,,2,,5,,,,
,I5073,Apr-26,Rattewali B.O,Barwala S.O (Panchkula),,,3,1,,,,4,,,,
,I3766,Apr-26,Sabapur B.O,Buriya S.O,,,1,5,,4,,1,,,,
,13300110,Apr-26,Sadar Bazar S.O (Ambala),,26,2,14,65,,37,25,217,,11,60,
,13320401,Apr-26,Sadhaura S.O,,8,1,14,41,0,21,1,68,,2,4,
,B5747,Apr-26,Safilpur B.O,Sadhaura S.O,,,2,3,,2,,2,,,,
,13310401,Apr-26,Saha S.O,,,,5,14,,16,1,40,,1,4,
,E9254,Apr-26,Sahela B.O,Sarawan S.O,,,,,,2,,2,,,,
,C4202,Apr-26,Salehpur B.O,Sadhaura S.O,,,,6,,,,,,,,
,J7332,Apr-26,Salimpur Banger B.O,Chhachrauli S.O,,,,2,,1,,7,,,,
,L4931,Apr-26,Saran B.O,Dhin S.O,,,3,1,,5,,12,,,,
,13310301,Apr-26,Saraswati Nagar S.O,,15,1,17,60,0,42,7,77,,7,5,
,13320601,Apr-26,Sarawan S.O,,1,3,4,16,,18,1,24,,1,,
,E0832,Apr-26,Sardaheri B.O,Sarawan S.O,,,,2,,7,,6,,,,
,D2684,Apr-26,Sarsehri B.O,Babyal S.O,,,4,,,3,,,,,,
,M6340,Apr-26,SAUNTA,Durga Nagar S.O,,,2,1,,1,,3,,,,
,13411302,Apr-26,Sector 15 Panchkula S.O,,37,,19,130,,44,17,117,,16,56,
,13411701,Apr-26,Sector 20 Panchkula S.O,,6,1,4,23,,12,12,27,,2,21,
,13411601,Apr-26,Sector 26 Panchkula S.O,,2,1,7,10,,7,10,8,,,2,
,M6341,Apr-26,SEGTI,Durga Nagar S.O,,,,2,,2,,1,,,,
,I1899,Apr-26,Sewan Majra B.O,Adhoya S.O,,,,2,,3,,7,,,,
,L7573,Apr-26,Shadi Pur B.O,Thermal Colony Yamuna Nagar S.O,,,,,,1,,,,,,
,F8449,Apr-26,Shah Pur B.O,Kuldeep Nagar S.O,,,2,2,,11,,10,,,,
,G6217,Apr-26,Shahpur Nurd B.O,Sarawan S.O,,,3,2,,6,,,,,,
,13420201,Apr-26,Shahzadpur S.O.,,2,,7,70,,31,4,47,,2,13,
,D2489,Apr-26,Sherpur Sulkhani B.O,Sarawan S.O,,,1,,,1,,3,,,,
,I4690,Apr-26,Silikalan B.O,Radaur S.O,,,1,2,,1,,7,,,,
,E1837,Apr-26,Sohana B.O,Mullana S.O,,,5,,,7,,2,,,,
,I1911,Apr-26,Sohata B.O,Barara S.O,,,1,,,3,,8,,,,
,13400311,Apr-26,Subzi  Mandi S.O,,11,,4,35,,15,1,72,,4,23,
,G5269,Apr-26,Suketri B.O,Panchkula Sector 8 S.O,,,1,3,,1,,,,,,
,J7333,Apr-26,Taharpurkalan B.O,Chhachrauli S.O,,,2,,,2,,,,,,
,L4339,Apr-26,Tajewala B.O,Bhudkalan S.O,,,5,1,,5,,4,,,,
,L4401,Apr-26,Talakaur B.O,Saraswati Nagar S.O,,,3,4,,9,,12,,,,
,I1912,Apr-26,Tandwal B.O,Barara S.O,,,1,,,4,,6,,,,
,L4370,Apr-26,Tepla B.O,Saha S.O,,,,2,,1,,,,,,
,E1838,Apr-26,Thakar Pura B.O,Mullana S.O,,,,10,,5,,,,,,
,C5003,Apr-26,Tharwa B.O,Majri S.O,,,,1,,,,3,,,,
,13500401,Apr-26,Thermal Colony Yamuna Nagar S.O,,,,5,0,,4,,1,,,,
,I1900,Apr-26,Thumber B.O,Adhoya S.O,,,,,,,,2,,,,
,L3888,Apr-26,Tikkar B.O,Morni S.O,,,1,3,,,,,,,,
,M0023,Apr-26,Toda B.O,Jatwar S.O,,,,3,1,2,,4,,,,
,13300111,Apr-26,Top Khana Bazar S.O,,10,,5,31,,18,3,49,,2,1,
,I4691,Apr-26,Topra Kalan B.O,Radaur S.O,,,1,1,,2,,2,,,,
,M6342,Apr-26,UDAIPUR,Durga Nagar S.O,,,1,1,,3,,4,,,,
,D1365,Apr-26,Udhamgarh B.O,Jagadhri S.O,,,,4,,2,,5,,,,
,I1901,Apr-26,Ugala B.O,Adhoya S.O,,,1,3,,4,,2,,,,
,L4402,Apr-26,Uncha Chandna B.O,Saraswati Nagar S.O,,,,,,4,,2,,,,
,13500100,Apr-26,Yamunanagar H.O,,64,9,51,221,,119,55,429,,44,124,
,A7316,Apr-26,Zaffarpur B.O,Sarawan S.O,,,,1,,1,,1,,,,
,12730701,Apr-26,Achina SO,,2,1,2,1,,3,,28,,1,1,
,J3462,Apr-26,Ajitpura BO,Manheru SO,,,1,1,,,,1,,,,
,J7241,Apr-26,Akbarpur BO,Nangal Chaudhry SO,,,,19,,,,3,,,,
,J2213,Apr-26,Akoda BO,Mohindergarh SO,,,,,,1,,,,,,
,F8278,Apr-26,Arya Nagar BO,Badhara SO,,,1,,,1,,,,,,
,H9247,Apr-26,Atela Khurd BO,Birhi Kalan SO,,,6,1,,1,,5,,,,
,H3219,Apr-26,Aun BO,Jhojhu SO,,,1,,,1,,,,,,
,D8690,Apr-26,Aun BO,Baund SO,,,1,2,,2,,1,,,,
,F4595,Apr-26,Azamabad Mukhota BO,Narnaul HO,,,,6,,,,,,,,
,L9936,Apr-26,Bachhod BO,Mandi Ateli SO,,,1,,,2,,8,,,,
,G2046,Apr-26,Badesera BO,Tigrana SO,,,1,,,,,,,,,
,12730801,Apr-26,Badhara SO,,5,,5,31,,7,3,7,,,3,
,H3220,Apr-26,Badhawana BO,Jhojhu SO,,,2,,,1,,1,,,,
,G6832,Apr-26,Badrai BO,Nihalgard PO,,,,1,,,,3,,,,
,G6902,Apr-26,Baghot BO,Kanina SO,,,1,,,2,,,,,,
,F6455,Apr-26,Bairawas BO,Nangal Sirohi SO,,,1,2,,2,,9,,,,
,F0143,Apr-26,Bajina BO,Bapora SO,,,2,,,,,,,,,
,L4326,Apr-26,Baliali BO,Bawani Khera SO,,,1,2,,11,,1,,,,
,12711101,Apr-26,Bapora SO,,19,2,11,12,,19,,30,,,1,
,H0360,Apr-26,Barda BO,Satnali SO,,,,,,2,,3,,,,
,L4375,Apr-26,Bardu Chaina BO,Loharu SO,,,,,,2,,1,,,,
,G3093,Apr-26,Barkoda BO,Narnaul HO,,,,8,,,,,,,,
,H9249,Apr-26,Barsana BO,Birhi Kalan SO,,,1,1,,2,,4,,,,
,12704501,Apr-26,Barwa SO,,,,17,31,,11,,23,,1,,
,L4376,Apr-26,Barwas BO,Loharu SO,,,,,,,,10,,,,
,J2214,Apr-26,Basai BO,Mohindergarh SO,,,,1,,,,,,,,
,C1131,Apr-26,Bashirpur BO,Narnaul HO,,,1,1,,1,,1,,,,
,12702501,Apr-26,Baund SO,,5,1,9,13,,11,3,33,,,2,
,J2215,Apr-26,Bawana BO,Mohindergarh SO,,,1,2,,4,,3,,,,
,12703201,Apr-26,Bawani Khera SO,,2,2,7,43,,36,11,58,,3,11,
,12303401,Apr-26,Bawania SO,,6,,3,32,,8,1,17,,1,4,
,L9938,Apr-26,Behali BO,Mandi Ateli SO,,,1,1,,,,,,,,
,12702801,Apr-26,Behl SO,,1,,7,15,,7,,18,,4,,
,J2216,Apr-26,Beri BO,Mohindergarh SO,,,,,,,,1,,,,
,F8279,Apr-26,Berla BO,Nihalgard PO,,,1,1,,1,,,,,,
,L9939,Apr-26,Bewal BO,Mandi Ateli SO,,,1,,,1,,1,,,,
,A7531,Apr-26,Bhagesari BO,Achina SO,,,,1,,2,,,,,,
,C4405,Apr-26,Bhagwi BO,Achina SO,,,1,2,,1,,,,,,
,E9937,Apr-26,Bharaf BO,Kanina SO,,,,,,,,1,,,,
,N9285,Apr-26,Bhariwas BO,Rodhan SO,,,,,,,,3,,,,
,N9286,Apr-26,Bhera BO,Rodhan SO,,,2,1,,2,,2,,,,
,12702100,Apr-26,Bhiwani HO,,49,6,34,220,,124,25,632,,22,82,
,L9941,Apr-26,Bhocharia BO,Mandi Ateli SO,,,1,1,,2,,2,,,,
,I2952,Apr-26,Bhojawas BO,Bawania SO,,,,1,,2,,,,,,
,I2953,Apr-26,Bhucholi BO,Bawania SO,,,1,1,,1,,6,,,,
,J7243,Apr-26,Bhungerka BO,Nangal Chaudhry SO,,,,,,,,21,,,,
,G4111,Apr-26,Bhurtana BO,Jamalpur SO Bhiwani,,,2,,,1,,,,,,
,N9287,Apr-26,Bhushan BO,Rodhan SO,,,4,,,1,,,,,,
,C9447,Apr-26,Bhushan Kalan BO,Narnaul HO,,,1,3,,3,,2,,,,
,J2201,Apr-26,Bidhwan BO,Siwani SO,,,4,,,1,,4,,,,
,E1022,Apr-26,Bigowa BO,Achina SO,,,1,,,3,,27,,,,
,G7110,Apr-26,Biran BO,Bapora SO,,,2,,,1,,2,,,,
,12702601,Apr-26,Birhi Kalan SO,,2,2,4,7,,4,,5,,,,
,12702101,Apr-26,Birla Colony Bhiwani SO,,,1,5,18,,18,3,14,,2,1,
,L4377,Apr-26,Bisalwas BO,Loharu SO,,,1,,,2,,1,,,,
,12702102,Apr-26,Bseh Bhiwani SO,,,,4,1,,4,,,,,,
,J2217,Apr-26,Buddin BO,Mohindergarh SO,,,,1,,,,,,,,
,J7244,Apr-26,Budhwal BO,Nangal Chaudhry SO,,,1,,,,,,,,,
,12702103,Apr-26,Bus Stand Bhiwani SO,,,1,3,22,,8,,23,,,2,
,12303101,Apr-26,Central University Haryana Mohindergarh SO,,,1,3,4,,3,,,,,,
,L4380,Apr-26,Chahar Khurd BO,Loharu SO,,,1,,,3,,1,,,,
,F3604,Apr-26,Chandawas BO,Kairu SO,,,1,1,,,,,,,,
,H3221,Apr-26,Chandeni BO,Jhojhu SO,,,1,3,,5,,1,,,,
,C4847,Apr-26,Chandwas BO,Nihalgard PO,,,2,3,,2,,3,,,,
,C4009,Apr-26,Chang Road BO,Chiriya SO,,,,,,1,,3,,,,
,12702701,Apr-26,Chang SO,,2,,7,10,,17,,40,,1,,
,H9250,Apr-26,Chappar BO,Birhi Kalan SO,,,1,,,2,,1,,,,
,12730601,Apr-26,Charkhi  Dadri Hsgii SO,,27,4,15,128,,60,12,95,,6,33,
,B2732,Apr-26,Charkhi BO,Charkhi  Dadri Hsgii SO,,,,,,2,,3,,,,
,12730602,Apr-26,Charkhi Dadri City SO,,9,,8,114,,49,2,72,,1,14,
,F4596,Apr-26,Chillro BO,Narnaul HO,,,1,,,,,20,,,,
,12702201,Apr-26,Chiriya SO,,,3,6,2,,12,,15,,,1,
,D3242,Apr-26,Chitrauli BO,Kanina SO,,,1,,,,,,,,,
,E0830,Apr-26,Dadam BO,Tosham SO,,,,,,8,,1,,,,
,E9884,Apr-26,Dagroli BO,Nihalgard PO,,,3,4,,2,,,,,,
,H0361,Apr-26,Dalanwas BO,Satnali SO,,,1,,,,,,,,,
,F8280,Apr-26,Dalawas BO,Badhara SO,,,,,,1,,1,,,,
,D3474,Apr-26,Dang BO,Bapora SO,,,2,,,1,,,,,,
,D1373,Apr-26,Daroli Ahir BO,Nangal Sirohi SO,,,1,,,1,,2,,,,
,C4192,Apr-26,Daryapur BO,Tosham SO,,,1,1,,1,,,,,,
,C0229,Apr-26,Devrala BO,Kairu SO,,,4,1,,3,,,,,,
,B6663,Apr-26,Devsar BO,Bapora SO,,,5,,,7,,,,,,
,I2954,Apr-26,Dewas BO,Bawania SO,,,3,2,,5,,11,,,,
,J3500,Apr-26,Dhabdhani BO,Jui Khurd SO,,,,2,,2,,2,,,,
,H3222,Apr-26,Dhadhi Adampur BO,Jhojhu SO,,,1,,,,,,,,,
,A4270,Apr-26,Dhadhi Mandola BO,Charkhi  Dadri Hsgii SO,,,1,,,1,,1,,,,
,J2219,Apr-26,Dhadhot BO,Mohindergarh SO,,,,,,,,1,,,,
,I2955,Apr-26,Dhana BO,Bawania SO,,,2,1,,1,,4,,,,
,E1757,Apr-26,Dhana Ladan Pur BO,Neemariwali PO,,,3,,,2,,5,,,,
,D3243,Apr-26,Dhanaunda BO,Kanina SO,,,6,1,,,,2,,,,
,B5738,Apr-26,Dhani Mahu BO,Tosham SO,,,5,,,1,,,,,,
,J2202,Apr-26,Dhani Miran BO,Siwani SO,,,,,,2,,,,,,
,C1168,Apr-26,Dhani Phogat BO,Charkhi  Dadri Hsgii SO,,,,,,,,1,,,,
,A4231,Apr-26,Dhanota BO,Narnaul HO,,,2,,,,,,,,,
,J3463,Apr-26,Dhareru BO,Manheru SO,,,,,,1,,,,,,
,F4597,Apr-26,Dharson BO,Narnaul HO,,,2,21,,1,,,,,,
,G7111,Apr-26,Dhirana BO,Neemariwali PO,,,,,,1,,,,,,
,J7245,Apr-26,Dholera BO,Nangal Chaudhry SO,,,,,,3,,2,,,,
,E6243,Apr-26,Dhor Kalan BO,Narnaul HO,,,1,,,3,,2,,,,
,H0362,Apr-26,Digrota BO,Satnali SO,,,1,,,1,,,,,,
,E1758,Apr-26,Dinod BO,Bapora SO,,,2,,,3,,3,,,,
,G3094,Apr-26,Dochana BO,Narnaul HO,,,2,2,,1,,,,,,
,H9251,Apr-26,Dohka Harya BO,Birhi Kalan SO,,,3,,,2,,,,,,
,L9942,Apr-26,Dongra Ahir BO,Mandi Ateli SO,,,3,,,4,,10,,,,
,G3095,Apr-26,Dublana BO,Narnaul HO,,,1,7,,1,,1,,,,
,B5570,Apr-26,Dudhwa BO,Chiriya SO,,,2,,,8,,8,,,,
,J2220,Apr-26,Dulana BO,Mohindergarh SO,,,,3,,,,1,,,,
,L9943,Apr-26,Dulat Jat BO,Mandi Ateli SO,,,,16,,2,,,,,,
,B5739,Apr-26,Dulheri BO,Tosham SO,,,2,2,,1,,8,,,,
,L4328,Apr-26,Durjanpur BO,Bawani Khera SO,,,1,9,,,,,,,,
,J3464,Apr-26,Fatehgarh Haryana BO,Manheru SO,,,4,,,1,,2,,,,
,J2203,Apr-26,Gainadawas BO,Siwani SO,,,1,,,2,,,,,,
,L9944,Apr-26,Ganiar BO,Mandi Ateli SO,,,,4,,2,,1,,,,
,G6216,Apr-26,Garanpura Kalan BO,Tosham SO,,,7,1,,2,,,,,,
,L9945,Apr-26,Garhi BO,Mandi Ateli SO,,,,,,,,1,,,,
,J2204,Apr-26,Ghanghala BO,Siwani SO,,,3,,,,,,,,,
,G3118,Apr-26,Ghasola BO,Charkhi  Dadri Hsgii SO,,,3,7,,,,,,,,
,L4384,Apr-26,Gignow BO,Loharu SO,,,1,6,,,,,,,,
,L9946,Apr-26,Gokalpur BO,Mandi Ateli SO,,,1,2,,1,,3,,,,
,J3501,Apr-26,Golagarh BO,Jui Khurd SO,,,2,,,1,,,,,,
,J7246,Apr-26,Golwa BO,Nangal Chaudhry SO,,,1,10,,1,,40,,,,
,A7954,Apr-26,Gopi BO,Badhara SO,,,,,,,,1,,,,
,H3223,Apr-26,Gudana Kalan BO,Jhojhu SO,,,,,,1,,1,,,,
,L9947,Apr-26,Gujarwas BO,Mandi Ateli SO,,,,1,,1,,,,,,
,A3298,Apr-26,Gujrani BO,Tigrana SO,,,4,,,,,,,,,
,J2205,Apr-26,Gurera BO,Siwani SO,,,2,1,,,,,,,,
,E9938,Apr-26,Gurha BO,Kanina SO,,,,,,6,,5,,,,
,12702104,Apr-26,Halu Bajar Bhiwani SO,,8,2,10,95,,27,8,193,,6,10,
,G7112,Apr-26,Haluwas BO,Neemariwali PO,,,3,7,,2,,6,,,,
,C9448,Apr-26,Hamidpur BO,Narnaul HO,,,,,,1,,1,,,,
,A7955,Apr-26,Harodi BO,Nihalgard PO,,,2,,,2,,1,,,,
,D6983,Apr-26,Hetampura BO,Kairu SO,,,,1,,1,,1,,,,
,F4598,Apr-26,Hudina BO,Narnaul HO,,,2,5,,5,,13,,,,
,C9481,Apr-26,Imlota BO,Charkhi  Dadri Hsgii SO,,,2,3,,1,,1,,,,
,N9288,Apr-26,Isharwal BO,Rodhan SO,,,2,,,,,,,,,
,12702105,Apr-26,Jalan Hospital Bhiwani SO,,4,,8,24,,11,2,52,,,2,
,12703501,Apr-26,Jamalpur SO Bhiwani,Jamalpur SO Bhiwani,,1,6,7,,14,,3,,1,5,
,12730603,Apr-26,Janta College Charkhi Dadri SO,,14,6,,94,,30,6,71,,2,7,
,H0363,Apr-26,Jarwa BO,Satnali SO,,,2,,,1,,,,,,
,J7454,Apr-26,Jatai BO,Mundhal Khurd SO,,,2,,,,,,,,,
,H3224,Apr-26,Jawa BO,Jhojhu SO,,,2,7,,4,,3,,,,
,F8281,Apr-26,Jewali BO,Nihalgard PO,,,1,1,,,,,,,,
,I2956,Apr-26,Jhagroli BO,Bawania SO,,,,2,,2,,3,,,,
,L4385,Apr-26,Jhanjra Sheoran BO,Loharu SO,,,1,2,,,,,,,,
,F7828,Apr-26,Jhijhar BO,Achina SO,,,1,,,1,,,,,,
,12731001,Apr-26,Jhojhu SO,,11,,2,28,,11,1,53,,1,10,
,J2222,Apr-26,Jhook BO,Mohindergarh SO,,,1,,,,,,,,,
,N9289,Apr-26,Jhully BO,Rodhan SO,,,1,,,,,,,,,
,12703001,Apr-26,Jui Khurd SO,,,2,5,24,,10,,28,,,1,
,D3181,Apr-26,Kadma BO,Nihalgard PO,,,1,2,,,,,,,,
,J3465,Apr-26,Kaila BO,Manheru SO,,,2,5,,1,,,,,,
,12702901,Apr-26,Kairu SO,,1,,9,4,,8,,4,,,1,
,C4905,Apr-26,Kakrola BO,Kanina SO,,,1,,,1,,1,,,,
,G6833,Apr-26,Kakroli Sardara BO,Badhara SO,,,1,2,,,,1,,,,
,J7390,Apr-26,Kalinga BO,Kharak Kalan SO,,,11,1,,1,,,,,,
,J2207,Apr-26,Kalod BO,Siwani SO,,,1,1,,1,,1,,,,
,B2733,Apr-26,Kalyana BO,Charkhi  Dadri Hsgii SO,,,6,1,,3,,,,,,
,E6244,Apr-26,Kamania BO,Narnaul HO,,,,7,,,,,,,,
,A8023,Apr-26,Kanina Mandi BO,Kanina SO,,,,,,,,3,,,,
,12302701,Apr-26,Kanina SO,,9,1,9,183,,71,10,148,,12,19,
,L9948,Apr-26,Kanti BO,Mandi Ateli SO,,,1,,,2,,,,,,
,L9949,Apr-26,Kanti Kheri BO,Mandi Ateli SO,,,,1,,,,1,,,,
,F4599,Apr-26,Kanwi BO,Narnaul HO,,,,10,,,,1,,,,
,F8282,Apr-26,Kari Dharani BO,Badhara SO,,,,3,,,,1,,,,
,G6834,Apr-26,Kario Baniawalij BO,Badhara SO,,,1,,,,,1,,,,
,B2700,Apr-26,Karota BO,Narnaul HO,,,2,4,,1,,,,,,
,J3466,Apr-26,Kaunt BO,Manheru SO,,,3,,,,,,,,,
,A7314,Apr-26,Khanak BO,Tosham SO,,,5,1,,,,,,,,
,12711401,Apr-26,Kharak Kalan SO,,3,3,8,8,,12,1,29,,,3,
,L4386,Apr-26,Kharkari BO,Loharu SO,,,,,,2,,1,,,,
,C4193,Apr-26,Kharkhari Sohan BO,Tosham SO,,,1,,,2,,1,,,,
,J2208,Apr-26,Khera BO,Siwani SO,,,2,2,,3,,,,,,
,E1552,Apr-26,Kheri BO,Kanina SO,,,3,,,3,,2,,,,
,D7910,Apr-26,Kheri Bura BO,Charkhi  Dadri Hsgii SO,,,1,,,,,,,,,
,J2224,Apr-26,Khudana BO,Mohindergarh SO,,,1,,,,,,,,,
,E7195,Apr-26,Kirawar BO,Jamalpur SO Bhiwani,,,1,,,,,,,,,
,J3467,Apr-26,Kitlana BO,Neemariwali PO,,,,,,,,1,,,,
,G7113,Apr-26,Kohar BO,Bapora SO,,,1,,,2,,,,,,
,D7884,Apr-26,Koriawas BO,Narnaul HO,,,9,,,2,,2,,,,
,F8349,Apr-26,Kotia BO,Kanina SO,,,1,,,2,,1,,,,
,C9449,Apr-26,Krishan Nagar BO,Narnaul HO,,,2,,,1,,11,,,,
,F4600,Apr-26,Kultazpur BO,Narnaul HO,,,1,2,,4,,9,,,,
,J7455,Apr-26,Kungar BO,Mundhal Khurd SO,,,3,,,1,,1,,,,
,L4387,Apr-26,Kural BO,Loharu SO,,,,,,1,,1,,,,
,J2225,Apr-26,Kurawata BO,Mohindergarh SO,,,,,,1,,,,,,
,C8494,Apr-26,Kusumbhi BO,Kairu SO,,,,,,3,,1,,,,
,G6835,Apr-26,Lad BO,Badhara SO,,,,,,1,,,,,,
,J2226,Apr-26,Lawan BO,Mohindergarh SO,,,4,,,2,,8,,,,
,C8495,Apr-26,Leghan BO,Kairu SO,,,6,,,,,1,,,,
,J2209,Apr-26,Lilas BO,Siwani SO,,,1,,,,,,,,,
,E5319,Apr-26,Lohani BO,Kairu SO,,,4,4,,2,,,,,,
,12702106,Apr-26,Lohar Bazar SO,,1,,2,35,,10,2,52,,1,4,
,L4329,Apr-26,Lohari Jatu BO,Bawani Khera SO,,,2,3,,2,,,,,,
,12720101,Apr-26,Loharu SO,,7,1,12,45,,17,2,17,,3,2,
,B5940,Apr-26,Loharwara BO,Achina SO,,,1,,,,,,,,,
,B2701,Apr-26,Madhana Kalan BO,Narnaul HO,,,,5,,2,,,,,,
,H0364,Apr-26,Madhogarh BO,Satnali SO,,,2,1,,3,,,,,,
,B5571,Apr-26,Makrana BO,Chiriya SO,,,,,,,,1,,,,
,L4330,Apr-26,Mandhana BO,Bawani Khera SO,,,1,1,,,,,,,,
,G6836,Apr-26,Mandhi Harya BO,Nihalgard PO,,,2,1,,,,1,,,,
,N9291,Apr-26,Mandholi Kalan BO,Rodhan SO,,,,,,2,,,,,,
,J2210,Apr-26,Mandholi Khurd BO,Siwani SO,,,,1,,4,,,,,,
,12302101,Apr-26,Mandi Ateli SO,,10,1,15,106,,40,6,172,,7,20,
,D7885,Apr-26,Mandi BO,Narnaul HO,,,1,25,,2,,,,,,
,J2227,Apr-26,Mandola BO,Mohindergarh SO,,,2,,,13,,4,,,,
,12730901,Apr-26,Manheru SO,Manheru SO,4,2,2,8,,9,,4,,,1,
,E6273,Apr-26,Mankawas BO,Charkhi  Dadri Hsgii SO,,,,1,,1,,,,,,
,F3605,Apr-26,Mansarbass BO,Kairu SO,,,,1,,4,,4,,,,
,G8996,Apr-26,Matani BO,Behl SO,,,,,,1,,,,,,
,E0620,Apr-26,Mauri BO,Chiriya SO,,,2,,,,,3,,,,
,H9252,Apr-26,Mehera BO,Birhi Kalan SO,,,,2,,2,,5,,,,
,L4331,Apr-26,Milkpur BO,Bawani Khera SO,,,2,,,3,,13,,,,
,12702107,Apr-26,Mini Sect Bhiwani SO,,2,,3,16,,7,2,30,,,5,
,12300101,Apr-26,Mini SecttNarnaul SO,,2,,,17,,3,,14,,,2,
,J2211,Apr-26,Miran BO,Siwani SO,,,1,2,,1,,1,,,,
,G1000,Apr-26,Misri BO,Sanwar SO Bhiwani,,,,,,1,,,,,,
,E5320,Apr-26,Mitathal BO,Tigrana SO,,,2,2,,7,,2,,,,
,G8997,Apr-26,Mithi BO,Behl SO,,,1,,,,,,,,,
,12302901,Apr-26,Mohindergarh SO,,16,5,15,182,,62,7,77,,8,23,
,G8998,Apr-26,Morka BO,Behl SO,,,,,,2,,1,,,,
,B5941,Apr-26,Morwala BO,Achina SO,,,2,,,1,,,,,,
,12704101,Apr-26,Mundhal Khurd SO,,1,,2,13,,12,,21,,,,
,J7247,Apr-26,Nagal Nunia BO,Nangal Chaudhry SO,,,1,6,,1,,,,,,
,L4388,Apr-26,Nakipur BO,Loharu SO,,,1,,,,,,,,,
,J2212,Apr-26,Naloi BO,Siwani SO,,,,1,,,,,,,,
,F0144,Apr-26,Nandgaon BO,Neemariwali PO,,,,,,,,3,,,,
,12302301,Apr-26,Nangal Chaudhry SO,,3,4,7,62,,41,4,47,,2,23,
,J7248,Apr-26,Nangal Dargu BO,Nangal Chaudhry SO,,,1,1,,1,,,,,,
,B2702,Apr-26,Nangal Katha BO,Narnaul HO,,,1,2,,1,,4,,,,
,12302801,Apr-26,Nangal Sirohi SO,,,,5,38,,12,,38,,1,6,
,H0365,Apr-26,Nangalmala BO,Satnali SO,,,,1,,,,,,,,
,12300102,Apr-26,Narnaul City SO,,8,,4,98,,28,11,148,,3,23,
,12300100,Apr-26,Narnaul HO,,25,3,25,299,,82,17,348,,16,53,
,12300103,Apr-26,Narnaul Kty SO,,,4,,39,,9,2,16,,1,6,
,H3225,Apr-26,Naurangabass Jattan BO,Jhojhu SO,,,,1,,,,,,,,
,E9939,Apr-26,Nautana BO,Kanina SO,,,,,,2,,,,,,
,H0366,Apr-26,Nawan BO,Satnali SO,,,,,,1,,2,,,,
,12731101,Apr-26,Neemariwali PO,Neemariwali PO,,,4,0,,1,,1,,,,
,G3119,Apr-26,Neemli BO,Charkhi  Dadri Hsgii SO,,,4,4,,1,,,,,,
,G3096,Apr-26,Neerpur BO,Narnaul HO,,,1,10,,1,,,,,,
,J7249,Apr-26,Niamatpur BO,Nangal Chaudhry SO,,,,10,,,,,,,,
,F6456,Apr-26,Nihalawas BO,Nangal Sirohi SO,,,4,1,,2,,,,,,
,12731201,Apr-26,Nihalgard PO,,3,1,0,2,,3,,4,,,1,
,F4601,Apr-26,Nizampur RS BO,Narnaul HO,,,1,6,,1,,,,,,
,G9000,Apr-26,Obra BO,Behl SO,,,5,1,,1,,,,,,
,D7911,Apr-26,Paitawas Kalan BO,Charkhi  Dadri Hsgii SO,,,1,,,,,,,,,
,AK111,Apr-26,Paju BO,Loharu SO,,,,10,,,,1,,,,
,H3226,Apr-26,Palari BO,Jhojhu SO,,,,2,,2,,8,,,,
,J2229,Apr-26,Pali BO,Mohindergarh SO,,,,,,1,,,,,,
,J2230,Apr-26,Palri Panihara BO,Mohindergarh SO,,,1,,,2,,,,,,
,B1793,Apr-26,Paluwas BO,Tigrana SO,,,2,5,,,,,,,,
,E7196,Apr-26,Paposa BO,Jamalpur SO Bhiwani,,,1,1,,,,,,,,
,L4389,Apr-26,Parvezpur BO,Loharu SO,,,3,,,3,,,,,,
,I2957,Apr-26,Pathera BO,Bawania SO,,,1,1,,4,,4,,,,
,G9001,Apr-26,Patwan BO,Behl SO,,,1,,,2,,3,,,,
,H3227,Apr-26,Pichopa Kalan BO,Jhojhu SO,,,4,1,,1,,1,,,,
,J3503,Apr-26,Pohkarwas BO,Jui Khurd SO,,,,2,,2,,1,,,,
,F8350,Apr-26,Pota BO,Kanina SO,,,,,,2,,,,,,
,C0231,Apr-26,Premnagar BO,Tigrana SO,,,1,,,,,1,,,,
,L4332,Apr-26,Pur BO,Bawani Khera SO,,,2,1,,2,,2,,,,
,F4602,Apr-26,Raghunathpura BO,Narnaul HO,,,1,1,,3,,13,,,,
,B6664,Apr-26,Rajgarh BO,Neemariwali PO,,,,1,,,,2,,,,
,B6462,Apr-26,Rambas BO,Kanina SO,,,,1,,1,,,,,,
,H3228,Apr-26,Rambass BO,Nihalgard PO,,,1,1,,1,,5,,,,
,E4234,Apr-26,Ranila BO,Sanwar SO Bhiwani,,,4,2,,5,,1,,,,
,H9253,Apr-26,Rasiwas BO,Birhi Kalan SO,,,,,,2,,1,,,,
,A8024,Apr-26,Rasoolpur BO,Kanina SO,,,2,,,2,,,,,,
,G4112,Apr-26,Ratera BO,Jamalpur SO Bhiwani,,,,,,1,,,,,,
,L9950,Apr-26,Rattan Kalan BO,Mandi Ateli SO,,,1,3,,1,,1,,,,
,F4633,Apr-26,Rawaldhi BO,Charkhi  Dadri Hsgii SO,,,1,2,,4,,6,,,,
,J9572,Apr-26,Rewari Khera BO,Chang SO,,,1,26,,2,,1,,,,
,C4194,Apr-26,Riwasa BO,Tosham SO,,,,,,1,,,,,,
,12704301,Apr-26,Rodhan SO,,,,3,0,,5,,22,,1,1,
,B6665,Apr-26,Roopgarh BO,Neemariwali PO,,,,,,1,,,,,,
,C4195,Apr-26,Sagban BO,Tosham SO,,,2,,,,,,,,,
,J9573,Apr-26,Sai BO,Chang SO,,,7,21,,1,,1,,,,
,B2734,Apr-26,Samaspur BO,Charkhi  Dadri Hsgii SO,,,1,4,,,,,,,,
,N9292,Apr-26,Sandawa BO,Rodhan SO,,,2,,,2,,,,,,
,B9153,Apr-26,Sanjarwas BO,Sanwar SO Bhiwani,,,,,,2,,,,,,
,F2537,Apr-26,Sankror BO,Sanwar SO Bhiwani,,,,,,4,,1,,,,
,12704201,Apr-26,Sanwar SO Bhiwani,,1,2,7,4,,9,,9,,,,
,L9951,Apr-26,Sarai Bahadur BO,Mandi Ateli SO,,,,10,,,,,,,,
,AK762,Apr-26,Sarangpur B.O,Birhi Kalan SO,,,2,1,,2,,1,,,,
,J7250,Apr-26,Sareli BO,Nangal Chaudhry SO,,,,4,,2,,6,,,,
,F4634,Apr-26,Sarupgarh BO,Charkhi  Dadri Hsgii SO,,,1,2,,1,,1,,,,
,12302401,Apr-26,Satnali SO,,6,1,4,41,,17,3,19,,1,9,
,L4390,Apr-26,Sehar BO,Loharu SO,,,2,,,3,,,,,,
,E9940,Apr-26,Sehlang BO,Kanina SO,,,,,,2,,,,,,
,G5053,Apr-26,Sehma BO,Nangal Sirohi SO,,,1,,,3,,7,,,,
,G9002,Apr-26,Serla BO,Behl SO,,,1,,,2,,3,,,,
,H0368,Apr-26,Shyampura BO,Satnali SO,,,1,1,,,,,,,,
,F8351,Apr-26,Siana BO,Kanina SO,,,3,,,2,,,,,,
,G9003,Apr-26,Sidhanwa BO,Behl SO,,,,1,,,,,,,,
,G6903,Apr-26,Sihore BO,Kanina SO,,,1,,,,,,,,,
,L4391,Apr-26,Singhani BO,Loharu SO,,,2,,,1,,,,,,
,J7251,Apr-26,Sirohi Behali BO,Nangal Chaudhry SO,,,1,,,1,,4,,,,
,H9254,Apr-26,Siswala BO,Birhi Kalan SO,,,1,,,1,,2,,,,
,J7456,Apr-26,Siwana BO,Mundhal Khurd SO,,,1,,,,,,,,,
,12704601,Apr-26,Siwani SO,,,1,13,28,,26,,59,,2,14,
,L4333,Apr-26,Siwara BO,Bawani Khera SO,,,2,1,,,,,,,,
,L4392,Apr-26,Sohansara BO,Loharu SO,,,2,,,1,,2,,,,
,B1794,Apr-26,Sui BO,Tigrana SO,,,,,,1,,1,,,,
,I2958,Apr-26,Sundrah BO,Bawania SO,,,,2,,1,,5,,,,
,F3606,Apr-26,Sungarpur BO,Kairu SO,,,1,,,1,,,,,,
,H0369,Apr-26,Sureti Kalan BO,Satnali SO,,,1,,,,,1,,,,
,AU194,Apr-26,SURJANWAS,Bawania SO,,,,1,,,,,,,,
,J7457,Apr-26,Talu BO,Mundhal Khurd SO,,,1,,,,,,,,,
,J7252,Apr-26,Thanwas BO,Nangal Chaudhry SO,,,3,,,,,,,,,
,12703101,Apr-26,Tigrana SO,,2,,6,15,,13,,7,,3,1,
,H9255,Apr-26,Tiwala BO,Birhi Kalan SO,,,,5,,,,1,,,,
,12704001,Apr-26,Tosham SO,,1,2,10,19,,38,3,33,,1,5,
,J3504,Apr-26,Umarwas BO,Jui Khurd SO,,,1,1,,1,,,,,,
,L6408,Apr-26,Agon BO,Ferozepur Jhirka SO,,,3,2,,,,,,,,
,E7826,Apr-26,Aharwan BO,Palwal SO,,,2,1,,2,,,,,,
,J6609,Apr-26,Akhera BO,Nuh SO,,,1,5,,7,,1,,,,
,E7827,Apr-26,Alawalpur BO,Palwal SO,,,6,,,2,,,,,,
,J7232,Apr-26,Ali Meo BO,Hodal SO,,,,14,,1,,,,,,
,J6124,Apr-26,Alipur BO,Tigaon SO,,,2,29,,3,,,,,,
,12100301,Apr-26,Amarnagar SO Faridabad,,15,3,18,22,,27,10,21,,4,16,
,A5004,Apr-26,Amarpur BO,Ballabgarh SO,,,3,7,,,,,,,,
,C2803,Apr-26,Amroli BO,Palwal SO,,,2,,,,,,,,,
,J7233,Apr-26,Andhop BO,Hodal SO,,,2,3,,3,,,,,,
,D1119,Apr-26,Asaota BO,Palwal SO,,,1,,,1,,,,,,
,B3472,Apr-26,Atali BO,Ballabgarh SO,,,2,1,,,,,,,,
,12110501,Apr-26,Aurangabad SO Faridabad,,,,6,4,,5,,4,,,1,
,J6125,Apr-26,Badarpur Syed BO,Tigaon SO,,,,,,2,,4,,,,
,N8583,Apr-26,Baded BO,Punhana SO,,,1,1,,1,,,,,,
,N8584,Apr-26,Badli BO,Punhana SO,,,2,,,9,,,,,,
,C4361,Apr-26,Baghanki BO,Tauru SO,,,2,2,,,,5,,,,
,A5867,Apr-26,Baghola BO,Palwal SO,,,1,,,1,,,,,,
,N8433,Apr-26,Bahin BO,Aurangabad SO Faridabad,,,1,,,1,,,,,,
,12100401,Apr-26,Ballabgarh SO,,13,,46,41,,38,2,68,,12,34,
,N8434,Apr-26,Bamni Khera BO,Aurangabad SO Faridabad,,,6,,,,,,,,,
,J7234,Apr-26,Banchari BO,Hodal SO,,,3,,,2,,3,,,,
,J7309,Apr-26,Banswa BO,Hassanpur SO,,,3,15,,,,,,,,
,E6964,Apr-26,Baroli BO,Ballabgarh SO,,,4,1,,1,,,,,,
,L6409,Apr-26,Bewan BO,Ferozepur Jhirka SO,,,,1,,,,,,,,
,A4102,Apr-26,Bhadas BO,Nagina SO Gurgaon,,,5,11,,1,,,,,,
,J6126,Apr-26,Bhainsrawali BO,Tigaon SO,,,2,3,,2,,50,,,,
,J7310,Apr-26,Bhandoli BO,Hassanpur SO,,,1,1,,1,,10,,,,
,C7988,Apr-26,Bhaskola BO,Faridabad Sector 16a  SO,,,,,,3,,7,,,,
,J7311,Apr-26,Bhiduki BO,Hassanpur SO,,,4,1,,1,,,,,,
,J6127,Apr-26,Bhuvapur BO,Tigaon SO,,,,51,,2,,,,,,
,N8585,Apr-26,Bichhor BO,Punhana SO,,,7,36,,,,,,,,
,N8586,Apr-26,Bisru BO,Punhana SO,,,2,,,,,,,,,
,E6143,Apr-26,Budarpur BO,Nagina SO Gurgaon,,,,16,,2,,,,,,
,J6128,Apr-26,Chandpur BO,Tigaon SO,,,3,15,,1,,,,,,
,D1120,Apr-26,Chant BO,Palwal SO,,,4,1,,2,,,,,,
,12100402,Apr-26,Chawla Colony Ballabgarh SO,,8,1,1,34,,17,,71,,8,24,
,J7315,Apr-26,Chhainsa BO,Hathin SO,,,,10,,,,,,,,
,D0248,Apr-26,Chhainsa BO,Ballabgarh SO,,,,17,,,,,,,,
,B4295,Apr-26,Chhajju Nagar BO,Palwal SO,,,2,1,,3,,,,,,
,A7480,Apr-26,Chharoda BO,Tauru SO,,,4,,,,,,,,,
,D1121,Apr-26,Chirwari BO,Palwal SO,,,1,,,1,,,,,,
,A5005,Apr-26,Dayalpur BO,Ballabgarh SO,,,3,1,,,,6,,,,
,A5007,Apr-26,Dhauj BO,Ballabgarh SO,,,1,2,,1,,,,,,
,N8435,Apr-26,Dighot BO,Aurangabad SO Faridabad,,,2,,,,,,,,,
,D2647,Apr-26,Dulawat BO,Tauru SO,,,3,20,,1,,,,,,
,12100701,Apr-26,Escortsnagar Faridabad SO,,17,2,4,30,,6,9,47,,1,15,
,12100101,Apr-26,Factory Area Faridabad SO,,19,,5,29,,19,2,148,,17,18,
,12100201,Apr-26,Faridabad City SO,,15,,4,49,,27,2,83,,16,30,
,12100100,Apr-26,Faridabad NIT HO,,81,2,37,30,1,44,12,121,,32,100,
,12100702,Apr-26,Faridabad Sector 12 SO,,,1,1,1,,3,,1,,,3,
,12100703,Apr-26,Faridabad Sector 15 SO,,6,,5,2,,12,7,24,,1,15,
,12100202,Apr-26,Faridabad Sector 16 SO,,2,,,11,,7,4,27,,2,14,
,12100203,Apr-26,Faridabad Sector 16a  SO,,17,4,7,30,,23,5,26,,5,16,
,12100204,Apr-26,Faridabad Sector 18 SO,,17,,3,56,,28,6,81,,8,17,
,12100501,Apr-26,Faridabad Sector 22 SO,,15,2,43,26,,28,3,47,,8,17,
,12100801,Apr-26,Faridabad Sector 29 SO,,9,1,1,26,,16,13,38,,,12,
,12100404,Apr-26,Faridabad Sector 3 SO,,14,,1,52,,14,9,68,,4,24,
,12100601,Apr-26,Faridabad Sector 7 SO,,10,2,4,12,,27,7,66,,9,37,
,12100602,Apr-26,Faridabad Sector 8 SO,,4,,5,16,,16,2,24,,,6,
,12100603,Apr-26,Faridabad Sector 9 SO,,22,2,1,18,,14,6,32,,4,31,
,J6129,Apr-26,Faridpur BO,Tigaon SO,,,,85,,,,,,,,
,C1917,Apr-26,Fatehpur Billoch BO,Ballabgarh SO,,,2,,,3,,5,,,,
,B3473,Apr-26,Fatehpur Tagga BO,Ballabgarh SO,,,3,,,1,,,,,,
,12100102,Apr-26,Feroz Gandhi Nagar Faridabad SO,,8,1,19,51,,17,,116,,7,19,
,12210401,Apr-26,Ferozepur Jhirka SO,,2,2,12,35,,32,,75,,,16,
,G3876,Apr-26,Gadpuri BO,Ballabgarh SO,,,4,,,1,,,,,,
,J7316,Apr-26,Gehlab BO,Hathin SO,,,3,2,,,,,,,,
,J7317,Apr-26,Gharrot BO,Hathin SO,,,3,3,,1,,,,,,
,B4296,Apr-26,Ghori BO,Palwal SO,,,7,,,2,,,,,,
,F5356,Apr-26,Gonchhi BO,Ballabgarh SO,,,4,2,,4,,14,,,,
,J7235,Apr-26,Gorota BO,Hodal SO,,,,11,,,,3,,,,
,AK844,Apr-26,Goyla BO,Tauru SO,,,,1,,,,,,,,
,12101401,Apr-26,Greater Faridabad PO,,4,1,10,6,,7,2,16,,2,4,
,12100604,Apr-26,GT Road Faridabad SO,,7,,2,7,,7,1,18,,,6,
,N8587,Apr-26,Gulalta BO,Punhana SO,,,,,,1,,,,,,
,J7312,Apr-26,Gulawad BO,Hassanpur SO,,,1,,,,,,,,,
,B3414,Apr-26,Gurukul Indraprashtha BO,Amarnagar SO Faridabad,,,2,10,,,,,,,,
,E0978,Apr-26,Hasanpur BO,Tauru SO,,,5,,,,,,,,,
,12110701,Apr-26,Hassanpur SO,,,,22,23,,13,,5,,1,,
,12110301,Apr-26,Hathin SO,,,,5,7,1,6,,1,,,,
,L6411,Apr-26,Hirwari BO,Ferozepur Jhirka SO,,,,,,15,,,,,,
,12110601,Apr-26,Hodal SO,,1,,17,40,,27,,51,,,3,
,J7318,Apr-26,Hurithal BO,Hathin SO,,,1,,,3,,,,,,
,12100103,Apr-26,Industrial Area Faridabad SO,,23,,2,41,,28,11,178,,17,30,
,D9394,Apr-26,Jaindapur BO,Palwal SO,,,1,,,,,,,,,
,N8588,Apr-26,Jamalgarh BO,Punhana SO,,,,4,,2,,,,,,
,E0979,Apr-26,Jaurasi BO,Tauru SO,,,,1,,2,,2,,,,
,12100502,Apr-26,Jawahar Colony Faridabad SO,,11,2,15,71,,33,4,140,,7,20,
,12110201,Apr-26,Jawahar Nagar Palwal SO,,,,9,18,,11,,120,,2,10,
,G3877,Apr-26,Jawan BO,Ballabgarh SO,,,2,,,2,,,,,,
,C4362,Apr-26,Jhamuwas BO,Tauru SO,,,,,,2,,,,,,
,A7481,Apr-26,Kalwari BO,Tauru SO,,,1,,,,,,,,,
,J7236,Apr-26,Khaika BO,Hodal SO,,,2,6,,12,,1,,,,
,J7237,Apr-26,Khambi BO,Hodal SO,,,3,,,1,,,,,,
,N8589,Apr-26,Khanpur Ghati BO,Punhana SO,,,2,7,,,,,,,,
,N8436,Apr-26,Khatela Sarai BO,Aurangabad SO Faridabad,,,1,,,,,,,,,
,E4794,Apr-26,Kheri Kalan BO,Faridabad Sector 16a  SO,,,3,,,1,,,,,,
,J7319,Apr-26,Kondal BO,Hathin SO,,,4,,,1,,,,,,
,J6130,Apr-26,Kurali BO,Tigaon SO,,,6,19,,1,,,,,,
,J6611,Apr-26,Kurthala BO,Nuh SO,,,3,,,,,1,,,,
,N8590,Apr-26,Lohinga Kalan BO,Punhana SO,,,2,2,,1,,,,,,
,J7321,Apr-26,Madnaka BO,Hathin SO,,,2,,,4,,,,,,
,J6612,Apr-26,Malab BO,Nuh SO,,,2,,,1,,,,,,
,J7322,Apr-26,Malai BO,Hathin SO,,,1,,,,,,,,,
,F4475,Apr-26,Mandikhera BO,Nagina SO Gurgaon,,,1,1,,2,,,,,,
,J7323,Apr-26,Mandkola BO,Hathin SO,,,2,,,2,,,,,,
,J6131,Apr-26,Manjhawali BO,Tigaon SO,,,1,,,1,,31,,,,
,N8437,Apr-26,Manpur BO,Aurangabad SO Faridabad,,,4,1,,3,,6,,,,
,J7239,Apr-26,Marraoli BO,Hodal SO,,,1,25,,,,,,,,
,12100302,Apr-26,Mathura Road Faridabad SO,,4,1,1,5,,6,1,10,,1,1,
,12210702,Apr-26,Mini Sectt NUH SO,,1,,,1,,,,,,,1,
,A7482,Apr-26,Mohamadpur Ahir BO,Tauru SO,,,1,,,1,,,,,,
,B3474,Apr-26,Mohna BO,Ballabgarh SO,,,6,2,,1,,,,,,
,F4476,Apr-26,Moolthan BO,Nagina SO Gurgaon,,,1,11,,,,,,,,
,12210801,Apr-26,Nagina SO Gurgaon,,,,4,10,,19,,3,,,,
,N8591,Apr-26,Naheda BO,Punhana SO,,,2,,,,,,,,,
,N8592,Apr-26,Nai BO,Punhana SO,,,2,,,7,,,,,,
,N8438,Apr-26,Nangal Jat BO,Aurangabad SO Faridabad,,,4,,,,,16,,,,
,E6965,Apr-26,Neemka BO,Ballabgarh SO,,,5,,,2,,,,,,
,12110202,Apr-26,New Township Palwal SO,,7,,4,17,,7,1,14,,1,2,
,12100105,Apr-26,Nh2 Faridabad SO,,17,,6,20,,23,6,80,,8,26,
,12100106,Apr-26,Nh3 Faridabad SO,,11,,4,24,,8,,86,,6,4,
,12100107,Apr-26,Nh4 Faridabad SO,,23,2,23,16,,30,11,24,,9,9,
,12101001,Apr-26,Nhpc Colony Faridabad SO,,4,2,3,14,,12,11,31,,3,24,
,12100104,Apr-26,NIFM Faridabad SO,,4,,4,2,,4,4,8,,,4,
,12210701,Apr-26,Nuh SO,,3,,10,12,,11,,6,,3,,
,F5357,Apr-26,Pali BO,Ballabgarh SO,,,2,,,,,,,,,
,12110203,Apr-26,Palwal SO,,22,7,57,98,,73,9,244,,11,30,
,G3878,Apr-26,Panhera Khurd BO,Ballabgarh SO,,,2,4,,,,11,,,,
,N8439,Apr-26,Pingore BO,Aurangabad SO Faridabad,,,,20,,,,,,,,
,F6183,Apr-26,Prithla BO,Palwal SO,,,1,,,,,,,,,
,12250801,Apr-26,Punhana SO,,,,7,8,,8,2,6,,,1,
,AV768,Apr-26,PYALA BO,Ballabgarh SO,,,,2,,,,,,,,
,B4297,Apr-26,Rasulpur BO,Palwal SO,,,4,3,,,,,,,,
,A7483,Apr-26,Rathiwas BO,Tauru SO,,,4,3,,1,,2,,,,
,L6412,Apr-26,Rawli BO,Ferozepur Jhirka SO,,,1,4,,,,,,,,
,N8594,Apr-26,Rethath BO,Punhana SO,,,3,,,,,,,,,
,J7324,Apr-26,Rupraka BO,Hathin SO,,,2,,,,,,,,,
,F5358,Apr-26,Sagarpur BO,Ballabgarh SO,,,,1,,,,,,,,
,F4477,Apr-26,Sakras BO,Nagina SO Gurgaon,,,1,10,,,,,,,,
,12101301,Apr-26,Sec91 SO,,,,16,4,,7,1,2,,1,,
,12101201,Apr-26,Sector21D  SO,,,,4,8,,7,2,13,,3,12,
,12101002,Apr-26,SECTOR46,,5,1,1,,,2,,3,,,1,
,12101501,Apr-26,Sector55 PO,,,2,2,2,,11,11,21,,,13,
,G3879,Apr-26,Seekri BO,Ballabgarh SO,,,2,,,,,1,,,,
,N8595,Apr-26,Shahchokha BO,Punhana SO,,,5,7,,,,,,,,
,12110204,Apr-26,SHRI VISHWAKARMA SKILL UNIVERSITY,,,,1,,,1,,,,,,
,C2804,Apr-26,Siaroli BO,Palwal SO,,,,2,,2,,4,,,,
,N8596,Apr-26,Sihri Singhalheri BO,Punhana SO,,,1,,,3,,,,,,
,N8597,Apr-26,Sikrawa BO,Punhana SO,,,4,,,,,,,,,
,N8598,Apr-26,Singar BO,Punhana SO,,,1,,,5,,,,,,
,J7240,Apr-26,Sondh BO,Hodal SO,,,7,2,,,,,,,,
,J6613,Apr-26,Sudaka BO,Nuh SO,,,1,4,,,,,,,,
,C4363,Apr-26,Sundh BO,Tauru SO,,,1,1,,2,,,,,,
,12100901,Apr-26,Surajkund Faridabad SO,,4,,4,5,,8,1,7,,,4,
,J6614,Apr-26,Tain BO,Nuh SO,,,,,,2,,,,,,
,J6615,Apr-26,Tapkan BO,Nuh SO,,,2,,,,,,,,,
,J7314,Apr-26,Tappa Bilochpur BO,Hassanpur SO,,,2,,,1,,,,,,
,12210501,Apr-26,Tauru SO,,3,,12,23,,23,8,26,,1,7,
,F6184,Apr-26,Teekri Brahman BO,Palwal SO,,,5,7,,2,,,,,,
,12110101,Apr-26,Tigaon SO,,5,1,13,8,,11,,12,,2,,
,A4938,Apr-26,Tilpat BO,Amarnagar SO Faridabad,,,3,3,,2,,,,,,
,B2582,Apr-26,Umra BO,Nagina SO Gurgaon,,,,10,,,,,,,,
,J7325,Apr-26,Uttawar BO,Hathin SO,,,11,,,,,,,,,
,J3519,Apr-26,Ahrod BO,Kund SO,,,,1,,4,,7,,,,
,12200501,Apr-26,Air Force SO,,8,1,1,4,,1,,,,1,,
,C5194,Apr-26,Akera BO,Dharuhera SO,,,1,11,,1,,1,,,,
,12200101,Apr-26,Arjun Nagar SO,,9,4,6,61,,15,6,38,,3,18,
,B6198,Apr-26,Asalwas BO,Bawal SO,,,,3,,,,,,,,
,I5322,Apr-26,Asiaki Gorawas BO,Palhawas SO,,,2,1,,,,,,,,
,E1211,Apr-26,Badhrana BO,Dharan SO,,,1,3,,3,,4,,,,
,12210101,Apr-26,Badshahpur SO,,2,,11,40,,14,5,38,,6,8,
,E9700,Apr-26,Baghthala BO,Bawal SO,,,1,,,,,,,,,
,L7187,Apr-26,Baldhan Kalan BO,Dahina SO,,,,6,,1,,,,,,
,F6986,Apr-26,Balwari BO,Khol SO,,,,4,,1,,,,,,
,E9701,Apr-26,Banipur BO,Bawal SO,,,,8,,2,,,,,,
,L9320,Apr-26,Basai BO,Railwary Road SO,,,5,3,,3,,1,,,,
,12200102,Apr-26,Basai Road SO,,5,,1,2,,4,4,70,,2,5,
,J3520,Apr-26,Basduda BO,Kund SO,,,1,2,,4,,14,,,,
,L8300,Apr-26,Baslambi BO,Pataudi SO,,,,1,,2,,,,,,
,L8301,Apr-26,Baspadamka BO,Pataudi SO,,,,,,2,,3,,,,
,12350101,Apr-26,Bawal SO,,2,,17,67,,29,5,28,,1,8,
,J8958,Apr-26,Bawwa BO,Nahar SO,,,2,,,1,,6,,,,
,L8164,Apr-26,Bhangrola BO,Garhi Harsaru SO,,,2,2,,1,,,,,,
,F4823,Apr-26,Bharawas BO,Rewari SO,,,2,,,3,,2,,,,
,F8635,Apr-26,Bhatsana BO,Dharuhera SO,,,,6,,,,,,,,
,L7549,Apr-26,Bhirauti BO,Sohna SO,,,,2,,,,,,,,
,12210201,Apr-26,Bhondsi SO,,3,1,11,7,,10,2,7,,,4,
,12241301,Apr-26,Bhorakalan SO,,3,2,14,13,,10,2,39,,6,1,
,E1756,Apr-26,Bhotwas Ahir BO,Khori SO,,,1,,,,,1,,,,
,E6427,Apr-26,Bikaner BO,Rewari SO,,,10,,,6,,4,,,,
,E9278,Apr-26,Bilaspur Khurd BO,Bhorakalan SO,,,,,,,,4,,,,
,J8959,Apr-26,Bisowa BO,Nahar SO,,,,1,,2,,11,,,,
,C9668,Apr-26,Bithwana BO,Rewari SO,,,,1,,5,,1,,,,
,B2905,Apr-26,Boria Kamalpur BO,Rewari SO,,,,2,,1,,,,,,
,L8165,Apr-26,Budhera BO,Garhi Harsaru SO,,,3,9,,2,,12,,,,
,E6428,Apr-26,Budhpur BO,Rewari SO,,,9,3,,2,,2,,,,
,L7188,Apr-26,Buroli BO,Dahina SO,,,1,,,2,,,,,,
,L7550,Apr-26,Chapera BO,Sohna SO,,,3,10,,2,,,,,,
,O0173,Apr-26,Cheelarh BO,Khalilpur SO,,,1,,,1,,5,,,,
,J3521,Apr-26,Chita Dungra BO,Kund SO,,,1,2,,2,,1,,,,
,12209801,Apr-26,CRPF Kadarpur SO,,,,1,1,,1,1,,,,,
,12201802,Apr-26,D Block South City II Gurgaon,,13,1,1,12,,18,16,23,,4,29,
,12341101,Apr-26,Dahina SO,,12,1,8,104,,22,7,73,,2,11,
,L7189,Apr-26,Dakhora BO,Nehrugarh SO,,,1,1,,,,,,,,
,G8381,Apr-26,Damdama BO,Bhondsi SO,,,,14,,,,,,,,
,L7190,Apr-26,Daroli BO,Dahina SO,,,1,2,,1,,,,,,
,L7551,Apr-26,Daulah BO,Sohna SO,,,1,,,3,,,,,,
,L9321,Apr-26,Daultabad BO,Railwary Road SO,,,1,4,,1,,21,,,,
,D8063,Apr-26,Dehlawas Gulabpur BO,Rewari SO,,,2,,,1,,3,,,,
,F7665,Apr-26,Dhani Chitarsain BO,Bhorakalan SO,,,,18,,,,,,,,
,L8166,Apr-26,Dhankot BO,Garhi Harsaru SO,,,2,,,,,1,,,,
,12341201,Apr-26,Dharan SO,,2,,3,9,,16,,4,,3,2,
,12310601,Apr-26,Dharuhera SO,,10,1,7,35,,27,3,27,,4,7,
,C3665,Apr-26,Dhawana BO,Khol SO,,,1,,,2,,9,,,,
,12200801,Apr-26,DLF PhII SO,,2,1,1,12,,8,3,3,,1,11,
,12200201,Apr-26,DLF QE SO,,12,,7,21,,17,16,37,,7,15,
,D3548,Apr-26,Dungerwas BO,Dharuhera SO,,,1,,,4,,25,,,,
,12250601,Apr-26,Farrukh Nagar SO,,3,,12,9,,11,,49,,1,6,
,F0220,Apr-26,Fazilpur BO,Badshahpur SO,,,1,,,2,,,,,,
,12200901,Apr-26,Galleria DLFIV SO,,25,1,4,30,,23,13,88,,4,51,
,12200112,Apr-26,GARAULI KHURD,,,1,6,36,,3,1,1,,,,
,G3288,Apr-26,Garhi Bolni BO,Rewari SO,,,2,,,,,,,,,
,12250501,Apr-26,Garhi Harsaru SO,Garhi Harsaru SO,4,2,18,30,,6,1,1,,2,2,
,AK416,Apr-26,Garhi Wajidpur BO,Sohna SO,,,1,,,,,,,,,
,G8382,Apr-26,Ghamroj BO,Bhondsi SO,,,,,,,,2,,,,
,L7552,Apr-26,Ghasera BO,Sohna SO,,,,7,,,,,,,,
,L7553,Apr-26,Ghungola BO,Sohna SO,,,,1,,,,,,,,
,12340101,Apr-26,Gokal Bazar Rewari SO,,12,1,7,92,,14,13,308,,9,58,
,E6429,Apr-26,Gokalgarh BO,Rewari SO,,,2,,,1,,1,,,,
,J3522,Apr-26,Gothra BO,Kund SO,,,1,2,,3,,2,,,,
,L7191,Apr-26,Gothra BO,Dahina SO,,,,,,3,,,,,,
,AK418,Apr-26,Gudhana BO,Haillymandi SO,,,2,,,3,,1,,,,
,J9906,Apr-26,Gugodh BO,Kosli SO,,,1,,,1,,,,,,
,B6199,Apr-26,Gujar Majra BO,Bawal SO,,,1,10,,2,,,,,,
,I5323,Apr-26,Guraora BO,Palhawas SO,,,5,2,,,,6,,,,
,12200100,Apr-26,Gurgaon HO,,41,6,51,112,,69,23,158,,16,87,
,12200103,Apr-26,Gurgaon Kty SO,,,,1,4,,4,4,46,,,3,
,12200104,Apr-26,Gurgaon Sector 17 SO,,8,4,2,11,,17,1,12,,,6,
,12200301,Apr-26,Gurgaon Sector 45 SO,,8,1,4,12,,11,3,6,,1,13,
,12201101,Apr-26,Gurgaon Sector 56 SO,,13,1,2,9,,13,10,46,,8,52,
,12200105,Apr-26,Gurgaon South City I SO,,10,5,1,,,5,2,3,,2,2,
,12201801,Apr-26,Gurgaon South City II SO,,7,,,,,2,5,8,,1,12,
,12330101,Apr-26,Guriani SO,,7,,4,53,,24,1,53,,1,8,
,F6888,Apr-26,Gwal Pahari BO,Gurgaon Sector 45 SO,,,,9,,,,,,,,
,12250401,Apr-26,Haillymandi SO,,4,,11,16,,12,1,95,,2,6,
,12205201,Apr-26,IMT Manesar SO,,5,2,10,17,,23,7,11,,1,,
,J6601,Apr-26,Inchhapuri BO,Nanukalan SO,,,2,,,,,,,,,
,L7554,Apr-26,Indir Mewat BO,Sohna SO,,,4,6,,1,,,,,,
,12311001,Apr-26,Industrial Area Dharuhera SO,,,1,6,4,,8,,4,,,1,
,12201601,Apr-26,Industrial Complex Dundahera SO,,1,3,9,7,,15,4,10,,8,7,
,12200701,Apr-26,Industrial Estate SO Gurgaon,,6,,6,11,,8,6,17,,2,10,
,B6200,Apr-26,Jaisinghpur Khera BO,Bawal SO,,,,,,,,9,,,,
,O0175,Apr-26,Jaitpur BO,Khalilpur SO,,,,,,,,1,,,,
,J8920,Apr-26,Jakhala BO,Guriani SO,,,1,1,,1,,,,,,
,L8302,Apr-26,Jamalpur BO,Pataudi SO,,,1,3,,,,,,,,
,O0176,Apr-26,Jant BO,Khalilpur SO,,,,,,2,,2,,,,
,O0174,Apr-26,Jasat BO,Khalilpur SO,,,1,,,2,,,,,,
,L6305,Apr-26,Jataula BO,Haillymandi SO,,,,,,4,,1,,,,
,L6306,Apr-26,Jatauli BO,Haillymandi SO,,,4,3,,3,,11,,,,
,F4824,Apr-26,Jatusa RS BO,Rewari SO,,,2,3,,3,,,,,,
,E1309,Apr-26,Jhabuwa BO,Bawal SO,,,,5,,,,,,,,
,J9907,Apr-26,Jhal BO,Nehrugarh SO,,,,,,1,,,,,,
,AV707,Apr-26,Jhanjrola Khera,,,,3,,,,,,,,,
,J8960,Apr-26,Jharoda BO,NEHRUGARH SO,,,,1,,3,,8,,,,
,J8961,Apr-26,Jholri BO,Nahar SO,,,1,,,1,,,,,,
,J9908,Apr-26,Juddi BO,Kosli SO,,,,1,,1,,,,,,
,G7183,Apr-26,Kadarpur BO,Badshahpur SO,,,1,11,,1,,,,,,
,12340102,Apr-26,Kankarwali Rewari SO,,18,2,3,78,,25,2,40,,3,6,
,I5324,Apr-26,Kannaura BO,Palhawas SO,,,3,,,2,,,,,,
,L7192,Apr-26,Kanwali BO,Dahina SO,,,,,,1,,27,,,,
,I5325,Apr-26,Karawara BO,Palhawas SO,,,,,,6,,4,,,,
,A4457,Apr-26,Karnawas BO,Rewari SO,,,1,1,,4,,2,,,,
,L6307,Apr-26,Karola BO,Haillymandi SO,,,1,1,,,,4,,,,
,J8962,Apr-26,Karoli BO,Nahar SO,,,1,,,13,,52,,,,
,J6596,Apr-26,Kasan BO,Nsg Camp Manesar SO,,,3,,,3,,3,,,,
,C3666,Apr-26,Khaleta BO,Khol SO,,,,,,,,4,,,,
,12250201,Apr-26,Khalilpur SO,,4,1,3,17,,8,,41,,,,
,L6308,Apr-26,Khandewia BO,Haillymandi SO,,,,,,,,1,,,,
,C9669,Apr-26,Khandora BO,Rewari SO,,,,1,,,,1,,,,
,12200106,Apr-26,Khandsa Road SO,,6,,3,5,,5,1,9,,1,,
,A8325,Apr-26,Kharkhara BO,Dharuhera SO,,,,2,,1,,1,,,,
,J6602,Apr-26,Khatauli BO,Nanukalan SO,,,1,,,4,,2,,,,
,L9306,Apr-26,Khera Khurampur BO,Farrukh Nagar SO,,,1,,,,,5,,,,
,G8383,Apr-26,Kherla BO,Bhondsi SO,,,4,3,,1,,2,,,,
,L7555,Apr-26,KherliLala BO,Sohna SO,,,,1,,2,,,,,,
,12310301,Apr-26,Khol SO,,4,,0,26,,7,,7,,,1,
,J6603,Apr-26,Khor BO,Nanukalan SO,,,2,3,,4,,2,,,,
,12310101,Apr-26,Khori SO,,5,,6,18,,10,2,17,,1,1,
,L7556,Apr-26,Kiranj BO,Sohna SO,,,1,1,,,,,,,,
,J8963,Apr-26,Kohrar BO,Nahar SO,,,,1,,1,,2,,,,
,J3523,Apr-26,Kolana BO,Kund SO,,,,2,,1,,,,,,
,12330201,Apr-26,Kosli SO,,13,,5,32,,19,4,77,,5,4,
,12310201,Apr-26,Kund SO,,6,1,5,36,,16,1,56,,,11,
,H8526,Apr-26,Lakhnaula BO,Narsinghpur SO,,,2,3,,2,,1,,,,
,J8964,Apr-26,Lilodh BO,Nahar SO,,,,,,1,,,,,,
,L7193,Apr-26,Lisan BO,Dahina SO,,,1,,,1,,,,,,
,L7194,Apr-26,Lohana BO,Dahina SO,,,2,3,,2,,18,,,,
,J6604,Apr-26,Lokra BO,Nanukalan SO,,,3,3,,3,,2,,,,
,J8965,Apr-26,Lookhi BO,NEHRUGARH SO,,,2,4,,5,,16,,,,
,J9911,Apr-26,Lula Ahir BO,Nehrugarh SO,,,,,,,,1,,,,
,F0221,Apr-26,Maheshwari BO,Dharuhera SO,,,,5,,,,,,,,
,B2906,Apr-26,Majra Gurdas BO,Rewari SO,,,3,1,,,,,,,,
,C9670,Apr-26,Majra Sheoraj BO,Rewari SO,,,,,,,,,,1,,
,G7109,Apr-26,Mamaria Ahir BO,Khori SO,,,,2,,,,,,,,
,D1909,Apr-26,Mandola BO,Khol SO,,,,,,1,,8,,,,
,L8167,Apr-26,Mankdola BO,Garhi Harsaru SO,,,,6,,5,,3,,,,
,G8384,Apr-26,Maruthi Kunj BO,Bhondsi SO,,,3,2,,2,,3,,,,
,C5195,Apr-26,Masani BO,Dharuhera SO,,,3,3,,2,,,,,,
,E6430,Apr-26,Mastapur BO,Rewari SO,,,,,,,,1,,,,
,A6708,Apr-26,Mayan BO,Khol SO,,,,,,1,,6,,,,
,L6309,Apr-26,Mehchana BO,Haillymandi SO,,,1,,,,,4,,,,
,12200107,Apr-26,Mini Sectt SO,,,,3,5,,9,6,5,,,,
,O0178,Apr-26,Mirpur BO,Khalilpur SO,,,,2,,2,,12,,,,
,12340103,Apr-26,Model Town  Rewari SO,,17,1,3,78,,18,11,69,,2,10,
,C9671,Apr-26,Mohanpur BO,Rewari SO,,,1,,,2,,1,,,,
,A4458,Apr-26,Mohdinpur BO,Rewari SO,,,,,,3,,2,,,,
,G6240,Apr-26,Moklawas BO,Bhorakalan SO,,,1,,,2,,5,,,,
,L7195,Apr-26,Motla Kalan BO,Dahina SO,,,,,,3,,1,,,,
,L7196,Apr-26,Mundi BO,Dahina SO,,,1,4,,3,,1,,,,
,AV739,Apr-26,Nahar Pur Rupa,,,,,7,,1,,,,,,
,12330301,Apr-26,Nahar SO,,5,1,3,43,,21,2,89,,,6,
,D2962,Apr-26,Naichana BO,Bawal SO,,,,1,,1,,,,,,
,J9912,Apr-26,Nangal Pathani BO,Kosli SO,,,2,,,,,,,,,
,E9702,Apr-26,Nangal Shahbazpur BO,Bawal SO,,,1,,,4,,,,,,
,F8082,Apr-26,Nangal Teju BO,Bawal SO,,,1,7,,1,,,,,,
,E6431,Apr-26,Nangli Godha BO,Rewari SO,,,,1,,,,1,,,,
,12241401,Apr-26,Nanukalan SO,,,,2,3,,5,,10,,,4,
,L8304,Apr-26,Narhera BO,Pataudi SO,,,4,,,1,,2,,,,
,12200401,Apr-26,Narsinghpur SO,,,2,0,46,,5,,3,,,,
,J8966,Apr-26,Nayagaon BO,Nahar SO,,,1,2,,1,,,,,,
,12330401,Apr-26,Nehrugarh SO,,,2,4,2,,10,,9,,1,,
,12340104,Apr-26,New Anaz Mandi Rewari SO,,12,2,3,42,,22,,39,,,10,
,12200108,Apr-26,New Colony SO Gurgaon,,38,1,6,27,,15,7,46,,4,10,
,L6310,Apr-26,Noorgarh BO,Haillymandi SO,,,1,1,,,,,,,,
,12205101,Apr-26,Nsg Camp Manesar SO,,1,,5,,,5,,3,,1,,
,E9279,Apr-26,Pachgaon BO,Bhorakalan SO,,,,,,1,,3,,,,
,O0179,Apr-26,Pahari BO,Khalilpur SO,,,,,,,,5,,,,
,12201501,Apr-26,Palam Road SO,,12,1,9,8,,14,2,42,,3,10,
,12201701,Apr-26,Palam Vihar SO Gurgaon,,26,1,7,28,,47,27,40,,5,33,
,12303501,Apr-26,Palhawas SO,,4,,15,36,,12,1,69,,,10,
,J3525,Apr-26,Pali BO,Kund SO,,,2,1,,1,,1,,,,
,F8634,Apr-26,Paltra BO,Badshahpur SO,,,1,5,,,,5,,,,
,12250301,Apr-26,Pataudi SO,,2,,8,21,,20,2,63,,3,5,
,B5765,Apr-26,Pathreri BO,Bhorakalan SO,,,6,1,,,,7,,,,
,L9307,Apr-26,Patil RS BO,Farrukh Nagar SO,,,4,,,8,,12,,,,
,F8557,Apr-26,Pithrawas BO,Khori SO,,,,1,,2,,4,,,,
,C4669,Apr-26,Pranpura BO,Bawal SO,,,2,,,,,1,,,,
,F0142,Apr-26,Punsika BO,Khori SO,,,,2,,,,,,,,
,12200601,Apr-26,Railwary Road SO,,9,3,10,23,,13,3,9,,1,3,
,G8385,Apr-26,Raisina BO,Bhondsi SO,,,1,5,,,,,,,,
,E9623,Apr-26,Rajgarh BO,Dharan SO,,,3,17,,2,,5,,,,
,C5196,Apr-26,Raliawas BO,Dharuhera SO,,,1,,,5,,1,,,,
,O0180,Apr-26,Ramgarh BO,Khalilpur SO,,,,1,,5,,5,,,,
,L7198,Apr-26,Rampuri BO,Dahina SO,,,,1,,2,,,,,,
,J8921,Apr-26,Rattanthal BO,Guriani SO,,,,,,,,9,,,,
,12340105,Apr-26,Rewari SO,,40,2,33,200,,76,15,206,,9,34,
,L7557,Apr-26,Rewasan BO,Sohna SO,,,10,8,,9,,2,,,,
,G8386,Apr-26,Rithoj BO,Bhondsi SO,,,1,10,,,,,,,,
,D8064,Apr-26,Rohrai BO,Rewari SO,,,6,,,,,,,,,
,L7558,Apr-26,Rojka Meo BO,Sohna SO,,,2,5,,,,,,,,
,J9913,Apr-26,Sadat Nagar BO,Nehrugarh SO,,,,1,,,,,,,,
,A4459,Apr-26,Saharanwas BO,Rewari SO,,,1,2,,3,,4,,,,
,F4825,Apr-26,Sangwari BO,Rewari SO,,,2,9,,3,,3,,,,
,L9308,Apr-26,Sewari BO,Farrukh Nagar SO,,,2,,,2,,10,,,,
,O0181,Apr-26,Sherpur BO,Khalilpur SO,,,,,,1,,2,,,,
,12200109,Apr-26,Shivaji Nagar SO Gurgaon,,8,,1,21,,10,2,5,,3,7,
,J9914,Apr-26,Shyam Nagar BO,Kosli SO,,,,,,4,,2,,,,
,E9280,Apr-26,Sidhrawali BO,Bhorakalan SO,,,4,8,,1,,,,,,
,H8527,Apr-26,Sikanderpur BO,Narsinghpur SO,,,,2,,2,,1,,,,
,H8528,Apr-26,Sikohpur BO,Narsinghpur SO,,,,2,,,,,,,,
,12210301,Apr-26,Sohna SO,,14,,6,65,,29,3,106,,13,26,
,L9309,Apr-26,Sultanpur BO,Farrukh Nagar SO,,,3,,,2,,3,,,,
,J9915,Apr-26,Surehli BO,Nehrugarh SO,,,,4,,,,,,,,
,F8083,Apr-26,Suthana BO,Bawal SO,,,1,5,,,,,,,,
,J6605,Apr-26,Syed Shahpur BO,Nanukalan SO,,,,,,,,1,,,,
,AM121,Apr-26,TAJ NAGAR BO,Farrukh Nagar SO,,,3,,,2,,,,,,
,F7989,Apr-26,Tankri BO,Dharan SO,,,1,4,,1,,5,,,,
,O0182,Apr-26,Tatarpur BO,Khalilpur SO,,,1,,,4,,7,,,,
,G7184,Apr-26,Teekli BO,Badshahpur SO,,,4,2,,1,,28,,,,
,12340106,Apr-26,Tehsil Road Rewari SO,,14,3,3,77,,23,16,164,,14,27,
,D3473,Apr-26,Tint BO,Khori SO,,,1,,,,,,,,,
,J9916,Apr-26,Tumna BO,Kosli SO,,,2,,,2,,,,,,
,O0183,Apr-26,Turkiawas BO,Khalilpur SO,,,1,4,,7,,15,,,,
,L8305,Apr-26,Unchamajra BO,Pataudi SO,,,4,2,,2,,1,,,,
,12200111,Apr-26,Urban Estate Gurgaon SO,,56,7,13,34,,28,27,60,,1,64,
,12201201,Apr-26,Vatika India Sec 82 SO,,8,1,2,11,,12,20,10,,3,12,
,AO523,Apr-26,Ward No. 14 B.O,Railwary Road SO,,,,,,1,,,,,,
,L8168,Apr-26,Wazipur BO,Garhi Harsaru SO,,,1,2,,2,,,,,,
,L7200,Apr-26,Zainabad BO,Dahina SO,,,1,,,1,,,,,,
,12504701,Apr-26,Agroha SO,,1,,8,11,0,3,,9,,,3,
,A3414,Apr-26,Ahlisadar BO,Fatehabad SO Fatehabad,,,1,2,,5,,22,,,,
,F9956,Apr-26,Ahmedpur BO,Sirsa HO,,,4,1,,3,,,,,,
,H9305,Apr-26,Akanwali BO,Dharsul Kalan SO,,,2,2,,5,,3,,,,
,E9885,Apr-26,Alika BO,Baragudha SO,,,2,,,,,9,,,,
,AK415,Apr-26,Amani BO,Tohana Mandi SO,,,2,,,,,,,,,
,A2293,Apr-26,Amritsar Kalan BO,Ellenabad SO,,,1,2,,2,,,,,,
,12503301,Apr-26,Anaj Mandi Hansi SO,,15,2,8,4,,28,6,77,,,7,
,D3182,Apr-26,Anandgarh BO,Baragudha SO,,,3,,,3,,,,,,
,A9646,Apr-26,Arniawali BO,Sirsa HO,,,1,,,,,,,,,
,L3897,Apr-26,Arya Nagar BO,Ha U Hisar SO,,,,1,,2,,,,,,
,J7262,Apr-26,Asa Khera BO,Chautala SO,,,2,,,1,,,,,,
,L4403,Apr-26,Asrawan BO,Mandi Adampur SO,,,2,1,,2,,,,,,
,J6565,Apr-26,Ayalki BO,Rattia SO,,,6,1,,,,4,,,,
,12500701,Apr-26,Azad Nagar Hisar SO,,,1,4,5,,14,6,17,,1,3,
,F7582,Apr-26,Badala BO,Bass SO,,,2,,,,,4,,,,
,J6566,Apr-26,Badalgarh BO,Rattia SO,,,1,1,,3,,5,,,,
,G6164,Apr-26,Badchhpar BO,Bass SO,,,,,,1,,3,,,,
,12504801,Apr-26,Badopal SO,,40,3,4,4,,6,,54,,,1,
,G2202,Apr-26,Badya Brahamana BO,Modle Town Hisar SO,,,,1,,,,,,,,
,L4404,Apr-26,Bagla BO,Mandi Adampur SO,,,,2,,,,,,,,
,12505401,Apr-26,Bahaudin SO,,,,3,7,,10,,,,2,,
,J6184,Apr-26,Bahiya BO,Siri Jiwan Nagar SO,,,3,,,,,,,,,
,J7789,Apr-26,Baidwala BO,Sikander Pur SO,,,1,,,1,,6,,,,
,A5357,Apr-26,Baijalpur BO,Bhuna SO,,,5,,,1,,1,,,,
,J7790,Apr-26,Bajekan BO,Sikander Pur SO,,,2,1,,5,,,,,,
,L3926,Apr-26,Balak BO,Pabra SO,,,1,,,1,,,,,,
,J6185,Apr-26,Balasar BO,Siri Jiwan Nagar SO,,,1,,,2,,,,,,
,J6568,Apr-26,Baliala BO,Rattia SO,,,1,,,2,,,,,,
,L3898,Apr-26,Balsmand BO,Ha U Hisar SO,,,5,1,,1,,,,,,
,J7264,Apr-26,Ban Mandori BO,Bhattu Kalan SO,,,1,,,1,,,,,,
,C0337,Apr-26,Banawali BO,Fatehabad SO Fatehabad,,,1,1,,4,,,,,,
,A8326,Apr-26,Banbhori BO,Barwala SO Hisar,,,2,,,7,,,,,,
,F3716,Apr-26,Bangaon BO,Fatehabad SO Fatehabad,,,,3,,,,,,,,
,J6186,Apr-26,Banni BO,Siri Jiwan Nagar SO,,,1,10,,,,,,,,
,J8294,Apr-26,Banwala BO,Goriwala SO,,,,2,,1,,,,,,
,F8284,Apr-26,Bapp BO,Baragudha SO,,,2,2,,2,,,,,,
,12507801,Apr-26,Baragudha SO,,1,1,1,16,,5,,13,,,,
,J7011,Apr-26,Baruwalii BO,Bahaudin SO,,,2,1,,2,,,,,,
,12512101,Apr-26,BARWALA MANDI SO,,15,4,3,17,,10,,31,,,1,
,12503302,Apr-26,Barwala Road Hansi SO,,1,,5,9,,14,2,47,,2,,
,12512102,Apr-26,Barwala SO Hisar,,1,,16,49,,26,5,212,,1,23,
,12504201,Apr-26,Bass SO,,,,5,6,,14,,8,,,1,
,12505501,Apr-26,Begu Road Sirsa SO,,5,,4,97,,17,2,50,,5,8,
,B1923,Apr-26,Behbalpur BO,Modle Town Hisar SO,,,2,5,,3,,,,,,
,D5967,Apr-26,Berwala Khurd BO,Ellenabad SO,,,3,,,,,,,,,
,E1496,Apr-26,Bhadra BO,Baragudha SO,,,,,,2,,,,,,
,J6617,Apr-26,Bhaini Amirpur BO,Narnaund SO,,,1,,,3,,3,,,,
,C5197,Apr-26,Bhaini Badshahpur BO,Barwala SO Hisar,,,3,1,,,,3,,,,
,J2175,Apr-26,Bhaklana BO,Khanda Kheri SO,,,,,,,,2,,,,
,B8059,Apr-26,Bhamboor BO,Sirsa HO,,,3,1,,3,,,,,,
,J7791,Apr-26,Bharokhan BO,Sikander Pur SO,,,3,,,,,2,,,,
,J6187,Apr-26,Bharolianwali BO,Siri Jiwan Nagar SO,,,,,,2,,10,,,,
,A7271,Apr-26,Bhatol Jattan BO,Bass SO,,,1,1,,1,,7,,,,
,12505301,Apr-26,Bhattu Kalan SO,,,,9,22,,11,1,22,,,8,
,G6837,Apr-26,Bhiwan BO,Baragudha SO,,,1,1,,,,2,,,,
,E0837,Apr-26,Bhoda BO,Agroha SO,,,2,,,4,,3,,,,
,G2175,Apr-26,Bhodia Bishnoian BO,Fatehabad SO Fatehabad,,,2,,,,,,,,,
,B1910,Apr-26,Bhodia Khera BO,Fatehabad SO Fatehabad,,,,6,,,,,,,,
,12511101,Apr-26,Bhuna SO,,3,1,8,16,,15,2,31,,1,6,
,C6445,Apr-26,Bhuratwala BO,Sirsa HO,,,4,,,1,,,,,,
,C0338,Apr-26,Bhuthan Kalan BO,Fatehabad SO Fatehabad,,,6,3,,1,,,,,,
,E1835,Apr-26,Biana Khera BO,Barwala SO Hisar,,,3,,,1,,,,,,
,F3717,Apr-26,Bighar BO,Fatehabad SO Fatehabad,,,2,,,,,,,,,
,J8295,Apr-26,Bijuwali BO,Goriwala SO,,,5,,,,,,,,,
,F0119,Apr-26,Bobua BO,Uklana Mandi SO,,,2,1,,3,,1,,,,
,J6570,Apr-26,Bora BO,Rattia SO,,,2,2,,1,,4,,,,
,F8536,Apr-26,Bosti BO,Uklana Mandi SO,,,,1,,2,,1,,,,
,12501101,Apr-26,BSF Hisar SO,,,1,0,0,,5,,1,,,,
,J6618,Apr-26,Budana BO,Narnaund SO,,,1,,,,,,,,,
,C5198,Apr-26,Bugana BO,Barwala SO Hisar,,,1,,,2,,7,,,,
,L3900,Apr-26,Burak BO,Ha U Hisar SO,,,,,,2,,,,,,
,J6533,Apr-26,Burj Bhangu BO,Odhan SO,,,3,,,,,,,,,
,D3455,Apr-26,Buwan BO,Uklana Mandi SO,,,,,,3,,,,,,
,J3470,Apr-26,Chadiwal BO,Chopta Nathu Sari SO,,,1,,,,,3,,,,
,J3471,Apr-26,Chaharwala BO,Chopta Nathu Sari SO,,,3,,,,,,,,,
,G2170,Apr-26,Chainat BO,Hansi SO,,,,1,,4,,,,,,
,A9647,Apr-26,Chakarian BO,Sirsa HO,,,1,,,1,,1,,,,
,J8296,Apr-26,Chakkan BO,Goriwala SO,,,3,14,,1,,,,,,
,A7530,Apr-26,Chakpanihar BO,Azad Nagar Hisar SO,,,,2,,1,,,,,,
,A9648,Apr-26,Chamal BO,Sirsa HO,,,1,,,2,,,,,,
,B6639,Apr-26,Chamar Khera BO,Uklana Mandi SO,,,,10,,,,,,,,
,J6571,Apr-26,Chandoh Kalan BO,Rattia SO,,,2,3,,2,,,,,,
,D0586,Apr-26,Chandrawal BO,Bhuna SO,,,1,,,,,,,,,
,L6264,Apr-26,Chatha BO,Mandi Dabwali SO,,,,5,,,,,,,,
,G4242,Apr-26,Chaubara BO,Bhuna SO,,,4,2,,,,3,,,,
,E9444,Apr-26,Chaudhariwas BO,Azad Nagar Hisar SO,,,4,,,,,8,,,,
,12510101,Apr-26,Chautala SO,,,3,11,21,,9,,7,,,,
,G6225,Apr-26,Chikanwas BO,Agroha SO,,,,2,,2,,22,,,,
,J6572,Apr-26,Chimmon BO,Rattia SO,,,3,,,,,27,,,,
,G6167,Apr-26,Chinder BO,Badopal SO,,,,10,,1,,,,,,
,12511001,Apr-26,Chopta Nathu Sari SO,,,1,7,5,,9,,7,,,,
,J6534,Apr-26,Chormar BO,Odhan SO,,,,,,,,7,,,,
,L4405,Apr-26,Chuli Bagrian BO,Mandi Adampur SO,,,,3,,3,,3,,,,
,L4406,Apr-26,Chuli Khurd BO,Mandi Adampur SO,,,1,1,,4,,1,,,,
,E5444,Apr-26,Dabra BO,Modle Town Hisar SO,,,,1,,,,3,,,,
,12510401,Apr-26,Dabwali Town SO,,,,,12,,4,,,,,,
,L6265,Apr-26,Dabwali Village BO,Mandi Dabwali SO,,,,,,1,,,,,,
,H8906,Apr-26,Dahima BO,Hisar Cantt SO,,,2,3,,5,,,,,,
,L3927,Apr-26,Dahman BO,Pabra SO,,,2,2,,,,,,,,
,J7265,Apr-26,Daiyar BO,Bhattu Kalan SO,,,,,,1,,,,,,
,J6188,Apr-26,Damdama BO,Siri Jiwan Nagar SO,,,,7,,,,,,,,
,J3472,Apr-26,Darba Kalan BO,Chopta Nathu Sari SO,,,1,,,,,,,,,
,J7792,Apr-26,Darbi BO,Sikander Pur SO,,,2,,,,,,,,,
,C8619,Apr-26,Dariyapur BO,Fatehabad SO Fatehabad,,,2,,,3,,,,,,
,L4407,Apr-26,Daroli BO,Mandi Adampur SO,,,1,2,,2,,,,,,
,H3016,Apr-26,Datta BO,Sisai SO Hisar,,,3,5,,3,,22,,,,
,F0222,Apr-26,Daultpur BO,Barwala SO Hisar,,,5,,,,,2,,,,
,G2203,Apr-26,Daya BO,Modle Town Hisar SO,,,2,,,,,19,,,,
,H9306,Apr-26,Degoh BO,Dharsul Kalan SO,,,1,,,1,,,,,,
,L5328,Apr-26,Desu Mulkana BO,Kalanwali SO,,,1,1,,4,,9,,,,
,J7266,Apr-26,Dhabi Kalan BO,Bhattu Kalan SO,,,,3,,3,,5,,,,
,G7185,Apr-26,Dhadh BO,Barwala SO Hisar,,,1,1,,3,,,,,,
,F3714,Apr-26,Dhana Kalan BO,Hansi SO,,,,1,,3,,,,,,
,B1906,Apr-26,Dhana Khurd BO,Hansi SO,,,1,2,,1,,2,,,,
,G2176,Apr-26,Dhand BO,Fatehabad SO Fatehabad,,,,1,,2,,,,,,
,F3715,Apr-26,Dhanderi BO,Hansi SO,,,,,,1,,,,,,
,A7273,Apr-26,Dhanger BO,Badopal SO,,,6,,,,,,,,,
,D0587,Apr-26,Dhani Gopal BO,Bhuna SO,,,2,,,3,,,,,,
,G7186,Apr-26,Dhani Khan Bahadur BO,Barwala SO Hisar,,,1,,,1,,1,,,,
,G2177,Apr-26,Dhani Majra BO,Fatehabad SO Fatehabad,,,3,5,,1,,,,,,
,B1905,Apr-26,Dhani Peeranwali BO,Hansi SO,,,,2,,6,,5,,,,
,E5445,Apr-26,Dhansu BO,Modle Town Hisar SO,,,4,1,,3,,,,,,
,J2176,Apr-26,Dharam Kheri BO,Khanda Kheri SO,,,,4,,1,,,,,,
,J6189,Apr-26,Dharampura BO,Siri Jiwan Nagar SO,,,1,5,,,,12,,,,
,12510601,Apr-26,Dharsul Kalan SO,,,1,2,8,,9,,17,,3,,
,J7267,Apr-26,Dhingsara BO,Bhattu Kalan SO,,,1,,,3,,,,,,
,E7325,Apr-26,Dholu BO,Bhuna SO,,,1,,,2,,,,,,
,12505801,Apr-26,Ding SO,,,2,5,3,,5,,3,,,2,
,L3902,Apr-26,DOBHI BO,Ha U Hisar SO,,,1,,,2,,,,,,
,L6356,Apr-26,Dohtar BO,Rania SO,,,5,,,2,,10,,,,
,J6190,Apr-26,Dudianwali BO,Siri Jiwan Nagar SO,,,2,2,,,,,,,,
,B3822,Apr-26,Dullat BO,Bhuna SO,,,4,2,,,,,,,,
,L4408,Apr-26,Durjanpur BO,Mandi Adampur SO,,,1,1,,,,,,,,
,12510201,Apr-26,Ellenabad SO,,,,14,53,,24,,88,,1,21,
,B6757,Apr-26,Faridpur BO,Barwala SO Hisar,,,2,,,1,,,,,,
,12505001,Apr-26,Fatehabad SO Fatehabad,,27,4,35,114,,46,8,124,,18,12,
,12505002,Apr-26,Fatehabd Kty SO,,,,,95,,14,52,14,,6,9,
,D9412,Apr-26,Fatehpuri BO,Tohana Mandi SO,,,1,,,2,,,,,,
,A1157,Apr-26,Ferozabad BO,Sirsa HO,,,,1,,,,,,,,
,J7793,Apr-26,Furwain Kalan BO,Sikander Pur SO,,,1,1,,1,,5,,,,
,F0223,Apr-26,Gaibipur BO,Barwala SO Hisar,,,8,2,,1,,1,,,,
,C2820,Apr-26,Gajuwala BO,Tohana Mandi SO,,,,10,,,,,,,,
,J6619,Apr-26,Gamra BO,Narnaund SO,,,,,,1,,4,,,,
,J6573,Apr-26,Ganda BO,Nagpur S.O.,,,,,,1,,,,,,
,J8297,Apr-26,Ganga BO,Goriwala SO,,,1,2,,2,,5,,,,
,C4404,Apr-26,Gangwa BO,Azad Nagar Hisar SO,,,5,2,,1,,,,,,
,B1907,Apr-26,Garhi BO,Hansi SO,,,1,,,,,,,,,
,G6384,Apr-26,Gawar BO,Azad Nagar Hisar SO,,,,1,,1,,,,,,
,C0333,Apr-26,Ghirai BO,Hansi SO,,,3,,,2,,,,,,
,J8298,Apr-26,Ghoranwali BO,Goriwala SO,,,1,,,2,,,,,,
,L4409,Apr-26,Ghursal BO,Mandi Adampur SO,,,,,,1,,5,,,,
,E5430,Apr-26,Gillan Khera BO,Fatehabad SO Fatehabad,,,,1,,1,,,,,,
,12500102,Apr-26,Gju Hisar SO,,2,,1,6,,4,,11,,1,3,
,N8073,Apr-26,Glf Hisar BO,BSF Hisar SO,,,2,2,,1,,,,,,
,E0838,Apr-26,Gorakhpur BO,Agroha SO,,,,,,1,,,,,,
,E9445,Apr-26,Gorchi BO,Azad Nagar Hisar SO,,,,,,1,,,,,,
,12510301,Apr-26,Goriwala SO,,,,3,0,,7,,5,,,1,
,A1158,Apr-26,Gudia Kheda BO,Sirsa HO,,,2,7,,2,,2,,,,
,C5199,Apr-26,Gurana BO,Barwala SO Hisar,,,,1,,,,,,,,
,J6574,Apr-26,Gurusar BO,Rattia SO,,,,1,,2,,,,,,
,J3473,Apr-26,Gussiaiyana BO,Chopta Nathu Sari SO,,,2,,,5,,,,,,
,12500401,Apr-26,Ha U Hisar SO,,5,1,5,22,,20,67,25,,,8,
,J6620,Apr-26,Haibatpur BO,Narnaund SO,,,2,,,,,,,,,
,C8615,Apr-26,Hajampur BO,Hansi SO,,,1,2,,1,,20,,,,
,B1911,Apr-26,Hajrawan Kalan BO,Fatehabad SO Fatehabad,,,1,,,,,,,,,
,C0339,Apr-26,Hajrawan Khurd BO,Fatehabad SO Fatehabad,,,,,,2,,10,,,,
,J6575,Apr-26,Hamzapur BO,Rattia SO,,,,,,2,,,,,,
,H9308,Apr-26,Handalwala BO,Dharsul Kalan SO,,,1,4,,4,,,,,,
,12503303,Apr-26,Hansi City SO,,1,1,6,40,,18,7,77,,,4,
,12503304,Apr-26,Hansi SO,,16,7,35,85,,52,8,143,,2,16,
,J3474,Apr-26,Hanziran BO,Chopta Nathu Sari SO,,,,,,1,,,,,,
,J6191,Apr-26,Haripura BO,Siri Jiwan Nagar SO,,,,2,,,,,,,,
,C8642,Apr-26,Harita BO,Modle Town Hisar SO,,,,,,3,,2,,,,
,J6577,Apr-26,Haroli BO,Nagpur S.O.,,,1,,,,,5,,,,
,J6578,Apr-26,Hassanga BO,Rattia SO,,,1,,,2,,,,,,
,F8537,Apr-26,Hassangarh BO,Uklana Mandi SO,,,2,1,,3,,,,,,
,12500104,Apr-26,Hisar  Nai Mandi SO,,1,1,3,4,,1,1,2,,,,
,12500601,Apr-26,Hisar Cantt SO,,6,,2,10,,26,,12,,,4,
,12500105,Apr-26,Hisar City SO,,6,2,1,19,,,32,14,,1,3,
,12500100,Apr-26,Hisar HO,,38,13,27,141,,93,24,385,,21,97,
,12500106,Apr-26,Hisar Kty SO,,1,,4,18,,18,2,9,,,,
,12500103,Apr-26,HTM Hisar SO,,2,,6,23,,15,5,37,,,,
,B1924,Apr-26,IACBP Hisar BO,Modle Town Hisar SO,,,,20,,2,,4,,,,
,A5879,Apr-26,Inda Chhoi BO,Tohana Mandi SO,,,,,,1,,1,,,,
,L5330,Apr-26,Jagmalwali BO,Kalanwali SO,,,,,,,,10,,,,
,12513301,Apr-26,Jakhal Mandi SO,,1,1,3,20,,7,3,51,,2,11,
,L4410,Apr-26,Jakhod Khera BO,Mandi Adampur SO,,,,1,,,,,,,,
,L5331,Apr-26,Jalalana BO,Kalanwali SO,,,,,,2,,,,,,
,J6579,Apr-26,Jallopur BO,Nagpur S.O.,,,3,1,,,,2,,,,
,J3475,Apr-26,Jamal BO,Chopta Nathu Sari SO,,,,2,,,,,,,,
,D9413,Apr-26,Jamalpur Sheikhan BO,Tohana Mandi SO,,,1,,,2,,,,,,
,C8616,Apr-26,Jamawari BO,Hansi SO,,,1,,,5,,2,,,,
,B3823,Apr-26,Jandli Kalan BO,Bhuna SO,,,1,1,,5,,6,,,,
,D8931,Apr-26,Jandli Khurd BO,Bhuna SO,,,1,8,,3,,,,,,
,J7263,Apr-26,Jandwala Bishnoian BO,Chautala SO,,,1,,,,,,,,,
,J7268,Apr-26,Jandwala BO,Bhattu Kalan SO,,,4,27,,1,,,,,,
,12505601,Apr-26,JCD Vidyapeeth Sirsa,,,1,2,25,,4,6,34,,1,2,
,F0224,Apr-26,Jeora BO,Barwala SO Hisar,,,,,,,,2,,,,
,A3415,Apr-26,Jhalnia BO,Fatehabad SO Fatehabad,,,1,,,,,,,,,
,G6838,Apr-26,Jhorar Rohi BO,Baragudha SO,,,1,,,,,,,,,
,D4829,Apr-26,Jhornali BO,Sirsa HO,,,2,,,1,,,,,,
,F9957,Apr-26,Jodhkan BO,Sirsa HO,,,4,2,,,,2,,,,
,L6357,Apr-26,Jodhpuria BO,Rania SO,,,2,4,,5,,,,,,
,E5446,Apr-26,Juglan BO,Modle Town Hisar SO,,,1,,,1,,,,,,
,L4411,Apr-26,Kabrel BO,Mandi Adampur SO,,,,,,1,,10,,,,
,J2177,Apr-26,Kagasar BO,Khanda Kheri SO,,,1,,,,,,,,,
,J3476,Apr-26,Kagdana BO,Chopta Nathu Sari SO,,,2,1,,1,,,,,,
,L4412,Apr-26,Kajlan BO,Mandi Adampur SO,,,2,7,,,,,,,,
,12520101,Apr-26,Kalanwali SO,,3,1,9,113,,25,1,120,,8,22,
,L4413,Apr-26,Kalirawan BO,Mandi Adampur SO,,,,4,,,,,,,,
,J8299,Apr-26,Kaluana BO,Goriwala SO,,,2,,,3,,,,,,
,J6580,Apr-26,Kamana BO,Rattia SO,,,1,7,,1,,,,,,
,A5880,Apr-26,Kanheri BO,Tohana Mandi SO,,,4,,,,,10,,,,
,L3928,Apr-26,Kanoh Punia BO,Pabra SO,,,3,,,2,,18,,,,
,G8428,Apr-26,Kanwari BO,Nalwa SO,,,3,2,,3,,2,,,,
,J6621,Apr-26,Kapro BO,Narnaund SO,,,1,1,,,,,,,,
,AP171,Apr-26,Karamsana B.O.,Ellenabad SO,,,,4,,1,,,,,,
,H9309,Apr-26,Karandi BO,Dharsul Kalan SO,,,,2,,,,1,,,,
,J6192,Apr-26,Kariwala BO,Siri Jiwan Nagar SO,,,4,7,,,,,,,,
,C0340,Apr-26,Karnoli BO,Fatehabad SO Fatehabad,,,,7,,,,,,,,
,J8300,Apr-26,Keharwala BO,Goriwala SO,,,1,10,,4,,,,,,
,C6446,Apr-26,Keshopura BO,Sirsa HO,,,3,,,,,,,,,
,J7269,Apr-26,Khabra Kalan BO,Bhattu Kalan SO,,,4,,,2,,,,,,
,AP172,Apr-26,Khai Shergarh,Odhan SO,,,,2,,1,,,,,,
,L4414,Apr-26,Khairampur BO,Mandi Adampur SO,,,2,,,4,,5,,,,
,C0341,Apr-26,Khairati Khera BO,Fatehabad SO Fatehabad,,,1,,,2,,,,,,
,J6535,Apr-26,Khairekan BO,Odhan SO,,,2,,,2,,4,,,,
,12505502,Apr-26,Khairpur SO,,2,2,3,35,,11,2,38,,,7,
,G4243,Apr-26,Khajuri Jatti BO,Bhuna SO,,,,15,,1,,,,,,
,12503801,Apr-26,Khanda Kheri SO,,,,1,0,,12,1,11,,,1,
,D2444,Apr-26,Khara Kheri BO,Badopal SO,,,3,,,,,3,,,,
,B6758,Apr-26,Kharak Punia BO,Barwala SO Hisar,,,2,2,,1,,,,,,
,L3934,Apr-26,Kharar Alipur BO,Satroad Khurd SO,,,5,6,,7,,27,,,,
,G6165,Apr-26,Kharbala BO,Bass SO,,,6,1,,1,,2,,,,
,D5968,Apr-26,Khari Sureran BO,Ellenabad SO,,,,2,,,,,,,,
,L3904,Apr-26,Kharia BO,Ha U Hisar SO,,,,,,1,,,,,,
,L6358,Apr-26,Kharian BO,Rania SO,,,5,5,,3,,2,,,,
,B6759,Apr-26,Kharkara BO,Barwala SO Hisar,,,4,1,,1,,,,,,
,C8617,Apr-26,Kharkari BO,Hansi SO,,,1,,,,,,,,,
,F8637,Apr-26,Khedar BO,Barwala SO Hisar,,,1,,,,,10,,,,
,A3432,Apr-26,Kheri Barki BO,Modle Town Hisar SO,,,6,,,,,2,,,,
,H3017,Apr-26,Kheri Gangan BO,Sisai SO Hisar,,,,,,3,,42,,,,
,J6622,Apr-26,Kheri Jalab BO,Narnaund SO,,,,,,1,,,,,,
,L6268,Apr-26,Khuiyana Malkana BO,Mandi Dabwali SO,,,2,1,,2,,5,,,,
,J6581,Apr-26,Khunan BO,Nagpur S.O.,,,1,2,,,,,,,,
,L3930,Apr-26,Kinala BO,Pabra SO,,,3,,,,,1,,,,
,J7270,Apr-26,Kirdhan BO,Bhattu Kalan SO,,,2,,,1,,,,,,
,F7640,Apr-26,Kirmara BO,Agroha SO,,,1,,,1,,,,,,
,L3931,Apr-26,Kirori BO,Pabra SO,,,1,,,,,3,,,,
,L3905,Apr-26,Kirtan BO,Ha U Hisar SO,,,2,1,,2,,4,,,,
,L4415,Apr-26,Kishangarh BO,Mandi Adampur SO,,,,4,,,,,,,,
,L4416,Apr-26,Kohli BO,Mandi Adampur SO,,,,,,1,,,,,,
,J6624,Apr-26,Koth Khurd BO,Narnaund SO,,,,1,,11,,2,,,,
,F6201,Apr-26,Kudni BO,Tohana Mandi SO,,,3,,,1,,10,,,,
,A3416,Apr-26,Kukranwali BO,Fatehabad SO Fatehabad,,,3,14,,7,,18,,,,
,C0334,Apr-26,Kulana BO,Hansi SO,,,1,,,1,,10,,,,
,B5746,Apr-26,Kuleri BO,Agroha SO,,,,,,3,,,,,,
,H9310,Apr-26,Kullan BO,Dharsul Kalan SO,,,,,,,,6,,,,
,A7320,Apr-26,Kumaharia BO,Agroha SO,,,1,2,,,,,,,,
,F8539,Apr-26,Kumba Khera BO,Uklana Mandi SO,,,1,,,2,,,,,,
,C8618,Apr-26,Kumbha BO,Hansi SO,,,2,2,,4,,2,,,,
,G6839,Apr-26,Kurangawali BO,Baragudha SO,,,2,,,,,8,,,,
,A1159,Apr-26,Kusumbhi BO,Sirsa HO,,,,,,1,,,,,,
,F1511,Apr-26,Kutewadh BO,Sirsa HO,,,,1,,,,,,,,
,J6582,Apr-26,Laduwas BO,Rattia SO,,,,3,,,,2,,,,
,H8907,Apr-26,Ladwa BO,Hisar Cantt SO,,,3,4,,1,,,,,,
,L4417,Apr-26,Ladwi BO,Mandi Adampur SO,,,1,1,,4,,,,,,
,L5332,Apr-26,Lakarwali BO,Kalanwali SO,,,2,,,1,,,,,,
,D9414,Apr-26,Lalauda BO,Tohana Mandi SO,,,2,,,,,,,,,
,J6583,Apr-26,Lali BO,Rattia SO,,,,,,1,,34,,,,
,D2498,Apr-26,Landhari BO,Agroha SO,,,1,1,1,,,,,,,
,C4849,Apr-26,Lehangewala BO,Baragudha SO,,,2,,,,,,,,,
,H9311,Apr-26,Lehraian BO,Dharsul Kalan SO,,,,,,,,1,,,,
,E1732,Apr-26,Litani BO,Uklana Mandi SO,,,1,1,,5,,6,,,,
,J6625,Apr-26,Lohari Ragho BO,Narnaund SO,,,,,,1,,,,,,
,J3477,Apr-26,Ludesar BO,Chopta Nathu Sari SO,,,,,,3,,4,,,,
,12505102,Apr-26,M S Rattia SO,,12,4,6,1,,5,5,2,,,,
,12510202,Apr-26,M.S Ellenabad SO,,1,,3,,,1,,,,,,
,C4149,Apr-26,Madanheri BO,Bass SO,,,2,1,,2,,,,,,
,J6626,Apr-26,Madha BO,Narnaund SO,,,,1,,,,12,,,,
,F9958,Apr-26,Madho Singhana BO,Sirsa HO,,,1,,,2,,,,,,
,L4418,Apr-26,Mahalsara BO,Mandi Adampur SO,,,1,5,,,,2,,,,
,G6168,Apr-26,Mahmadpur Rohi BO,Badopal SO,,,3,1,,4,,4,,,,
,J6627,Apr-26,Majra BO,Narnaund SO,,,3,1,,3,,18,,,,
,J3478,Apr-26,Makhosarani BO,Chopta Nathu Sari SO,,,2,,,2,,,,,,
,A9649,Apr-26,Mallekan BO,Sirsa HO,,,,4,1,3,,2,,,,
,E4282,Apr-26,Mamera Kalan BO,Ellenabad SO,,,,10,,,,,,,,
,12505201,Apr-26,Mandi Adampur SO,,69,3,15,129,,37,5,62,,7,19,
,12510402,Apr-26,Mandi Dabwali SO,,5,2,7,40,,20,9,21,,4,20,
,F9959,Apr-26,Mangala BO,Sirsa HO,,,5,,,3,,2,,,,
,D7107,Apr-26,Mangali BO,Modle Town Hisar SO,,,2,1,,1,,,,,,
,H9312,Apr-26,Manghera BO,Dharsul Kalan SO,,,1,6,,2,,,,,,
,J6584,Apr-26,Marh BO,Nagpur S.O.,,,1,,,1,,2,,,,
,L6271,Apr-26,Masitan BO,Mandi Dabwali SO,,,,,,1,,,,,,
,H3019,Apr-26,Masudpur BO,Sisai SO Hisar,,,1,,,4,,21,,,,
,J8301,Apr-26,Matdadu BO,Goriwala SO,,,1,11,,1,,,,,,
,D3549,Apr-26,Matloda BO,Barwala SO Hisar,,,2,,,,,,,,,
,L3906,Apr-26,Mattar Sham BO,Ha U Hisar SO,,,,,,1,,,,,,
,D4830,Apr-26,Maujdin BO,Sirsa HO,,,,6,,1,,25,,,,
,L6272,Apr-26,Maujgarbh BO,Mandi Dabwali SO,,,1,,,3,,3,,,,
,J7012,Apr-26,Mauju Khera BO,Bahaudin SO,,,,,,2,,,,,,
,A2294,Apr-26,Mauju Khera BO,Ellenabad SO,,,,1,,1,,4,,,,
,L3935,Apr-26,Mayar BO,Satroad Khurd SO,,,,1,,,,19,,,,
,12500107,Apr-26,MCHisar SO,,3,,5,64,,20,1,41,,4,,
,A3412,Apr-26,Mehanda BO,Hansi SO,,,,,,,,10,,,,
,J6585,Apr-26,Mehmra BO,Rattia SO,,,1,,,1,,,,,,
,J7271,Apr-26,Mehuwala BO,Bhattu Kalan SO,,,4,1,,2,,,,,,
,L3890,Apr-26,Meond Kalan BO,Jakhal Mandi SO,,,2,,,,,,,,,
,L3891,Apr-26,Meond Khurd BO,Jakhal Mandi SO,,,2,,,,,,,,,
,J6628,Apr-26,Milakpur BO,Narnaund SO,,,1,,,,,,,,,
,12503305,Apr-26,Mini Secretariat Hansi SO,,15,,1,,,,,7,,,,
,12500108,Apr-26,Mini Sectthisar SO,,4,2,3,14,,10,7,26,,,,
,12505503,Apr-26,MiniSecttSirsa SO,,7,,2,46,,7,1,53,,,2,
,J6586,Apr-26,Mirana BO,Rattia SO,,,2,10,,,,,,,,
,J6629,Apr-26,Mirchpur BO,Narnaund SO,,,6,2,,5,,12,,,,
,B9190,Apr-26,Mirzapur BO,Ellenabad SO,,,1,,,5,,8,,,,
,C0356,Apr-26,Mirzapur BO,Modle Town Hisar SO,,,,3,,3,,,,,,
,C7470,Apr-26,Mithanpura BO,Ellenabad SO,,,,3,,,,,,,,
,L6273,Apr-26,Mithri BO,Mandi Dabwali SO,,,,1,,1,,,,,,
,L4419,Apr-26,Moda Khera BO,Mandi Adampur SO,,,,,,2,,,,,,
,12500501,Apr-26,Modle Town Hisar SO,,12,4,11,31,,23,18,46,,,14,
,L4420,Apr-26,Mohabatpur BO,Mandi Adampur SO,,,1,,,,,,,,,
,J6587,Apr-26,Mohmadpur Sotter BO,Rattia SO,,,3,,,,,,,,,
,J7794,Apr-26,Moriwala BO,Sikander Pur SO,,,1,1,,,,,,,,
,J6630,Apr-26,Moth BO,Narnaund SO,,,2,2,,4,,1,,,,
,12505504,Apr-26,MTS Sirsa SO,,48,1,5,53,,25,2,38,,2,20,
,F7827,Apr-26,Muklan BO,Azad Nagar Hisar SO,,,1,,,1,,,,,,
,E5431,Apr-26,Munawali BO,Fatehabad SO Fatehabad,,,1,,,3,,2,,,,
,L3892,Apr-26,Mundlian BO,Jakhal Mandi SO,,,4,9,,1,,,,,,
,J8302,Apr-26,Munnawali BO,Goriwala SO,,,,5,,1,,,,,,
,H9313,Apr-26,Musa Khera BO,Dharsul Kalan SO,,,2,,,,,,,,,
,G8429,Apr-26,Muzadpur BO,Nalwa SO,,,3,,,,,,,,,
,C2294,Apr-26,Nadhori BO,Bhuna SO,,,3,1,,3,,,,,,
,C4850,Apr-26,Nagoki BO,Baragudha SO,,,1,,,2,,10,,,,
,12506101,Apr-26,Nagpur S.O.,,,4,10,3,,2,,0,,,,
,12505003,Apr-26,Nai Mandi Fatehabad SO,,1,,,38,,12,5,41,,,8,
,12505505,Apr-26,Nai Mandi Sirsa SO,,14,5,4,94,,21,4,20,,3,7,
,B1912,Apr-26,Nakhatia BO,Fatehabad SO Fatehabad,,,,3,,7,,,,,,
,J6193,Apr-26,Nakora BO,Siri Jiwan Nagar SO,,,1,,,1,,,,,,
,12503701,Apr-26,Nalwa SO,,,,2,1,,1,,5,,,,
,12500109,Apr-26,NAM Hisar SO,,2,,3,5,,9,3,17,,1,11,
,J6589,Apr-26,Nangal BO,Rattia SO,,,,1,,1,,1,,,,
,D1135,Apr-26,Nangla BO,Tohana Mandi SO,,,4,2,,2,,1,,,,
,A7321,Apr-26,Nangthala BO,Agroha SO,,,2,,,,,,,,,
,H9314,Apr-26,Nanheri BO,Dharsul Kalan SO,,,1,,,1,,14,,,,
,L6359,Apr-26,Nanuana BO,Rania SO,,,5,,,,,,,,,
,J6631,Apr-26,Nara BO,Narnaund SO,,,,,,1,,2,,,,
,12503901,Apr-26,Narnaund SO,,,2,8,11,,18,1,12,,5,5,
,J6194,Apr-26,Nathore BO,Siri Jiwan Nagar SO,,,,,,1,,,,,,
,J3479,Apr-26,Nathusari Kalan BO,Chopta Nathu Sari SO,,,3,,,,,,,,,
,L3893,Apr-26,Nathuwal BO,Jakhal Mandi SO,,,1,,,,,10,,,,
,J6590,Apr-26,Nathwan BO,Rattia SO,,,,1,,,,11,,,,
,L3932,Apr-26,Nehla BO,Pabra SO,,,5,,,2,,10,,,,
,L3907,Apr-26,Neoli Kalan BO,Ha U Hisar SO,,,5,1,,3,,,,,,
,J6536,Apr-26,Nezadela Khurd BO,Odhan SO,,,1,1,,1,,,,,,
,C8643,Apr-26,Niyana BO,Modle Town Hisar SO,,,2,1,,3,,2,,,,
,J7795,Apr-26,Nozadela Kalan BO,Sikander Pur SO,,,,1,,3,,,,,,
,J6537,Apr-26,Nuhiyanwali BO,Odhan SO,,,1,,,4,,,,,,
,12507701,Apr-26,Odhan SO,,,,1,3,,14,,0,,,,
,A1160,Apr-26,Ottu BO,Sirsa HO,,,6,,,,,1,,,,
,12511201,Apr-26,Pabra SO,,1,,5,2,,6,,11,,,,
,H3020,Apr-26,Pali BO,Sisai SO Hisar,,,3,,,1,,7,,,,
,J6591,Apr-26,Palsar BO,Rattia SO,,,,,,,,15,,,,
,J7796,Apr-26,PANIHARI BO,Sikander Pur SO,,,,1,,,,,,,,
,F8638,Apr-26,Panihari BO,Barwala SO Hisar,,,3,,,2,,,,,,
,J6538,Apr-26,Paniwala Mota BO,Odhan SO,,,2,,,,,20,,,,
,L6274,Apr-26,Paniwala Ruldu BO,Mandi Dabwali SO,,,,1,,,,5,,,,
,J6539,Apr-26,Panjuana BO,Odhan SO,,,1,4,,1,,2,,,,
,B6640,Apr-26,Parbhuwala BO,Uklana Mandi SO,,,4,3,,2,,3,,,,
,G4791,Apr-26,Partan BO,Tohana Mandi SO,,,,50,,,,,,,,
,12500110,Apr-26,Patel Nager Hisar SO,,13,,4,33,,12,59,76,,3,20,
,A3413,Apr-26,Petwar BO,Hansi SO,,,1,,,10,,17,,,,
,J7797,Apr-26,Phulkan BO,Sikander Pur SO,,,,,,,,10,,,,
,J6592,Apr-26,Phullan BO,Nagpur S.O.,,,1,,,,,,,,,
,J7272,Apr-26,Pili Mandori BO,Bhattu Kalan SO,,,2,,,1,,,,,,
,L5335,Apr-26,Pipli BO,Kalanwali SO,,,,,,,,9,,,,
,C2821,Apr-26,Pirthala BO,Tohana Mandi SO,,,2,,,1,,,,,,
,A2295,Apr-26,Poharkan BO,Ellenabad SO,,,2,2,,,,5,,,,
,B5692,Apr-26,Puthi Samain BO,Bass SO,,,3,,,,,12,,,,
,B1909,Apr-26,Puthimangal Khan BO,Hansi SO,,,,1,,1,,,,,,
,L3936,Apr-26,Qutabpur BO,Satroad Khurd SO,,,,15,,1,,,,,,
,G4792,Apr-26,Rainwali BO,Tohana Mandi SO,,,2,1,,1,,10,,,,
,L3937,Apr-26,Raipur BO,Satroad Khurd SO,,,,2,,2,,,,,,
,F0225,Apr-26,Rajli BO,Barwala SO Hisar,,,4,,,,,1,,,,
,J6632,Apr-26,Rajthal BO,Narnaund SO,,,2,,,,,,,,,
,J6633,Apr-26,Rakhi Shahpur BO,Narnaund SO,,,4,1,,4,,,,,,
,J8303,Apr-26,Rampur Bishnoian BO,Goriwala SO,,,3,,,,,,,,,
,J7273,Apr-26,Ramsara BO,Bhattu Kalan SO,,,2,,,5,,,,,,
,D4831,Apr-26,Randhawa BO,Sirsa HO,,,2,,,2,,,,,,
,12507601,Apr-26,Rania SO,,3,,3,24,,8,,20,,,5,
,J6594,Apr-26,Ratta Khera BO,Nagpur S.O.,,,,,,1,,,,,,
,H9315,Apr-26,Ratta Theh BO,Dharsul Kalan SO,,,,,,2,,,,,,
,C8620,Apr-26,Ratta Tibba BO,Fatehabad SO Fatehabad,,,2,3,,,,10,,,,
,12505101,Apr-26,Rattia SO,,1,,9,11,,16,1,26,,,8,
,L3908,Apr-26,Rawalwas Khurd BO,Ha U Hisar SO,,,4,20,,,,,,,,
,J8304,Apr-26,Risalia Khera BO,Goriwala SO,,,3,1,,4,,1,,,,
,J3480,Apr-26,Rupawas BO,Chopta Nathu Sari SO,,,1,,,4,,,,,,
,L4421,Apr-26,Sadalpur BO,Mandi Adampur SO,,,4,1,,2,,,,,,
,L3894,Apr-26,Sadhanwas BO,Jakhal Mandi SO,,,1,,,,,,,,,
,G7092,Apr-26,Sahu BO,Uklana Mandi SO,,,,,,1,,,,,,
,J6540,Apr-26,Sahuwala BO,Odhan SO,,,,,,1,,8,,,,
,J3481,Apr-26,Sahuwala ii BO,Chopta Nathu Sari SO,,,1,3,,4,,19,,,,
,L6275,Apr-26,Sakta Khera BO,Mandi Dabwali SO,,,1,1,,1,,,,,,
,L4422,Apr-26,Salemgarh BO,Mandi Adampur SO,,,1,1,,2,,11,,,,
,G4793,Apr-26,Samain BO,Tohana Mandi SO,,,2,4,,2,,,,,,
,C2295,Apr-26,Sanchla BO,Bhuna SO,,,1,1,,,,16,,,,
,D3550,Apr-26,Sandlana BO,Barwala SO Hisar,,,12,,,,,,,,,
,B6641,Apr-26,Saniana BO,Uklana Mandi SO,,,2,,,2,,,,,,
,J6195,Apr-26,Sant Nagar BO,Siri Jiwan Nagar SO,,,,2,,,,8,,,,
,L3909,Apr-26,Sarsana BO,Ha U Hisar SO,,,2,1,,,,,,,,
,E1836,Apr-26,Sarsod BO,Barwala SO Hisar,,,1,,,,,2,,,,
,H8908,Apr-26,Satroad Kalan BO,Hisar Cantt SO,,,2,,,3,,,,,,
,12504401,Apr-26,Satroad Khurd SO,,1,1,4,6,,20,,24,,,,
,C0357,Apr-26,Shaharwa BO,Modle Town Hisar SO,,,3,,,1,,,,,,
,F9960,Apr-26,Shahpur Begu BO,Sirsa HO,,,2,1,,2,,,,,,
,L3910,Apr-26,Shahpur BO,Ha U Hisar SO,,,2,3,,3,,2,,,,
,G2171,Apr-26,Shaikhpura BO,Hansi SO,,,1,,,1,,2,,,,
,J3482,Apr-26,Shakar Mandori BO,Chopta Nathu Sari SO,,,2,,,,,5,,,,
,H9316,Apr-26,Shakarpura BO,Dharsul Kalan SO,,,,,,1,,4,,,,
,E0839,Apr-26,Shamsukh BO,Agroha SO,,,1,,,,,,,,,
,J6595,Apr-26,Sheikhpur Sotter BO,Rattia SO,,,,,,1,,,,,,
,J7274,Apr-26,Shekhupur Daroli B.O,Bhattu Kalan SO,,,,2,,3,,202,,,,
,L6276,Apr-26,Shergarh BO,Mandi Dabwali SO,,,,1,,,,,,,,
,J3483,Apr-26,Sherpura BO,Chopta Nathu Sari SO,,,1,1,,4,,,,,,
,L3895,Apr-26,Sidhani BO,Jakhal Mandi SO,,,,14,,,,2,,,,
,12506001,Apr-26,Sikander Pur SO,,,7,0,1,,0,,0,,,,
,E5429,Apr-26,Sindher BO,Hansi SO,,,,1,,3,,,,,,
,L5337,Apr-26,Singhpura BO,Kalanwali SO,,,,,,2,,,,,,
,D7108,Apr-26,Singhran BO,Modle Town Hisar SO,,,1,8,,,,,,,,
,F7583,Apr-26,Singhwa BO,Bass SO,,,4,1,,1,,5,,,,
,12507501,Apr-26,Siri Jiwan Nagar SO,,,,4,8,1,28,1,6,,,,
,12505500,Apr-26,Sirsa HO,,19,3,26,211,0,39,32,179,,36,81,
,12504901,Apr-26,Sisai SO Hisar,,,2,8,1,,12,1,11,,,,
,E0840,Apr-26,Siwani Bolan BO,Agroha SO,,,3,,,,,,,,,
,G2172,Apr-26,Sorkhi BO,Hansi SO,,,2,,,3,,1,,,,
,F1512,Apr-26,Suchan Kotli BO,Sirsa HO,,,2,1,,,,1,,,,
,L5338,Apr-26,Sukhchain BO,Kalanwali SO,,,,,,1,,,,,,
,J7275,Apr-26,Suli Khera BO,Bhattu Kalan SO,,,1,,,,,,,,,
,G2173,Apr-26,Sultanpur BO,Hansi SO,,,1,,,,,,,,,
,L6360,Apr-26,Sultanpuria BO,Rania SO,,,1,,,4,,,,,,
,L3911,Apr-26,Sundawas BO,Ha U Hisar SO,,,,,,,,2,,,,
,F8540,Apr-26,Surewala BO,Uklana Mandi SO,,,2,,,2,,2,,,,
,L5339,Apr-26,Surtia BO,Kalanwali SO,,,,1,,,,,,,,
,L5340,Apr-26,Takhatmal BO,Kalanwali SO,,,,4,,3,,3,,,,
,F3735,Apr-26,Talwandi Rana BO,Modle Town Hisar SO,,,1,,,1,,1,,,,
,B1925,Apr-26,Talwandi Rukka BO,Modle Town Hisar SO,,,8,,,,,,,,,
,L3896,Apr-26,Talwara BO,Jakhal Mandi SO,,,,2,,1,,1,,,,
,D5969,Apr-26,Talwara Khurd BO,Ellenabad SO,,,1,,,2,,5,,,,
,L5341,Apr-26,Taruana BO,Kalanwali SO,,,,2,,,,,,,,
,A7322,Apr-26,Thaska BO,Agroha SO,,,,,,3,,5,,,,
,E5432,Apr-26,Theri BO,Fatehabad SO Fatehabad,,,1,5,,1,,,,,,
,J6196,Apr-26,Thersahidan BO,Siri Jiwan Nagar SO,,,,,,1,,32,,,,
,F8285,Apr-26,Thiraj BO,Baragudha SO,,,3,3,,2,,10,,,,
,J7276,Apr-26,Thuiyan BO,Bhattu Kalan SO,,,2,,,,,,,,,
,C0335,Apr-26,Thurana BO,Hansi SO,,,1,,,1,,2,,,,
,12512001,Apr-26,Tohana Mandi SO,,13,2,16,91,,43,12,127,,15,20,
,12512002,Apr-26,Tohana SO,,32,5,5,72,,24,30,135,,1,4,
,L3912,Apr-26,Tokas BO,Ha U Hisar SO,,,2,,,,,,,,,
,J2179,Apr-26,Ugalan BO,Khanda Kheri SO,,,4,2,,,,1,,,,
,12511301,Apr-26,Uklana Mandi SO,,3,5,8,33,,26,10,58,,,6,
,F9961,Apr-26,Umedpura BO,Sirsa HO,,,4,,,4,,16,,,,
,12500502,Apr-26,Urban Estate  2 Hisar SO,,38,,3,25,,21,12,39,,3,4,
,12500503,Apr-26,Vidut Nagar Hisar SO,,7,2,1,4,,10,51,32,,1,7,
,M0899,Apr-26,A.K.G.V.Mormajra B.O,Salwan S.O,,,,,,,,2,,,,
,J6642,Apr-26,Achhanpur B.O,Nissing S.O,,,,,,5,,6,,,,
,M0942,Apr-26,Adyana B.O,Madlauda S.O,,,1,2,,1,,3,,,,
,J6643,Apr-26,Agongh B.O,Nissing S.O,,,5,1,,4,,,,,,
,M0983,Apr-26,Ahar B.O,Israna S.O,,,3,,,2,,1,,,,
,F1503,Apr-26,Ahirka B.O,Jind H.O,,,1,2,,5,,2,,,,
,M0918,Apr-26,Aibla B.O,Nigdhu S.O,,,,,,,,1,,,,
,12611101,Apr-26,Alewa S.O,,3,,12,4,,5,,5,,,,
,M0943,Apr-26,Allupur B.O,Madlauda S.O,,,4,,,3,,4,,,,
,G6871,Apr-26,Amargarh B.O,Narwana S.O,,,2,3,,,,,,,,
,J6644,Apr-26,Amupur B.O,Nissing S.O,,,2,5,,1,,1,,,,
,F0120,Apr-26,Anchra Kalan B.O,Safidon S.O,,,2,1,,4,,9,,,,
,L8183,Apr-26,Arainpura B.O,Gharunda S.O,,,,2,,1,,,,,,
,H2338,Apr-26,Ardhana B.O,Assandh S.O,,,6,4,,,,,,,,
,J2764,Apr-26,Arjheri B.O,Nilokheri S.O,,,2,12,,5,,,,,,
,M1461,Apr-26,Assan B.O,Pillukhera S.O,,,1,,,,,,,,,
,C7903,Apr-26,Assan Kalan B.O,Panipat Thermal Project S.O,,,1,,,2,,2,,,,
,13203901,Apr-26,Assandh S.O,,3,1,18,35,,25,1,29,,3,8,
,M0944,Apr-26,Ataula B.O,Madlauda S.O,,,3,3,,3,,5,,,,
,13212201,Apr-26,Atta S.O,,,,2,2,,8,,28,,,,
,D9415,Apr-26,Babail B.O,Panipat Khadi Ashram S.O,,,,1,,3,,6,,,,
,M1446,Apr-26,Babarpur B.O,Panipat Refinary S.O,,,1,1,,4,,2,,,,
,M0955,Apr-26,Badanpur B.O,Dhanoda Kalan S.O,,,1,36,,1,,,,,,
,M0902,Apr-26,Badhana B.O,Naguran S.O,,,1,,,1,,2,,,,
,B6642,Apr-26,Bagru Kalan B.O,Safidon S.O,,,1,2,,4,,2,,,,
,H2339,Apr-26,Bahari B.O,Assandh S.O,,,2,2,,,,2,,,,
,J2765,Apr-26,Bairsal B.O,Nilokheri S.O,,,4,1,,6,,35,,,,
,L9304,Apr-26,Bal Rangan B.O,Ballah S.O,,,3,,,12,,1,,,,
,13204001,Apr-26,Ballah S.O,,,,4,6,,9,,28,,,,
,J6645,Apr-26,Balu B.O,Nissing S.O,,,,,,2,,4,,,,
,M1462,Apr-26,Bambhewa B.O,Pillukhera S.O,,,4,4,,1,,2,,,,
,H2340,Apr-26,Bandarala B.O,Assandh S.O,,,3,,,,,,,,,
,M0984,Apr-26,Bandh B.O,Israna S.O,,,2,1,,3,,,,,,
,M0962,Apr-26,Baniya Khera B.O,Dharthrath S.O,,,4,1,,5,,4,,,,
,J7223,Apr-26,Bansa B.O,Jundla S.O,,,1,2,,3,,2,,,,
,E7848,Apr-26,Bapoli B.O,Panipat Khadi Ashram S.O,,,7,2,,2,,18,,,,
,M1021,Apr-26,Bara Gaon B.O,S.S. Kunjpura S.O,,,3,,,5,,1,,,,
,F6202,Apr-26,Barana B.O,Panipat Khadi Ashram S.O,,,6,,,7,,2,,,,
,M0995,Apr-26,Barauta B.O,Madhuban S.O (Karnal),,,,1,,1,,,,,,
,M7001,Apr-26,Baroda B.O,Uchana S.O,,,2,,,4,,8,,,,
,M0889,Apr-26,Baroli B.O,Shamlo Kalan S.O,,,1,,,1,,,,,,
,L8184,Apr-26,Barsat B.O,Gharunda S.O,,,5,3,,5,,9,,,,
,M7002,Apr-26,Barsola B.O,Uchana S.O,,,1,1,,2,,,,,,
,M1463,Apr-26,Barthana B.O,Pillukhera S.O,,,1,2,,3,,4,,,,
,J6646,Apr-26,Bastali B.O,Nissing S.O,,,2,4,,,,3,,,,
,L8185,Apr-26,Bastara B.O,Gharunda S.O,,,3,2,,,,9,,,,
,M0997,Apr-26,Beejna B.O,Madhuban S.O (Karnal),,,1,1,,,,,,,,
,D3199,Apr-26,Beholi B.O,Samalkha S.O,,,3,3,,4,,6,,,,
,F8312,Apr-26,Belarkhan B.O,Narwana S.O,,,3,,,1,,1,,,,
,C7904,Apr-26,Bhadar B.O,Panipat Thermal Project S.O,,,,,,,,1,,,,
,J2766,Apr-26,Bhadson B.O,Nilokheri S.O,,,3,,,4,,4,,,,
,M1032,Apr-26,Bhaini Khrud B.O,Taraori S.O,,,1,2,,5,,10,,,,
,F8313,Apr-26,Bhana Brahmana B.O,Narwana S.O,,,5,2,,1,,,,,,
,M0945,Apr-26,Bhandari B.O,Madlauda S.O,,,3,,,2,,1,,,,
,J9598,Apr-26,Bhodwal Majri B.O,Patti Kalyana S.O,,,,3,,1,,,,,,
,M7003,Apr-26,Bhongra B.O,Uchana S.O,,,,,,1,,,,,,
,C5077,Apr-26,Bhuslana Kalan B.O,Safidon S.O,,,1,,,,,,,,,
,M0968,Apr-26,Biana B.O,Garhi Birbal S.O,,,,4,,5,,,,,,
,H9712,Apr-26,Bibi Pur Jattan B.O,Indri S.O,,,3,3,,1,,,,,,
,F9945,Apr-26,Bibipur B.O,Jind H.O,,,12,,,2,,,,,,
,M0913,Apr-26,Bighana B.O,Alewa S.O,,,3,2,,2,,,,,,
,M0956,Apr-26,Bikhiwala B.O,Dhanoda Kalan S.O,,,2,,,1,,2,,,,
,H2341,Apr-26,Bilona B.O,Assandh S.O,,,,,,2,,1,,,,
,G1981,Apr-26,Binjhol B.O,Panipat NFL S.O,,,2,1,,2,,3,,,,
,M0890,Apr-26,Bishanpura B.O,Shamlo Kalan S.O,,,1,1,,2,,,,,,
,J6647,Apr-26,Brass B.O,Nissing S.O,,,9,3,,2,,1,,,,
,M0891,Apr-26,Buana B.O,Shamlo Kalan S.O,,,1,,,1,,,,,,
,M0985,Apr-26,Buana Lakhu B.O,Israna S.O,,,3,2,,3,,3,,,,
,M7004,Apr-26,Budain B.O,Uchana S.O,,,1,,,1,,3,,,,
,J1726,Apr-26,Budda Khera Lather B.O,Julana S.O,,,5,,,3,,5,,,,
,M1464,Apr-26,Budha Khera B.O,Pillukhera S.O,,,3,1,,,,,,,,
,D6907,Apr-26,Bursham B.O,Panipat NFL S.O,,,1,,,2,,3,,,,
,A8238,Apr-26,Butani B.O,Safidon S.O,,,1,,,1,,3,,,,
,G2019,Apr-26,Canal Colony B.O,Karnal Partap Pura S.O,,,,,,,,5,,,,
,F6203,Apr-26,Chandoli B.O,Panipat Khadi Ashram S.O,,,1,8,,1,,7,,,,
,L8186,Apr-26,Chaura B.O,Gharunda S.O,,,2,1,,7,,7,,,,
,G4794,Apr-26,Chhajpur Kalan B.O,Panipat Khadi Ashram S.O,,,,3,,2,,5,,,,
,M0903,Apr-26,Chhatar B.O,Naguran S.O,,,2,1,,1,,,,,,
,J7224,Apr-26,Chirao B.O,Jundla S.O,,,3,1,,1,,3,,,,
,H2342,Apr-26,Chochra B.O,Assandh S.O,,,3,2,,,,,,,,
,M0969,Apr-26,Chogawan B.O,Garhi Birbal S.O,,,1,,,1,,7,,,,
,M0904,Apr-26,Chuharpur B.O,Naguran S.O,,,3,,,,,,,,,
,C4869,Apr-26,Chulkana B.O,Samalkha S.O,,,1,2,,,,,,,,
,L8637,Apr-26,Cssri B.O,Karnal Ram Nagar S.O,,,3,,,1,,,,,,
,M0970,Apr-26,Dabkoli Kalan B.O,Garhi Birbal S.O,,,1,2,,2,,2,,,,
,G6873,Apr-26,Dablain Kalan B.O,Narwana S.O,,,3,,,1,,,,,,
,J6648,Apr-26,Dachar B.O,Nissing S.O,,,1,,,2,,,,,,
,M1447,Apr-26,Dadlana B.O,Panipat Refinary S.O,,,,,,1,,,,,,
,M1029,Apr-26,Dahar B.O,Neoltha S.O,,,5,4,,4,,14,,,,
,M0963,Apr-26,Dalamwala B.O,Dharthrath S.O,,,3,1,,5,,6,,,,
,H9713,Apr-26,Darar B.O,Indri S.O,,,4,5,,1,,2,,,,
,B8054,Apr-26,Dariyawala B.O,Jind H.O,,,2,1,,1,,1,,,,
,M0905,Apr-26,Dehola B.O,Naguran S.O,,,7,1,,1,,3,,,,
,L8765,Apr-26,Dehra B.O,Atta S.O,,,1,,,4,,1,,,,
,J1727,Apr-26,Deorer B.O,Julana S.O,,,1,,,1,,,,,,
,G6872,Apr-26,Dhabitek Singh B.O,Narwana S.O,,,4,6,,2,,,,,,
,F8314,Apr-26,Dhakal B.O,Narwana S.O,,,,1,,,,,,,,
,M0998,Apr-26,Dhakwala Gujran B.O,Madhuban S.O (Karnal),,,,4,,,,,,,,
,A7989,Apr-26,Dhamtan Sahib B.O,Narwana S.O,,,1,,,3,,,,,,
,12615201,Apr-26,Dhanoda Kalan S.O,,,5,16,2,,10,,6,,,1,
,C4882,Apr-26,Dhanori B.O,Narwana S.O,,,6,1,,1,,4,,,,
,C5078,Apr-26,Dharamgarh B.O,Safidon S.O,,,1,2,,2,,3,,,,
,M1465,Apr-26,DHARAULI,Pillukhera S.O,,,1,,,2,,,,,,
,C4883,Apr-26,Dharodi B.O,Narwana S.O,,,2,,,1,,7,,,,
,12611001,Apr-26,Dharthrath S.O,,,1,7,9,,8,,6,,,1,
,M0892,Apr-26,Dhigana B.O,Shamlo Kalan S.O,,,3,3,,2,,2,,,,
,M0914,Apr-26,Dhilluwal B.O,Alewa S.O,,,1,4,,4,,1,,,,
,D3456,Apr-26,Didwara B.O,Safidon S.O,,,2,1,,1,,,,,,
,M1030,Apr-26,Didwari B.O,Neoltha S.O,,,1,,,5,,7,,,,
,L8766,Apr-26,Dikadla B.O,Atta S.O,,,1,,,4,,5,,,,
,M0999,Apr-26,Dilawara B.O,Madhuban S.O (Karnal),,,3,5,,,,,,,,
,M1026,Apr-26,Diwana B.O,Panipat Beas Project S.O,,,3,,,1,,16,,,,
,E1531,Apr-26,Dumarkhan Kalan B.O,Narwana S.O,,,3,3,,7,,7,,,,
,M0915,Apr-26,Durana B.O,Alewa S.O,,,1,,,3,,20,,,,
,M0957,Apr-26,Durjanpur B.O,Dhanoda Kalan S.O,,,2,1,,1,,1,,,,
,L8187,Apr-26,Faridpur B.O,Gharunda S.O,,,1,,,3,,3,,,,
,J1728,Apr-26,Fateh Garh B.O,Julana S.O,,,1,2,,,,,,,,
,L8188,Apr-26,Gagsina B.O,Gharunda S.O,,,,,,2,,1,,,,
,M1466,Apr-26,Gangoli B.O,Pillukhera S.O,,,1,,,1,,,,,,
,M1000,Apr-26,Ganjogarhi B.O,Madhuban S.O (Karnal),,,1,,,1,,,,,,
,F8315,Apr-26,Garhi B.O,Narwana S.O,,,4,1,,2,,1,,,,
,C2822,Apr-26,Garhi Basic B.O,Panipat Khadi Ashram S.O,,,1,8,,,,,,,,
,13205401,Apr-26,Garhi Birbal S.O,,,4,4,9,,8,,4,,,,
,H9714,Apr-26,Garhi Jattan B.O,Indri S.O,,,2,,,4,,6,,,,
,M0894,Apr-26,Garhwali B.O,Shamlo Kalan S.O,,,2,,,1,,,,,,
,M0893,Apr-26,Gatauli B.O,Shamlo Kalan S.O,,,2,2,,1,,,,,,
,13211401,Apr-26,Gharunda S.O,,6,,14,89,,56,5,51,,11,12,
,G6874,Apr-26,Ghason Kalan B.O,Narwana S.O,,,1,2,,4,,4,,,,
,M1022,Apr-26,Gheer B.O,S.S. Kunjpura S.O,,,3,,,3,,7,,,,
,M1001,Apr-26,Ghogripur B.O,Madhuban S.O (Karnal),,,1,2,,3,,,,,,
,A5881,Apr-26,Goela Kalan B.O,Panipat Khadi Ashram S.O,,,6,3,,,,,,,,
,M7005,Apr-26,Gogrian B.O,Uchana S.O,,,1,,,1,,,,,,
,M0897,Apr-26,Goli B.O,Salwan S.O,,,1,2,,1,,8,,,,
,J6649,Apr-26,Gonder B.O,Nissing S.O,,,4,2,,7,,5,,,,
,L8189,Apr-26,Gudha B.O,Gharunda S.O,,,2,,,,,4,,,,
,A1150,Apr-26,Gulkani B.O,Jind H.O,,,3,,,3,,,,,,
,M1467,Apr-26,Hadwa B.O,Pillukhera S.O,,,,,,,,1,,,,
,A7990,Apr-26,Hamir Garh B.O,Narwana S.O,,,2,,,1,,,,,,
,H9715,Apr-26,Hanori B.O,Indri S.O,,,1,6,,,,1,,,,
,L8190,Apr-26,HARI SINGH PUNDRI,Gharunda S.O,,,1,1,,,,,,,,
,J1729,Apr-26,Hathwala B.O,Julana S.O,,,4,,,4,,4,,,,
,13211501,Apr-26,Hathwala S.O,,,,,2,,8,,26,,,,
,F0121,Apr-26,Hatt B.O,Safidon S.O,,,3,,,3,,,,,,
,A1151,Apr-26,Igrah B.O,Jind H.O,,,3,,,,,2,,,,
,F9946,Apr-26,Ikkas B.O,Jind H.O,,,3,1,,2,,4,,,,
,13204101,Apr-26,Indri S.O,,7,3,17,43,,48,1,70,,3,3,
,13204102,Apr-26,Indri Town S.O,,1,,4,38,,11,1,81,,,1,
,D4823,Apr-26,Intal Kalan B.O,Jind H.O,,,2,2,,1,,,,,,
,13210701,Apr-26,Israna S.O,,4,,7,17,,15,,21,,4,4,
,H2343,Apr-26,Jai Singh Pura B.O,Assandh S.O,,,1,2,,1,,3,,,,
,M0958,Apr-26,Jajanwala B.O,Dhanoda Kalan S.O,,,2,8,,1,,1,,,,
,F1504,Apr-26,Jajwan B.O,Jind H.O,,,1,,,,,,,,,
,F6204,Apr-26,Jalalpur B.O,Panipat Khadi Ashram S.O,,,4,,,1,,5,,,,
,H2344,Apr-26,Jalmana B.O,Assandh S.O,,,2,12,,2,,,,,,
,L8191,Apr-26,Jamalpur B.O,Gharunda S.O,,,1,1,,2,,,,,,
,M0919,Apr-26,Jamba B.O,Nigdhu S.O,,,1,6,,,,1,,,,
,M1468,Apr-26,Jamni B.O,Pillukhera S.O,,,1,1,,,,3,,,,
,J7225,Apr-26,Jani B.O,Jundla S.O,,,1,,,4,,,,,,
,G1467,Apr-26,Jattal B.O,Panipat Thermal Project S.O,,,2,2,,2,,3,,,,
,F8295,Apr-26,Jaurasi B.O,Samalkha S.O,,,1,1,,4,,2,,,,
,F9947,Apr-26,Jhanjkalan B.O,Jind H.O,,,4,,,,,,,,,
,G6875,Apr-26,Jheel B.O,Narwana S.O,,,3,,,3,,,,,,
,12610200,Apr-26,Jind H.O,,28,1,57,71,,72,26,204,,19,60,
,12610201,Apr-26,Jind Mini Sectt. S.O,,,1,1,8,,3,5,14,,2,,
,12610202,Apr-26,Jind Palika Bazar S.O,,7,,2,58,,23,2,113,,6,31,
,12610203,Apr-26,Jind Patiala Chowk S.O,,,3,3,57,,13,3,82,,2,8,
,12610204,Apr-26,Jind Punjabi Bazar S.O,,1,2,5,155,,19,4,240,,4,11,
,12610205,Apr-26,Jind Railway Station S.O,,4,,7,25,,14,3,46,,6,5,
,12610206,Apr-26,Jind Rohtak Road S.O,,,3,11,50,,5,1,41,,1,6,
,H9716,Apr-26,Johar Majra B.O,Indri S.O,,,,2,,8,,12,,,,
,M0986,Apr-26,Jondhan Kalan B.O,Israna S.O,,,1,,,,,,,,,
,M0946,Apr-26,Joshi B.O,Madlauda S.O,,,2,,,2,,,,,,
,12610101,Apr-26,Julana S.O,,4,3,17,31,,33,1,53,,4,8,
,A1152,Apr-26,Julani B.O,Jind H.O,,,1,1,,1,,2,,,,
,B1770,Apr-26,Jundla Gate B.O,Karnal Partap Pura S.O,,,,1,,,,10,,,,
,13203601,Apr-26,Jundla S.O,,3,2,9,27,,14,1,21,,,3,
,M7006,Apr-26,Kabarchha B.O,Uchana S.O,,,4,,,2,,,,,,
,M1449,Apr-26,Kabri B.O,Panipat Refinary S.O,,,6,3,,4,,12,,,,
,M1033,Apr-26,Kachwa B.O,Taraori S.O,,,4,1,,6,,7,,,,
,L8192,Apr-26,Kaimla B.O,Gharunda S.O,,,1,2,,,,4,,,,
,M7007,Apr-26,Kakrod B.O,Uchana S.O,,,2,4,,2,,2,,,,
,E4726,Apr-26,Kalkha B.O,Panipat Thermal Project S.O,,,1,2,,2,,6,,,,
,M0971,Apr-26,Kalri Jagir B.O,Garhi Birbal S.O,,,2,6,,6,,15,,,,
,L8193,Apr-26,Kalron B.O,Gharunda S.O,,,4,,,,,,,,,
,M0972,Apr-26,Kalsora B.O,Garhi Birbal S.O,,,3,,,2,,6,,,,
,M1469,Apr-26,Kalwa B.O,Pillukhera S.O,,,2,,,3,,3,,,,
,F8316,Apr-26,Kalwan B.O,Narwana S.O,,,5,,,4,,,,,,
,13200101,Apr-26,Kanral Industrial Area S.O,,5,6,3,16,,9,2,10,,,8,
,M0987,Apr-26,Karad B.O,Israna S.O,,,1,1,,3,,,,,,
,G6876,Apr-26,Karamgarh B.O,Narwana S.O,,,1,,,2,,2,,,,
,E1515,Apr-26,Karhans B.O,Samalkha S.O,,,2,1,,3,,,,,,
,C5079,Apr-26,Karkhana B.O,Safidon S.O,,,3,,,2,,7,,,,
,M1034,Apr-26,Karna Lake B.O,Taraori S.O,,,,1,,1,,,,,,
,13200103,Apr-26,Karnal GBS S.O,,,,1,14,,5,,13,,,2,
,13200100,Apr-26,Karnal H.O,,59,7,44,207,,114,24,376,,23,88,
,13200105,Apr-26,KARNAL KUTCHERY SO,,12,3,8,77,,13,9,65,,3,16,
,13200106,Apr-26,Karnal Model Town S.O,,8,1,6,33,,3,8,33,,6,8,
,13200107,Apr-26,Karnal NDRI S.O,,4,2,2,15,,4,5,18,,2,7,
,13200108,Apr-26,Karnal New Prem Nagar S.O,,9,4,3,31,,11,2,40,,6,20,
,13200109,Apr-26,Karnal Partap Pura S.O,,3,9,6,47,,15,6,49,,1,8,
,13200110,Apr-26,Karnal Railway Road S.O,,8,6,3,23,,10,5,28,,,6,
,13200111,Apr-26,Karnal Ram Nagar S.O,,9,,8,49,,40,9,162,,8,19,
,13200112,Apr-26,Karnal Sadar Bazar S.O,,4,,10,64,,26,3,95,,4,17,
,13200113,Apr-26,Karnal Sector 6 S.O,,8,2,3,70,,15,6,45,,3,22,
,H2345,Apr-26,Karsa Chor B.O,Assandh S.O,,,,1,,,,3,,,,
,M0920,Apr-26,Karsa Dod B.O,Nigdhu S.O,,,1,5,,,,,,,,
,J1730,Apr-26,Karsaula B.O,Julana S.O,,,2,,,1,,,,,,
,M7008,Apr-26,Karsindhu B.O,Uchana S.O,,,2,,,5,,6,,,,
,F0122,Apr-26,Karsindu B.O,Safidon S.O,,,,,,3,,,,,,
,M7009,Apr-26,Kasun B.O,Uchana S.O,,,1,,,1,,4,,,,
,J7226,Apr-26,Katleri B.O,Jundla S.O,,,1,,,2,,5,,,,
,M0906,Apr-26,Kendela B.O,Naguran S.O,,,,1,,,,,,,,
,J1731,Apr-26,Kerela B.O,Julana S.O,,,2,3,,2,,4,,,,
,M0916,Apr-26,Khanda B.O,Alewa S.O,,,3,,,2,,,,,,
,H9717,Apr-26,Khanpur B.O,Indri S.O,,,1,,,3,,4,,,,
,M7010,Apr-26,Kharakbhura B.O,Uchana S.O,,,1,,,2,,11,,,,
,F1505,Apr-26,Kharakramji B.O,Jind H.O,,,6,,,2,,,,,,
,C4884,Apr-26,Kharal B.O,Narwana S.O,,,2,3,,4,,2,,,,
,M7011,Apr-26,Khatkar B.O,Uchana S.O,,,2,4,,2,,5,,,,
,H9718,Apr-26,Khera B.O,Indri S.O,,,2,1,,3,,21,,,,
,H9719,Apr-26,Kheri Bhutan B.O,Indri S.O,,,,2,,4,,5,,,,
,A8239,Apr-26,Kheri Khermawati B.O,Safidon S.O,,,7,,,3,,2,,,,
,H9720,Apr-26,Kheri Man Singh B.O,Indri S.O,,,2,2,,1,,6,,,,
,J7227,Apr-26,Kheri Naroo B.O,Jundla S.O,,,1,,,3,,,,,,
,H2346,Apr-26,Kheri Sarf Ali B.O,Assandh S.O,,,2,1,,1,,,,,,
,L8258,Apr-26,Khirajpur B.O,Kunjpura S.O,,,,,,3,,,,,,
,L8767,Apr-26,Khojkipur B.O,Atta S.O,,,1,,,2,,,,,,
,L8194,Apr-26,Khora Kheri B.O,Gharunda S.O,,,4,1,,3,,5,,,,
,F8317,Apr-26,Khrindwal B.O,Narwana S.O,,,4,,,1,,,,,,
,M0964,Apr-26,Khunga Kothi B.O,Dharthrath S.O,,,1,4,,,,,,,,
,J1732,Apr-26,Kila Zaffargarh B.O,Julana S.O,,,4,,,1,,1,,,,
,M0895,Apr-26,Kinana B.O,Shamlo Kalan S.O,,,2,,,2,,2,,,,
,G6854,Apr-26,Kiwana B.O,Samalkha S.O,,,2,,,4,,4,,,,
,L8195,Apr-26,Kohand B.O,Gharunda S.O,,,4,5,,2,,2,,,,
,M0907,Apr-26,Kuchrana Kalan B.O,Naguran S.O,,,2,,,1,,,,,,
,13202201,Apr-26,Kunjpura S.O,,1,,6,21,,5,,19,,5,4,
,M0988,Apr-26,Kurana B.O,Israna S.O,,,3,1,,4,,,,,,
,A5882,Apr-26,Kurar B.O,Panipat Khadi Ashram S.O,,,3,5,,2,,5,,,,
,M0898,Apr-26,Kurlan B.O,Salwan S.O,,,1,,,1,,1,,,,
,M1035,Apr-26,Kuruk Jagir B.O,Taraori S.O,,,3,,,2,,,,,,
,M1002,Apr-26,Kutail B.O,Madhuban S.O (Karnal),,,4,6,,5,,,,,,
,J1733,Apr-26,Lajwan Kalan B.O,Julana S.O,,,1,1,,4,,,,,,
,L8196,Apr-26,Lalupura B.O,Gharunda S.O,,,7,1,,1,,,,,,
,M0908,Apr-26,Lodhar B.O,Naguran S.O,,,,,,1,,3,,,,
,F3017,Apr-26,Lohari B.O,Panipat Thermal Project S.O,,,1,,,4,,3,,,,
,G6877,Apr-26,Lowan B.O,Narwana S.O,,,5,1,,1,,,,,,
,M1470,Apr-26,Ludana B.O,Pillukhera S.O,,,1,,,,,,,,,
,G6855,Apr-26,Machhrauli B.O,Samalkha S.O,,,3,1,,4,,3,,,,
,13203701,Apr-26,Madhuban PTC S.O,,,1,3,6,,3,2,1,,2,1,
,13203702,Apr-26,Madhuban S.O (Karnal),,2,,4,15,,16,1,3,,,6,
,13211301,Apr-26,Madlauda S.O,,2,1,14,14,,23,2,24,,2,2,
,J9600,Apr-26,Mahoti B.O,Patti Kalyana S.O,,,1,5,,2,,2,,,,
,M0921,Apr-26,Majra Rodan B.O,Nigdhu S.O,,,1,,,1,,,,,,
,M7012,Apr-26,Makhand B.O,Uchana S.O,,,1,,,1,,,,,,
,F0123,Apr-26,Malar B.O,Safidon S.O,,,1,,,2,,,,,,
,F8541,Apr-26,Malikpur B.O,Safidon S.O,,,,,,1,,,,,,
,J1734,Apr-26,Malwi B.O,Julana S.O,,,3,,,2,,,,,,
,C4870,Apr-26,Manana B.O,Samalkha S.O,,,3,2,,3,,1,,,,
,M0989,Apr-26,Mandi B.O,Israna S.O,,,2,1,,7,,22,,,,
,M0909,Apr-26,Mandi Kalan B.O,Naguran S.O,,,1,2,,,,,,,,
,M0959,Apr-26,Mangalpur B.O,Dhanoda Kalan S.O,,,3,3,,3,,5,,,,
,J6650,Apr-26,Manjura B.O,Nissing S.O,,,5,,,,,,,,,
,E3162,Apr-26,Manohar Pur B.O,Jind H.O,,,4,,,1,,2,,,,
,H2347,Apr-26,Mardanheri B.O,Assandh S.O,,,1,4,,,,,,,,
,J6651,Apr-26,Mehmal B.O,Nissing S.O,,,1,,,3,,6,,,,
,J1735,Apr-26,Mehrara B.O,Julana S.O,,,2,1,,3,,3,,,,
,12611603,Apr-26,Mini secretriat Narwana S.O,,,,1,8,,2,,,,,,
,13200114,Apr-26,Mini sectt  sector 12 Kanral S.O,,,1,2,14,,,1,,,,,
,13210311,Apr-26,Mini Sectt Panipat,,,,4,4,,7,3,,,,,
,M0965,Apr-26,Mohammad Khera B.O,Dharthrath S.O,,,1,,,5,,,,,,
,M7013,Apr-26,Mohangarh B.O,Uchana S.O,,,5,,,1,,,,,,
,M1003,Apr-26,Mohidinpur B.O,Madhuban S.O (Karnal),,,3,2,,2,,,,,,
,M1471,Apr-26,Morkhi B.O,Pillukhera S.O,,,,2,,2,,1,,,,
,A8240,Apr-26,Mowana B.O,Safidon S.O,,,4,2,,2,,,,,,
,13204002,Apr-26,MUNAK,,,,7,10,,11,,4,,,,
,H9721,Apr-26,Muradhgarh B.O,Indri S.O,,,1,,,4,,4,,,,
,M1004,Apr-26,Nagla Megha B.O,Madhuban S.O (Karnal),,,10,,,2,,,,,,
,H9722,Apr-26,Nagla Roran B.O,Indri S.O,,,5,7,,3,,,,,,
,12612501,Apr-26,Naguran S.O,,2,4,8,6,,12,1,13,,3,1,
,L8259,Apr-26,Nalipar B.O,Kunjpura S.O,,,6,,,2,,,,,,
,E9900,Apr-26,Namunda B.O,Samalkha S.O,,,2,,,1,,1,,,,
,J1736,Apr-26,Nandgarh B.O,Julana S.O,,,1,,,,,,,,,
,M0973,Apr-26,Nangal B.O,Garhi Birbal S.O,,,1,1,,,,,,,,
,A5883,Apr-26,Nanhera B.O,Panipat Khadi Ashram S.O,,,2,8,,2,,4,,,,
,M0947,Apr-26,Nara B.O,Madlauda S.O,,,1,,,1,,,,,,
,B6409,Apr-26,Naraina B.O,Samalkha S.O,,,2,3,,1,,2,,,,
,M1036,Apr-26,Nariana B.O,Taraori S.O,,,1,,,,,1,,,,
,12611601,Apr-26,Narwana City S.O,,1,5,5,85,,37,2,119,,2,24,
,12611602,Apr-26,Narwana S.O,,8,4,26,97,,57,16,318,,9,40,
,13214501,Apr-26,Neoltha S.O,,2,2,2,35,,14,,38,,,,
,M0896,Apr-26,Nidana B.O,Shamlo Kalan S.O,,,4,2,,2,,1,,,,
,D4824,Apr-26,Nidani B.O,Jind H.O,,,2,,,1,,,,,,
,13215701,Apr-26,Nigdhu S.O,,,1,10,44,,13,2,4,,1,3,
,13211702,Apr-26,Nilokheri S.O,,2,2,17,87,,37,7,158,,10,20,
,C5080,Apr-26,Nimnabad B.O,Safidon S.O,,,3,,,,,,,,,
,E3163,Apr-26,Nirjan B.O,Jind H.O,,,3,1,,3,,,,,,
,13202401,Apr-26,Nissing S.O,,3,4,9,24,,11,,11,,2,3,
,D9416,Apr-26,Noorwala B.O,Panipat Khadi Ashram S.O,,,12,3,,9,,8,,,,
,J7228,Apr-26,Padha B.O,Jundla S.O,,,4,7,,4,,9,,,,
,M1037,Apr-26,Padhana B.O,Taraori S.O,,,,1,,3,,,,,,
,F8542,Apr-26,Paju Kalan B.O,Safidon S.O,,,1,,,,,,,,,
,M1031,Apr-26,Palri B.O,Neoltha S.O,,,2,1,,,,,,,,
,13210801,Apr-26,Panipat Beas Project S.O,,,1,4,6,,10,,16,,1,,
,13210302,Apr-26,Panipat City S.O,,7,1,5,22,,26,4,98,,8,12,
,13210303,Apr-26,Panipat GT Road S.O,,5,,15,15,,21,10,58,,,6,
,13210300,Apr-26,Panipat H.O,,35,1,48,90,,71,10,378,,44,68,
,D9417,Apr-26,Panipat Kathery (U) B.O,Panipat Khadi Ashram S.O,,,,11,,1,,9,,,,
,13210401,Apr-26,Panipat Khadi Ashram S.O,,1,,4,10,,9,2,2,,,1,
,13210304,Apr-26,Panipat Kishanpura S.O,,,2,10,20,,15,1,78,,9,5,
,13210305,Apr-26,Panipat Kranti Nagar S.O,,3,1,2,34,,20,2,110,,2,18,
,13210307,Apr-26,Panipat Model Town S.O,,9,1,3,6,,15,13,61,,4,21,
,13210308,Apr-26,Panipat N.S.M. S.O,,9,,17,27,,24,3,90,,4,25,
,13210601,Apr-26,Panipat NFL S.O,,7,,6,8,,4,2,33,,,2,
,13210309,Apr-26,Panipat Patel Nagar S.O,,6,,3,31,,22,2,168,,9,6,
,13214001,Apr-26,Panipat Refinary S.O,,1,3,3,2,,3,,0,,,,
,13210501,Apr-26,Panipat Thermal Project S.O,,2,4,4,12,,11,3,34,,2,5,
,M0990,Apr-26,Pardhana B.O,Israna S.O,,,2,1,,,,,,,,
,M1027,Apr-26,Pasina Kalan BO B.O,Panipat Beas Project S.O,,,1,,,3,,6,,,,
,H9723,Apr-26,Pathera B.O,Indri S.O,,,1,2,,5,,2,,,,
,13210201,Apr-26,Patti Kalyana S.O,,2,,1,32,,12,,30,,1,,
,J1737,Apr-26,Pauli B.O,Julana S.O,,,3,3,,1,,18,,,,
,M0917,Apr-26,Pegan B.O,Alewa S.O,,,2,1,,3,,10,,,,
,J7229,Apr-26,Peont B.O,Jundla S.O,,,3,,,2,,1,,,,
,M0900,Apr-26,Phaphrana B.O,Salwan S.O,,,,,,1,,4,,,,
,B6437,Apr-26,Pharain Kalan B.O,Narwana S.O,,,1,,,2,,2,,,,
,M1005,Apr-26,Phoosgarh B.O,Madhuban S.O (Karnal),,,,,,7,,,,,,
,E1532,Apr-26,Phullian Kalan B.O,Narwana S.O,,,1,6,,3,,10,,,,
,L8197,Apr-26,Phurlak B.O,Gharunda S.O,,,1,1,,,,5,,,,
,J7230,Apr-26,Picholia B.O,Jundla S.O,,,3,,,3,,,,,,
,12611301,Apr-26,Pillukhera S.O,,,,10,20,,8,,27,,4,3,
,B8055,Apr-26,Pindara B.O,Jind H.O,,,2,2,,2,,3,,,,
,A7991,Apr-26,Pipaltha B.O,Narwana S.O,,,3,,,2,,,,,,
,H2348,Apr-26,Popran B.O,Assandh S.O,,,1,1,,2,,7,,,,
,C2823,Apr-26,PPT Camp No. 2 B.O,Panipat Khadi Ashram S.O,,,,17,,,,,,,,
,M0991,Apr-26,Puther B.O,Israna S.O,,,2,2,,3,,,,,,
,M0948,Apr-26,Qawi B.O,Madlauda S.O,,,1,1,,1,,,,,,
,F9948,Apr-26,Radhana B.O,Jind H.O,,,1,2,,2,,3,,,,
,H2349,Apr-26,Rahra B.O,Assandh S.O,,,3,,,2,,2,,,,
,L8198,Apr-26,Raipur Jattan B.O,Gharunda S.O,,,1,4,,,,1,,,,
,M1450,Apr-26,Rair Kalan B.O,Panipat Refinary S.O,,,3,,,3,,,,,,
,M0922,Apr-26,Raison B.O,Nigdhu S.O,,,1,3,,5,,,,,,
,C4885,Apr-26,Rajgarh Gurthali B.O,Narwana S.O,,,,2,,,,,,,,
,D9418,Apr-26,Rajkheri B.O,Panipat Khadi Ashram S.O,,,1,,,2,,,,,,
,E1733,Apr-26,Ram Nagar B.O,Safidon S.O,,,2,2,,3,,8,,,,
,E3164,Apr-26,Ram Rai B.O,Jind H.O,,,5,,,3,,3,,,,
,M1038,Apr-26,Ramana Ramani B.O,Taraori S.O,,,1,2,,,,,,,,
,M1039,Apr-26,Ramba B.O,Taraori S.O,,,1,,,1,,,,,,
,M1006,Apr-26,Ranwar B.O,Madhuban S.O (Karnal),,,2,,,1,,2,,,,
,A7992,Apr-26,Rasidan B.O,Narwana S.O,,,2,,,1,,,,,,
,AL089,Apr-26,RASULPUR KHURD B.O,Madhuban S.O (Karnal),,,,1,,,,,,,,
,13214002,Apr-26,Refinery Township Panipat SO,,1,,1,2,,7,,4,,,4,
,D9419,Apr-26,Risalu B.O,Panipat Khadi Ashram S.O,,,3,1,,1,,,,,,
,M0966,Apr-26,Ritauli B.O,Dharthrath S.O,,,,,,,,2,,,,
,C5081,Apr-26,Rohar B.O,Safidon S.O,,,5,1,,2,,6,,,,
,A8241,Apr-26,Rojhla B.O,Safidon S.O,,,2,,,,,6,,,,
,B8056,Apr-26,Roop Garh B.O,Jind H.O,,,1,,,3,,2,,,,
,L8199,Apr-26,S.P. Khalsa B.O,Gharunda S.O,,,,2,,,,1,,,,
,M1007,Apr-26,S.P. Sohana B.O,Madhuban S.O (Karnal),,,1,1,,1,,14,,,,
,13202301,Apr-26,S.S. Kunjpura S.O,,,,2,3,,1,,6,,,1,
,M0960,Apr-26,Sachha Khera B.O,Dhanoda Kalan S.O,,,1,,,1,,,,,,
,12611201,Apr-26,Safidon City S.O,,2,,13,117,,39,8,150,,2,3,
,12611202,Apr-26,Safidon S.O,,2,1,17,23,,15,3,76,,2,18,
,M1040,Apr-26,Sagga B.O,Taraori S.O,,,,4,,2,,2,,,,
,M0961,Apr-26,Sainthali B.O,Dhanoda Kalan S.O,,,1,,,2,,,,,,
,13204601,Apr-26,Salwan S.O,,,,8,5,,16,,12,,,,
,13210101,Apr-26,Samalkha S.O,,10,2,18,42,,35,9,68,,3,21,
,J2767,Apr-26,Samana Bahu B.O,Nilokheri S.O,,,5,,,1,,2,,,,
,M0923,Apr-26,Samlbhi B.O,Nigdhu S.O,,,2,,,,,5,,,,
,C2824,Apr-26,Sanauli Khurd B.O,Panipat Khadi Ashram S.O,,,,,,,,15,,,,
,J2768,Apr-26,Sandhir B.O,Nilokheri S.O,,,2,,,3,,16,,,,
,M0910,Apr-26,Sandil B.O,Naguran S.O,,,,,,1,,1,,,,
,H9724,Apr-26,Sanghowa B.O,Indri S.O,,,5,1,,3,,,,,,
,M0924,Apr-26,Sanwat B.O,Nigdhu S.O,,,1,,,,,,,,,
,13200115,Apr-26,Sector 4 Karnal S.O,,,6,2,7,,8,3,21,,1,1,
,13200116,Apr-26,Sector 8 Karnal S.O,,2,,4,26,,13,8,80,,4,2,
,M0992,Apr-26,Seenk B.O,Israna S.O,,,2,,,2,,2,,,,
,M0993,Apr-26,Shahpur B.O,Israna S.O,,,2,,,4,,6,,,,
,M0911,Apr-26,Shahpur B.O,Naguran S.O,,,8,1,,,,6,,,,
,M1042,Apr-26,Shamgarh B.O,Taraori S.O,,,1,,,3,,6,,,,
,12611401,Apr-26,Shamlo Kalan S.O,,,3,2,6,,5,,11,,1,,
,M0949,Apr-26,Shera B.O,Madlauda S.O,,,2,,,2,,1,,,,
,F3018,Apr-26,Shodapur B.O,Panipat Thermal Project S.O,,,4,1,,12,,6,,,,
,J2769,Apr-26,Sidhpur B.O,Nilokheri S.O,,,1,3,,3,,,,,,
,J2770,Apr-26,Sikri B.O,Nilokheri S.O,,,1,1,,1,,36,,,,
,E1734,Apr-26,Silakheri B.O,Safidon S.O,,,3,1,,3,,,,,,
,A9642,Apr-26,Sindhwi Kheri B.O,Jind H.O,,,1,,,,,,,,,
,F0124,Apr-26,Singhana B.O,Safidon S.O,,,3,1,,,,1,,,,
,J6652,Apr-26,Singhra B.O,Nissing S.O,,,1,1,,,,,,,,
,D3216,Apr-26,Singhwal B.O,Narwana S.O,,,3,1,,1,,14,,,,
,G6878,Apr-26,Sinsar B.O,Narwana S.O,,,4,,,1,,,,,,
,J6653,Apr-26,Sirsi B.O,Nissing S.O,,,,4,,2,,2,,,,
,M0925,Apr-26,Sitamai B.O,Nigdhu S.O,,,,2,,,,,,,,
,M1028,Apr-26,Siwaha B.O,Panipat Beas Project S.O,,,2,2,,1,,3,,,,
,M1472,Apr-26,Siwaha B.O,Pillukhera S.O,,,1,1,,2,,,,,,
,C5082,Apr-26,Siwan Mal B.O,Safidon S.O,,,1,,,2,,,,,,
,L8200,Apr-26,Staundi B.O,Gharunda S.O,,,1,1,,1,,5,,,,
,M1023,Apr-26,Subri B.O,S.S. Kunjpura S.O,,,1,,,,,,,,,
,M7014,Apr-26,Sudkain Kalan B.O,Uchana S.O,,,1,1,,2,,,,,,
,F8318,Apr-26,Sudkain Khurd B.O,Narwana S.O,,,7,2,,1,,1,,,,
,E1533,Apr-26,Sulhera B.O,Narwana S.O,,,2,,,,,,,,,
,M1044,Apr-26,Sultanpur B.O,Taraori S.O,,,3,14,,3,,,,,,
,B1214,Apr-26,Sutana B.O,Panipat Thermal Project S.O,,,1,6,,1,,,,,,
,13211601,Apr-26,Taraori S.O,,2,,5,59,,23,1,36,,8,7,
,13211602,Apr-26,Taroari Mandi S.O,,,,5,15,,9,,4,,1,2,
,H2350,Apr-26,Thal B.O,Assandh S.O,,,1,2,,,,,,,,
,M0901,Apr-26,Thari B.O,Salwan S.O,,,2,2,,,,,,,,
,M0912,Apr-26,Thua B.O,Naguran S.O,,,5,,,,,,,,,
,M1024,Apr-26,Tikri B.O,S.S. Kunjpura S.O,,,3,1,,,,,,,,
,M1045,Apr-26,Uchana B.O,Taraori S.O,,,7,9,,1,,10,,,,
,M7015,Apr-26,Uchana Khrud B.O,Uchana S.O,,,2,,,1,,,,,,
,12611501,Apr-26,Uchana S.O,,5,1,24,8,,23,4,42,,4,4,
,J2771,Apr-26,Udana B.O,Nilokheri S.O,,,2,1,,2,,,,,,
,C2825,Apr-26,Ugra Kheri B.O,Panipat Khadi Ashram S.O,,,7,1,,1,,8,,,,
,E1534,Apr-26,Ujhana B.O,Narwana S.O,,,4,1,,5,,5,,,,
,M1008,Apr-26,Uncha Samana B.O,Madhuban S.O (Karnal),,,4,,,7,,1,,,,
,C7905,Apr-26,Untla B.O,Panipat Thermal Project S.O,,,4,2,,1,,9,,,,
,H2351,Apr-26,Uplana B.O,Assandh S.O,,,5,2,,5,,,,,,
,M0994,Apr-26,Urlana Kalan B.O,Israna S.O,,,1,1,,,,2,,,,
,M0950,Apr-26,Waisor B.O,Madlauda S.O,,,1,,,2,,,,,,
,M6992,Apr-26,Agondh B.O,Guhla S.O,,,1,,,1,,,,,,
,I3621,Apr-26,Ahun B.O,Kaul S.O,,,,,,3,,1,,,,
,D2685,Apr-26,Ajrana Kalan B.O,Jhansa S.O,,,1,1,,,,,,,,
,L5289,Apr-26,Ajrawar B.O,Thol S.O,,,,,,1,,,,,,
,13603801,Apr-26,Amin S.O,,2,1,6,5,,9,,4,,1,,
,13615601,Apr-26,Babain S.O,,2,,9,15,,17,1,42,,,2,
,L6311,Apr-26,Badsikri Kalan B.O,Kalayat S.O,,,3,,,3,,,,,,
,J3506,Apr-26,Badsui B.O,Chika S.O,,,3,,,3,,,,,,
,I5225,Apr-26,Bagthala B.O,Kurukshetra University S.O,,,,2,,1,,,,,,
,H9070,Apr-26,Bakal B.O,Pai S.O,,,2,,,1,,1,,,,
,H1134,Apr-26,Bakali B.O,Ladwa S.O,,,1,2,,3,,41,,,,
,B1172,Apr-26,Bakhli B.O,Pehowa S.O,,,1,,,3,,2,,,,
,L6312,Apr-26,Balu B.O,Kalayat S.O,,,8,9,,2,,6,,,,
,H1135,Apr-26,Ban B.O,Ladwa S.O,,,1,,,1,,9,,,,
,H1136,Apr-26,Bapdi B.O,Ladwa S.O,,,1,,,7,,4,,,,
,H3315,Apr-26,Bargat B.O,Babain S.O,,,5,6,,3,,3,,,,
,I5226,Apr-26,Barna B.O,Kurukshetra University S.O,,,6,6,,8,,5,,,,
,H1137,Apr-26,Barout B.O,Ladwa S.O,,,4,4,,1,,1,,,,
,L6351,Apr-26,Barsana B.O,Pundri S.O,,,,,,2,,4,,,,
,AM119,Apr-26,Barta BO,Kaithal S.O,,,3,2,,,,,,,,
,I5227,Apr-26,Barwa B.O,Kurukshetra University S.O,,,1,1,,5,,6,,,,
,L6258,Apr-26,Batheri B.O,Gumthala Garhu S.O,,,1,,,,,,,,,
,L6313,Apr-26,Batta B.O,Kalayat S.O,,,5,,,5,,5,,,,
,J3508,Apr-26,Baupur B.O,Chika S.O,,,,,,,,1,,,,
,H3316,Apr-26,Bhagwanpur B.O,Babain S.O,,,3,,,3,,4,,,,
,H9071,Apr-26,Bhana B.O,Pai S.O,,,2,1,,6,,4,,,,
,I5228,Apr-26,Bhor Saida B.O,Kurukshetra University S.O,,,,1,,3,,,,,,
,A2668,Apr-26,Bhorakh B.O,Pehowa S.O,,,1,,,,,1,,,,
,J3510,Apr-26,Bhuna B.O,Chika S.O,,,4,2,,7,,42,,,,
,J3511,Apr-26,Bhuslan B.O,Chika S.O,,,7,1,,1,,16,,,,
,F7829,Apr-26,Bhusthala B.O,Jhansa S.O,,,2,,,3,,15,,,,
,L6337,Apr-26,Bir Bangran B.O,Rajound S.O,,,3,6,,3,,18,,,,
,H3317,Apr-26,Bir Kalwa B.O,Babain S.O,,,,,,1,,6,,,,
,B1795,Apr-26,Bir Mathana B.O,Pipli S.O,,,8,1,,,,,,,,
,13611801,Apr-26,Birla Mandir S.O,,2,,,17,,5,2,41,,6,2,
,D6357,Apr-26,Bodhni B.O,Pehowa S.O,,,,,,,,2,,,,
,E5321,Apr-26,Bodla B.O,Pipli S.O,,,2,,,9,,4,,,,
,H1138,Apr-26,Brahan BO,Ladwa S.O,,,,5,,1,,7,,,,
,L5398,Apr-26,Budha Khera B.O,Kaithal S.O,,,3,1,,4,,18,,,,
,L4439,Apr-26,Chaduni Jattan B.O,Shahabad(M) S.O,,,,,,,,2,,,,
,H2808,Apr-26,Chammu Kalan B.O,Ismailabad S.O,,,2,5,,,,,,,,
,L5399,Apr-26,Chandana B.O,Kaithal S.O,,,3,2,,7,,20,,,,
,L6193,Apr-26,Chandlana B.O,Dhand S.O,,,,3,,,,9,,,,
,L6314,Apr-26,Chaushala B.O,Kalayat S.O,,,,3,,3,,9,,,,
,13603401,Apr-26,Chika S.O,,5,,26,68,,35,3,26,,1,5,
,J3512,Apr-26,Daba B.O,Chika S.O,,,,3,,1,,,,,,
,I5229,Apr-26,Dabkheri B.O,Kurukshetra University S.O,,,2,,,1,,1,,,,
,L4440,Apr-26,Deeg B.O,Shahabad(M) S.O,,,1,4,,13,,,,,,
,L6352,Apr-26,Deeg B.O,Pundri S.O,,,5,4,,5,,3,,,,
,L5400,Apr-26,Deoban B.O,Kaithal S.O,,,1,,,2,,3,,,,
,L5401,Apr-26,Deohera B.O,Kaithal S.O,,,1,,,5,,,,,,
,L5402,Apr-26,Dewal B.O,Kaithal S.O,,,,1,,2,,1,,,,
,13602001,Apr-26,Dhand S.O,,2,,8,13,,16,1,16,,,,
,L6316,Apr-26,Dhundwa B.O,Kalayat S.O,,,,2,,1,,22,,,,
,I5230,Apr-26,Dhurala B.O,Kurukshetra University S.O,,,1,1,,,,1,,,,
,L6315,Apr-26,Dubbal B.O,Kalayat S.O,,,1,1,,,,,,,,
,H3318,Apr-26,Dudhla B.O,Babain S.O,,,,,,3,,20,,,,
,M6993,Apr-26,Duserpur B.O,Guhla S.O,,,3,,,1,,1,,,,
,13604201,Apr-26,Fatehpur S.O (Kaithal),,1,2,2,22,,16,3,27,,2,2,
,J3513,Apr-26,Gaggarpur B.O,Chika S.O,,,1,4,,1,,1,,,,
,H1139,Apr-26,Gajlana B.O,Ladwa S.O,,,,,,8,,15,,,,
,L5403,Apr-26,Geong B.O,Kaithal S.O,,,7,,,4,,,,,,
,L4441,Apr-26,Golpura B.O,Shahabad(M) S.O,,,1,1,,1,,,,,,
,H1140,Apr-26,Gudha B.O,Ladwa S.O,,,,1,,13,,20,,,,
,13603501,Apr-26,Guhla S.O,,1,1,5,6,,18,,30,,,1,
,L5404,Apr-26,Guhna B.O,Kaithal S.O,,,2,,,3,,30,,,,
,L5405,Apr-26,Gulyana Songri B.O,Rajound S.O,,,,3,,2,,2,,,,
,13603001,Apr-26,Gumthala Garhu S.O,,,,3,8,,6,1,5,,,3,
,L6353,Apr-26,Habri B.O,Pundri S.O,,,1,1,,2,,11,,,,
,L6354,Apr-26,Hajwana B.O,Pundri S.O,,,,3,,5,,14,,,,
,J3514,Apr-26,Harigarh Kingan B.O,Chika S.O,,,1,1,,2,,17,,,,
,L4442,Apr-26,Haripur B.O,Shahabad(M) S.O,,,2,,,1,,2,,,,
,L6317,Apr-26,Haripura B.O,Kalayat S.O,,,2,4,,1,,2,,,,
,L5406,Apr-26,Harsola B.O,Kaithal S.O,,,1,16,,1,,13,,,,
,I5232,Apr-26,Hassanpur B.O,Kurukshetra University S.O,,,1,1,,2,,3,,,,
,I5233,Apr-26,Hathira B.O,Kurukshetra University S.O,,,,,,3,,12,,,,
,F2974,Apr-26,Ishaq B.O,Pehowa S.O,,,,4,,2,,,,,,
,13612901,Apr-26,Ismailabad S.O,,4,,9,51,,18,5,76,,5,6,
,L6194,Apr-26,Jadola B.O,Dhand S.O,,,1,,,2,,1,,,,
,L6195,Apr-26,Jajjanpur B.O,Dhand S.O,,,,20,,,,40,,,,
,L5407,Apr-26,Jakholi B.O,Rajound S.O,,,3,2,,2,,2,,,,
,H2809,Apr-26,Jalbehra B.O,Ismailabad S.O,,,2,,,,,1,,,,
,L4443,Apr-26,Jandheri B.O,Shahabad(M) S.O,,,4,1,,10,,14,,,,
,H3319,Apr-26,Jandola B.O,Babain S.O,,,,1,,1,,,,,,
,13613001,Apr-26,Jhansa S.O,,2,,3,21,,26,,49,,3,3,
,13611802,Apr-26,Judicial Complex Kurukshetra S.O,,2,,1,42,,11,4,47,,1,12,
,I5234,Apr-26,Jyotisar B.O,Kurukshetra University S.O,,,3,2,,3,,10,,,,
,L6318,Apr-26,Kailram B.O,Kalayat S.O,,,4,,,,,7,,,,
,13602701,Apr-26,Kaithal City S.O,,5,1,2,147,,40,1,56,,12,10,
,13602702,Apr-26,Kaithal S.O,,12,2,27,145,,58,8,124,,5,37,
,H9072,Apr-26,Kakot B.O,Pai S.O,,,,,,2,,,,,,
,L6259,Apr-26,Kakral Gujran B.O,Gumthala Garhu S.O,,,1,,,1,,,,,,
,I5447,Apr-26,Kakrala Inayat B.O,Siwan S.O,,,,,,3,,15,,,,
,H3320,Apr-26,Kalal Majra B.O,Babain S.O,,,4,1,,8,,,,,,
,L6319,Apr-26,Kalasar B.O,Kalayat S.O,,,2,1,,2,,,,,,
,L6320,Apr-26,Kalayat Mandi B.O,Kalayat S.O,,,,5,,,,,,,,
,13611701,Apr-26,Kalayat S.O,,8,1,9,30,,18,3,61,,1,13,
,H1141,Apr-26,Kalirano B.O,Ladwa S.O,,,1,2,,3,,,,,,
,L4444,Apr-26,Kalsana B.O,Shahabad(M) S.O,,,5,,,1,,14,,,,
,L4445,Apr-26,Kalyana B.O,Shahabad(M) S.O,,,,6,,1,,2,,,,
,I5235,Apr-26,Kamoda B.O,Kurukshetra University S.O,,,3,1,,3,,5,,,,
,I5448,Apr-26,Kangthali B.O,Siwan S.O,,,6,2,,2,,5,,,,
,E4672,Apr-26,Karah B.O,Pehowa S.O,,,,1,,,,7,,,,
,13602703,Apr-26,Karnal Road Kaithal S.O,,5,1,12,95,,24,9,50,,1,9,
,H9073,Apr-26,Karora B.O,Pai S.O,,,,1,,,,4,,,,
,L5408,Apr-26,Kassan B.O,Rajound S.O,,,1,,,4,,,,,,
,13602101,Apr-26,Kaul S.O,,,,7,0,,2,,1,,2,,
,I5449,Apr-26,Kawartan B.O,Siwan S.O,,,4,,,4,,1,,,,
,L5409,Apr-26,Keorak B.O,Kaithal S.O,,,,5,,3,,1,,,,
,A3299,Apr-26,Khanpur Kolian B.O,Pipli S.O,,,3,1,,1,,,,,,
,L6321,Apr-26,Kharak Pandwan B.O,Kalayat S.O,,,1,,,,,,,,,
,J3515,Apr-26,Kharaudi B.O,Chika S.O,,,,2,,4,,,,,,
,L4446,Apr-26,Kharindwa B.O,Shahabad(M) S.O,,,2,,,8,,17,,,,
,M6995,Apr-26,Kharkan B.O,Guhla S.O,,,,,,1,,1,,,,
,H1142,Apr-26,Kheri Dabdallan B.O,Ladwa S.O,,,4,,,12,,4,,,,
,I5450,Apr-26,Kheri Gulam Ali B.O,Siwan S.O,,,4,,,5,,6,,,,
,I5236,Apr-26,Kheri Ram Nagar B.O,Kurukshetra University S.O,,,1,,,,,2,,,,
,L5410,Apr-26,Kheri Simbal Wali B.O,Rajound S.O,,,3,,,4,,1,,,,
,L5411,Apr-26,Khurana B.O,Kaithal S.O,,,2,3,,,,5,,,,
,I5237,Apr-26,Kirmuch B.O,Kurukshetra University S.O,,,3,2,,1,,6,,,,
,L6338,Apr-26,Kithana B.O,Rajound S.O,,,,1,,2,,4,,,,
,F3607,Apr-26,Kohlapur B.O,Pipli S.O,,,1,1,,2,,2,,,,
,L6322,Apr-26,Kolekhan B.O,Kalayat S.O,,,1,20,,,,1,,,,
,H9074,Apr-26,Kotra B.O,Pai S.O,,,1,2,,2,,9,,,,
,L5413,Apr-26,Kultaran B.O,Kaithal S.O,,,1,,,2,,8,,,,
,L6323,Apr-26,Kurar B.O,Kalayat S.O,,,3,3,,1,,7,,,,
,13611800,Apr-26,Kurukshetra H.O,,40,8,32,142,,60,43,243,,11,76,
,13611901,Apr-26,Kurukshetra University S.O,,8,6,13,37,,37,15,67,,2,12,
,L5414,Apr-26,Ladana Baba B.O,Kaithal S.O,,,3,1,,1,,,,,,
,I5451,Apr-26,Ladana Chaku B.O,Siwan S.O,,,1,,,3,,,,,,
,13613201,Apr-26,Ladwa S.O,,11,3,9,81,,52,7,93,,5,27,
,H3321,Apr-26,Lakhmari B.O,Babain S.O,,,4,5,,8,,11,,,,
,L5415,Apr-26,Lander Keema B.O,Kaithal S.O,,,1,,,1,,2,,,,
,L4447,Apr-26,Landi B.O,Shahabad(M) S.O,,,1,,,26,,16,,,,
,H1143,Apr-26,Lohara B.O,Ladwa S.O,,,,4,,4,,9,,,,
,I5238,Apr-26,Lukhi B.O,Kurukshetra University S.O,,,2,1,,1,,2,,,,
,L4448,Apr-26,Madanpur B.O,Shahabad(M) S.O,,,,5,,2,,2,,,,
,L5416,Apr-26,Majra Nand Karan B.O,Pai S.O,,,1,,,2,,6,,,,
,13613501,Apr-26,Majri Mohalla Shahabad S.O,,3,9,4,14,,13,,9,,1,,
,B1173,Apr-26,Malikpur B.O,Pehowa S.O,,,,10,,1,,,,,,
,L5417,Apr-26,Manas B.O,Kaithal S.O,,,2,,,,,,,,,
,L5290,Apr-26,Mandheri B.O,Thol S.O,,,,,,2,,1,,,,
,I5452,Apr-26,Mandi Sadra B.O,Siwan S.O,,,,9,,,,,,,,
,L6339,Apr-26,Mandwal B.O,Rajound S.O,,,1,,,1,,1,,,,
,M6996,Apr-26,Mastgarh B.O,Guhla S.O,,,1,1,,1,,,,,,
,L6324,Apr-26,Mataur B.O,Kalayat S.O,,,4,1,,2,,,,,,
,F3608,Apr-26,Mathana B.O,Pipli S.O,,,,,,2,,3,,,,
,J3517,Apr-26,Mengran B.O,Chika S.O,,,,,,1,,,,,,
,13602705,Apr-26,Model Town Kaithal S.O,,,,1,2,,6,,5,,,2,
,13611803,Apr-26,Mohan Nagar S.O (Kurukshetra),,11,1,11,65,,25,12,46,,4,21,
,13613401,Apr-26,Mohri S.O,,1,2,3,6,,4,1,,,,,
,H9317,Apr-26,Mundri B.O,Fatehpur S.O (Kaithal),,,,,,,,1,,,,
,A2669,Apr-26,Murtzapur B.O,Pehowa S.O,,,,,,2,,1,,,,
,L4449,Apr-26,Nagla B.O,Shahabad(M) S.O,,,1,1,,1,,,,,,
,H9318,Apr-26,Naina Dhos B.O,Fatehpur S.O (Kaithal),,,,,,1,,3,,,,
,H2810,Apr-26,Naisi B.O,Ismailabad S.O,,,,,,3,,3,,,,
,L4450,Apr-26,Nalvi B.O,Shahabad(M) S.O,,,5,1,,10,,17,,,,
,L5418,Apr-26,Narar B.O,Kaithal S.O,,,3,4,,1,,22,,,,
,L5419,Apr-26,Nauch B.O,Kaithal S.O,,,1,,,3,,5,,,,
,13613202,Apr-26,Ngm Ladwa S.O,,4,,2,69,,15,,60,,1,14,
,H1144,Apr-26,Niwarsi B.O,Ladwa S.O,,,,,,3,,,,,,
,L6196,Apr-26,Pabnawa B.O,Dhand S.O,,,,13,,,,5,,,,
,L5420,Apr-26,Padla B.O,Kaithal S.O,,,5,,,11,,115,,,,
,13604301,Apr-26,Pai S.O,,2,2,4,17,,17,1,68,,11,1,
,G2047,Apr-26,Palwal B.O,Pipli S.O,,,,5,,3,,,,,,
,L5421,Apr-26,Patti Afgan B.O,Kaithal S.O,,,1,6,,8,,5,,,,
,J3518,Apr-26,Peedal B.O,Chika S.O,,,2,,,2,,,,,,
,13612801,Apr-26,Pehowa S.O,,8,4,20,45,,38,11,43,,19,36,
,L5422,Apr-26,Peoda B.O,Kaithal S.O,,,,5,,2,,3,,,,
,I3623,Apr-26,Pharal B.O,Kaul S.O,,,,2,,6,,2,,,,
,H9075,Apr-26,Pilni B.O,Pai S.O,,,,,,2,,12,,,,
,13613101,Apr-26,Pipli S.O,,13,,9,28,,40,8,42,,6,18,
,H1145,Apr-26,Prahladpur B.O,Ladwa S.O,,,2,,,5,,,,,,
,13602601,Apr-26,Pundri S.O,,,,12,34,,23,3,115,,14,6,
,13604401,Apr-26,Rajound S.O,,1,2,8,1,,14,,9,,,,
,L6325,Apr-26,Ram Garh Pandwa B.O,Kalayat S.O,,,,,,1,,,,,,
,H3322,Apr-26,Ram Saran Majra B.O,Babain S.O,,,2,,,3,,6,,,,
,L6260,Apr-26,Ramgarh Ror B.O,Gumthala Garhu S.O,,,1,1,,,,,,,,
,H9319,Apr-26,Rasina B.O,Fatehpur S.O (Kaithal),,,,1,,1,,,,,,
,L4452,Apr-26,Rawa B.O,Shahabad(M) S.O,,,,,,5,,,,,,
,L6340,Apr-26,Rohera B.O,Rajound S.O,,,4,,,4,,,,,,
,H2811,Apr-26,Rohti B.O,Ismailabad S.O,,,1,,,1,,,,,,
,I5453,Apr-26,Sair B.O,Siwan S.O,,,1,1,,5,,3,,,,
,L6326,Apr-26,Sajuma B.O,Kalayat S.O,,,,,,1,,,,,,
,I3624,Apr-26,Sakra B.O,Kaul S.O,,,1,2,,6,,6,,,,
,I5239,Apr-26,Salarpur B.O,Kurukshetra University S.O,,,,4,,,,,,,,
,L4453,Apr-26,Samalkhi B.O,Shahabad(M) S.O,,,1,2,,3,,2,,,,
,B1174,Apr-26,Sandholi B.O,Pehowa S.O,,,,2,,1,,1,,,,
,L6327,Apr-26,Sanghan B.O,Kalayat S.O,,,4,2,,3,,,,,,
,H3323,Apr-26,Sanghor B.O,Babain S.O,,,,,,6,,8,,,,
,I3625,Apr-26,Sanghrouli B.O,Kaul S.O,,,5,2,,9,,6,,,,
,L6341,Apr-26,Santokh Majra B.O,Rajound S.O,,,1,,,,,,,,,
,13612802,Apr-26,Saraswati Mandir Pehowa S.O,,1,8,5,6,,12,1,39,,,4,
,A2670,Apr-26,Sarsa B.O,Pehowa S.O,,,1,26,,3,,,,,,
,H9320,Apr-26,Saunch B.O,Fatehpur S.O (Kaithal),,,,,,4,,16,,,,
,13611804,Apr-26,Sector 3 U E KKR S.O,,7,9,2,6,,5,9,12,,,,
,M6997,Apr-26,Seonmajra B.O,Guhla S.O,,,,,,2,,3,,,,
,L6261,Apr-26,Seonsar B.O,Gumthala Garhu S.O,,,2,,,,,,,,,
,H9076,Apr-26,Serhda B.O,Pai S.O,,,4,5,,3,,3,,,,
,13613502,Apr-26,Shahabad(M) S.O,,17,2,12,104,,52,25,213,,15,65,
,L5291,Apr-26,Shanti Nagar B.O,Thol S.O,,,1,1,,3,,5,,,,
,L4454,Apr-26,Sharif Garh B.O,Shahabad(M) S.O,,,,4,,1,,,,,,
,L6328,Apr-26,Simla B.O,Kalayat S.O,,,,7,,1,,,,,,
,L6355,Apr-26,Sirsal B.O,Pundri S.O,,,2,4,,3,,5,,,,
,L5423,Apr-26,Sirta B.O,Kaithal S.O,,,,,,3,,3,,,,
,H9077,Apr-26,Sisla Sismore B.O,Pai S.O,,,3,,,4,,3,,,,
,13602704,Apr-26,Siwan Gate Kaithal S.O,,10,,8,69,,28,5,186,,10,15,
,13603301,Apr-26,Siwan S.O,,1,,19,59,,41,,65,,5,6,
,L5424,Apr-26,Songal B.O,Pai S.O,,,,,,,,3,,,,
,L4455,Apr-26,Sudpur B.O,Shahabad(M) S.O,,,,,,2,,,,,,
,G6385,Apr-26,Tangore B.O,Jhansa S.O,,,2,,,3,,10,,,,
,L5425,Apr-26,Teek B.O,Dhand S.O,,,4,1,,4,,,,,,
,H9321,Apr-26,Teontha B.O,Fatehpur S.O (Kaithal),,,5,1,,7,,,,,,
,L6262,Apr-26,Thana B.O,Gumthala Garhu S.O,,,2,11,,,,3,,,,
,13611805,Apr-26,Thanesar Town S.O,,14,1,8,150,,29,9,170,,13,19,
,H2812,Apr-26,Thaska Miranji B.O,Ismailabad S.O,,,2,4,,1,,,,,,
,13613601,Apr-26,Thol S.O,,3,5,9,18,,23,,7,,,2,
,L4456,Apr-26,Tigri B.O,Shahabad(M) S.O,,,,1,,1,,,,,,
,L5426,Apr-26,Titram B.O,Kaithal S.O,,,2,5,,6,,1,,,,
,C8496,Apr-26,Umri B.O,Pipli S.O,,,3,,,1,,,,,,
,E4673,Apr-26,Urnai B.O,Pehowa S.O,,,4,11,,5,,,,,,
,L4457,Apr-26,Yara B.O,Shahabad(M) S.O,,,,2,,6,,,,,,
,J7405,Apr-26,Achhej BO,Matanhail SO,,,,,,2,,,,,,
,J7826,Apr-26,Akheri Madanpur BO,Sahlawas SO,,,1,,,1,,4,,,,
,12441101,Apr-26,Anwal SO,,2,,,6,,3,,26,,1,2,
,H3438,Apr-26,Assan BO,Kansala SO,,,1,,,3,,5,,,,
,12450501,Apr-26,Assaudha SO,,1,,2,16,,5,,7,,,,
,12402101,Apr-26,Asthal Bohar SO,,,,4,11,,4,1,4,,1,1,
,L5365,Apr-26,Atail BO,Sampla SO,,,2,,,1,,2,,,,
,12410501,Apr-26,Badli SO Jhajjar,,1,,2,1,,8,1,5,,,,
,L6154,Apr-26,Badsa BO,Badli SO Jhajjar,,,2,,,,,,,,,
,D6994,Apr-26,Baghpur BO,Beri SO,,,,,,,,11,,,,
,12450700,Apr-26,Bahadurgarh HO,,30,4,30,74,,71,24,89,,14,35,
,12450801,Apr-26,Bahadurgarh Mandi SO,,8,,6,72,,23,12,53,,4,21,
,12450702,Apr-26,Bahadurgarh Sector 6 SO,,11,1,4,24,,12,15,32,,2,14,
,H8733,Apr-26,Bahu Akbarpur BO,Mokhra SO,,,2,,,4,,1,,,,
,12414201,Apr-26,Bahu SO,,6,,2,14,,10,5,15,,1,,
,G2018,Apr-26,Bainsi BO,Nindana SO,,,1,2,,4,,13,,,,
,H3439,Apr-26,Bakheta BO,Kansala SO,,,,,,1,,,,,,
,F3618,Apr-26,Bakra BO,Beri SO,,,1,,,2,,48,,,,
,O0155,Apr-26,Baland BO,Police Training Center Sunaria SO,,,2,5,,,,4,,,,
,J7277,Apr-26,Baliana BO,Bhalaut SO,,,4,34,,9,,5,,,,
,L6155,Apr-26,Bamnaula BO,Badli SO Jhajjar,,,,,,2,,,,,,
,N9644,Apr-26,Bamnoli BO,Assaudha SO,,,1,1,,,,4,,,,
,D2955,Apr-26,Banyani BO,Anwal SO,,,,1,,,,,,,,
,N9645,Apr-26,Barahi BO,Assaudha SO,,,,2,,,,,,,,
,H3215,Apr-26,Barhana BO,Dighal SO,,,7,5,,3,,,,,,
,H8734,Apr-26,Basana BO,Mokhra SO,,,2,1,,4,,3,,,,
,H9416,Apr-26,Basantpur BO,Sanghi SO,,,2,8,,2,,5,,,,
,12420101,Apr-26,Beri SO,,5,3,13,24,,25,1,85,,3,6,
,N9277,Apr-26,Bhadani BO,Nehru College Jhajjar SO,,,1,1,,,,,,,,
,E5293,Apr-26,Bhagwatipur BO,Lakhan Majra SO,,,1,1,,1,,,,,,
,J9565,Apr-26,Bhaini Bharon BO,Mehem SO,,,3,30,,,,,,,,
,J9566,Apr-26,Bhaini Chanderpal BO,Mehem SO,,,3,4,,2,,93,,,,
,J9568,Apr-26,Bhaini Maharajpur BO,Mehem SO,,,,,,,,1,,,,
,J9567,Apr-26,Bhaini Surjan BO,Mehem SO,,,,1,,,,,,,,
,12440101,Apr-26,Bhalaut SO,,1,,3,9,,7,,23,,,1,
,O0156,Apr-26,Bhali Anandpur BO,Police Training Center Sunaria SO,,,,,,5,,2,,,,
,J7014,Apr-26,Bhambhewa BO,Asthal Bohar SO,,,1,1,,2,,2,,,,
,L5366,Apr-26,Bhaproda BO,Sampla SO,,,,,,1,,5,,,,
,H8968,Apr-26,Bharan BO,Madina SO,,,5,,,3,,3,,,,
,L5367,Apr-26,Bhasro Kalan BO,Sampla SO,,,1,31,,1,,,,,,
,D8689,Apr-26,Bhatera BO,Machrauli SO,,,3,,,1,,,,,,
,J3748,Apr-26,Bhindawas BO,Dhakla SO,,,,,,7,,3,,,,
,L6156,Apr-26,Bhupnia BO,Badli SO Jhajjar,,,,1,,,,1,,,,
,J7827,Apr-26,Bhurawas BO,Sahlawas SO,,,1,,,4,,,,,,
,J3749,Apr-26,Bilochpura BO,Dhakla SO,,,,11,,4,,5,,,,
,J7828,Apr-26,Birar BO,Sahlawas SO,,,1,,,3,,1,,,,
,D7057,Apr-26,Birdhana BO,Dujana SO,,,4,3,,1,,,,,,
,J7406,Apr-26,Birohar BO,Matanhail SO,,,8,,,1,,1,,,,
,A3311,Apr-26,Bishan BO,Beri SO,,,,24,,3,,4,,,,
,J7015,Apr-26,Bohar BO,Asthal Bohar SO,,,1,,,2,,5,,,,
,12400112,Apr-26,Bus Stand,,,,2,1,,,,,,1,,
,C0295,Apr-26,Chamanpura BO,Dujana SO,,,,9,,2,,2,,,,
,H9417,Apr-26,Chamaria BO,Sanghi SO,,,1,,,4,,4,,,,
,F3581,Apr-26,Chandi BO,Lakhan Majra SO,,,,,,1,,1,,,,
,12450401,Apr-26,Charra SO,,4,,2,18,,14,,40,,4,,
,AM118,Apr-26,Chhadwana BO,Dhakla SO,,,1,2,,5,,1,,,,
,B3544,Apr-26,Chhappar BO,Machrauli SO,,,5,,,1,,3,,,,
,H3216,Apr-26,Chhochi BO,Dighal SO,,,1,,,,,,,,,
,J7407,Apr-26,Chhuchhakwas BO,Matanhail SO,,,3,,,,,1,,,,
,J8915,Apr-26,Chimni BO,Kahnaur SO,,,2,2,,4,,7,,,,
,D6955,Apr-26,Chiri BO,Lakhan Majra SO,,,,,,3,,2,,,,
,H0668,Apr-26,Chudani BO,Charra SO,,,,,,2,,,,,,
,L5368,Apr-26,Chuliyana BO,Sampla SO,,,2,2,,3,,,,,,
,12410301,Apr-26,Court Complex Jhajjar SO,,3,,3,10,,6,1,16,,2,,
,L9900,Apr-26,Daboda Khurd BO,Bahadurgarh Mandi SO,,,1,,,2,,,,,,
,F4661,Apr-26,Dadanpur BO,Jhajjar SO,,,3,,,2,,3,,,,
,D7943,Apr-26,Dadri Toe BO,Jhajjar SO,,,4,,,,,,,,,
,J3750,Apr-26,Darauli BO,Dhakla SO,,,,,,7,,3,,,,
,E6293,Apr-26,Dawla Raiya BO,Jhajjar SO,,,1,,,4,,2,,,,
,L5369,Apr-26,Dehkora BO,Sampla SO,,,,1,,,,,,,,
,L6157,Apr-26,Deverkhana BO,Badli SO Jhajjar,,,1,,,,,2,,,,
,12410901,Apr-26,Dhakla SO,,5,2,3,16,,7,5,17,,1,,
,J7278,Apr-26,Dhamar BO,Bhalaut SO,,,,22,,5,,3,,,,
,H3217,Apr-26,Dhandlan BO,Dighal SO,,,,1,,1,,2,,,,
,J8916,Apr-26,Dharana BO,Kahnaur SO,,,3,2,,2,,2,,,,
,D6995,Apr-26,Dhaur BO,Beri SO,,,,10,,1,,1,,,,
,12410701,Apr-26,Dighal SO,,4,,3,39,,21,,129,,1,57,
,12400101,Apr-26,DLF Colony Rohtak SO,,1,,1,57,,15,7,69,,3,9,
,O0157,Apr-26,Dobh BO,Police Training Center Sunaria SO,,,,,,3,,6,,,,
,12420201,Apr-26,Dubaldhan SO,,1,1,1,18,,15,,35,,0,,
,12410201,Apr-26,Dujana SO,,,1,2,4,,6,,11,,1,3,
,L9901,Apr-26,Dulhera BO,Bahadurgarh Mandi SO,,,1,12,,2,,,,,,
,J9569,Apr-26,Farmana BO,Mehem SO,,,3,1,,4,,1,,,,
,O0158,Apr-26,Gaddi Kheri BO,Police Training Center Sunaria SO,,,,1,,,,,,,,
,12400102,Apr-26,Gandhi Camp SO,,10,1,2,40,,19,5,64,,9,6,
,L5370,Apr-26,Gandhra BO,Sampla SO,,,,23,,4,,4,,,,
,G6638,Apr-26,Garhi Ballab BO,Anwal SO,,,,,,1,,2,,,,
,L5371,Apr-26,Garhi BO,Sampla SO,,,,1,,,,14,,,,
,J8917,Apr-26,Garnauthi BO,Kahnaur SO,,,4,2,,,,,,,,
,F4662,Apr-26,Gawalison BO,Jhajjar SO,,,1,1,,5,,1,,,,
,C8463,Apr-26,Gharauthi BO,Lakhan Majra SO,,,1,,,2,,,,,,
,H9418,Apr-26,Ghillaur Kalan BO,Sanghi SO,,,2,,,3,,1,,,,
,H8969,Apr-26,Girawar BO,Madina SO,,,,,,,,1,,,,
,H3218,Apr-26,Gochhi BO,Dighal SO,,,5,2,,2,,17,,,,
,L9902,Apr-26,Goela Kalan BO,Bahadurgarh Mandi SO,,,,,,1,,,,,,
,12400103,Apr-26,Gohana Road SO Rohtak,,6,,3,30,,4,6,36,,,1,
,G9342,Apr-26,Goria BO,Bahu SO,,,,,,1,,1,,,,
,L6158,Apr-26,Gubhana BO,Badli SO Jhajjar,,,1,6,,,,1,,,,
,D7944,Apr-26,Gudha BO,Jhajjar SO,,,1,1,,1,,,,,,
,B2757,Apr-26,Gurukul Jhajjar BO,Jhajjar SO,,,2,,,1,,4,,,,
,C9509,Apr-26,Hasanpur BO,Jhajjar SO,,,7,,,1,,,,,,
,12440401,Apr-26,Hassangarh SO,,,1,0,17,,8,,20,,1,,
,H3440,Apr-26,Humayunpur BO,Kansala SO,,,,,,1,,3,,,,
,12400115,Apr-26,Indra Colony Rohtak S.O,,,,9,9,,8,,10,,,2,
,L5373,Apr-26,Ismaila BO,Sampla SO,,,4,4,,2,,3,,,,
,N9278,Apr-26,Jahangirpur BO,Nehru College Jhajjar SO,,,1,13,,9,,8,,,,
,A4293,Apr-26,Jahazgarh BO,Jhajjar SO,,,,,,1,,9,,,,
,N9646,Apr-26,Jakhauda BO,Assaudha SO,,,,2,,1,,3,,,,
,12400104,Apr-26,Janta Colony Rohtak SO,,2,,,75,,16,1,76,,,12,
,N9647,Apr-26,Jassaur Kheri BO,Assaudha SO,,,3,3,,6,,2,,,,
,H9419,Apr-26,Jassia BO,Sanghi SO,,,2,1,,1,,4,,,,
,12400105,Apr-26,Jhajjar Road Rohtak SO,,3,,1,12,,2,,36,,3,7,
,12410302,Apr-26,Jhajjar SO,,25,4,26,249,,103,11,365,,7,25,
,G9343,Apr-26,Jhamri BO,Bahu SO,,,,,,1,,,,,,
,J7829,Apr-26,Jhanswa Kalan BO,Sahlawas SO,,,2,1,,3,,,,,,
,J7408,Apr-26,Jharli BO,Matanhail SO,,,2,,,1,,19,,,,
,H9420,Apr-26,Jindran BO,Sanghi SO,,,,1,,2,,5,,,,
,N9279,Apr-26,Jnv Kiloi BO,Nehru College Jhajjar SO,,,2,1,,2,,2,,,,
,F4663,Apr-26,Jondhi BO,Jhajjar SO,,,,,,1,,,,,,
,N9280,Apr-26,Kablana BO,Nehru College Jhajjar SO,,,,,,1,,1,,,,
,B1803,Apr-26,Kabulpur BO,Beri SO,,,1,51,,1,,,,,,
,12441201,Apr-26,Kahnaur SO,,2,1,5,15,,12,,95,,1,3,
,H9421,Apr-26,Kahni BO,Sanghi SO,,,2,,,,,1,,,,
,B3545,Apr-26,Kahri BO,Machrauli SO,,,6,,,2,,3,,,,
,12411301,Apr-26,Kalanaur SO Rohtak,,2,,12,21,,22,2,41,,,3,
,J7016,Apr-26,Kanheli BO,Asthal Bohar SO,,,,,,,,4,,,,
,N9648,Apr-26,KANONDA BO,Assaudha SO,,,,,,,,1,,,,
,12440601,Apr-26,Kansala SO,,,,0,4,,2,,9,,,,
,AK737,Apr-26,Karodha BO,Jhajjar SO,,,3,2,,1,,,,,,
,O0159,Apr-26,Karontha BO,Police Training Center Sunaria SO,,,2,4,,2,,,,,,
,J7017,Apr-26,Karor BO,Asthal Bohar SO,,,3,2,,,,9,,,,
,J3751,Apr-26,Kasni BO,Dhakla SO,,,1,1,,5,,4,,,,
,L9903,Apr-26,Kassar BO,Bahadurgarh Mandi SO,,,,1,,,,,,,,
,J2618,Apr-26,Katesra BO,Kalanaur SO Rohtak,,,1,,,,,,,,,
,J7409,Apr-26,Khachrauli BO,Matanhail SO,,,1,1,,1,,3,,,,
,J2619,Apr-26,Khairari BO,Kalanaur SO Rohtak,,,,2,,1,,80,,,,
,C0197,Apr-26,Kharainti BO,Lakhan Majra SO,,,5,1,,4,,1,,,,
,J7018,Apr-26,Kharawar BO,Asthal Bohar SO,,,1,4,,2,,18,,,,
,L5374,Apr-26,Kharhar BO,Sampla SO,,,,,,,,1,,,,
,H8970,Apr-26,Kharkhara BO,Madina SO,,,,,,3,,,,,,
,L9904,Apr-26,Kharman BO,Bahadurgarh Mandi SO,,,2,2,,1,,5,,,,
,E6294,Apr-26,Khatiwas BO,Jhajjar SO,,,,1,,,,2,,,,
,N9281,Apr-26,Kheri Asra BO,Nehru College Jhajjar SO,,,1,6,,2,,1,,,,
,J7019,Apr-26,Kheri Sadh BO,Asthal Bohar SO,,,1,2,,2,,,,,,
,J3752,Apr-26,Khetawas BO,Dhakla SO,,,1,1,,9,,2,,,,
,H9422,Apr-26,Khidwali BO,Sanghi SO,,,5,3,,4,,2,,,,
,G9345,Apr-26,Khorra BO,Bahu SO,,,,,,4,,,,,,
,C2008,Apr-26,Khudan BO,Machrauli SO,,,1,,,,,2,,,,
,N9282,Apr-26,Khungai BO,Nehru College Jhajjar SO,,,,1,,5,,,,,,
,J7279,Apr-26,Kiloi BO,Bhalaut SO,,,1,2,,2,,5,,,,
,N9649,Apr-26,Kulasi BO,Assaudha SO,,,1,,,2,,1,,,,
,L5375,Apr-26,Kultana BO,Sampla SO,,,,5,,5,,,,,,
,J7830,Apr-26,Ladain BO,Sahlawas SO,,,1,1,,3,,1,,,,
,J7280,Apr-26,Ladout BO,Bhalaut SO,,,,,,,,1,,,,
,N9650,Apr-26,LADRAWAN BO,Assaudha SO,,,,3,,2,,6,,,,
,A7770,Apr-26,Lahli BO,Anwal SO,,,,,,2,,2,,,,
,12451401,Apr-26,Lakhan Majra SO,,1,1,4,4,,4,2,5,,,1,
,L5376,Apr-26,Loharheri BO,Sampla SO,,,1,4,,2,,3,,,,
,A5091,Apr-26,Lohari BO,Machrauli SO,,,2,,,1,,1,,,,
,L9905,Apr-26,Lowa Kalan BO,Bahadurgarh Mandi SO,,,,,,,,3,,,,
,L9906,Apr-26,Luksar BO,Bahadurgarh Mandi SO,,,,1,,,,13,,,,
,12410801,Apr-26,Machrauli SO,,2,1,4,41,,14,,46,,1,1,
,D7058,Apr-26,Madana Kalan BO,Dujana SO,,,5,3,,1,,,,,,
,12411101,Apr-26,Madina SO,,,,2,13,,16,,38,,3,,
,12450705,Apr-26,Main Bazar Bahadurgarh  SO,,6,1,6,18,,15,1,54,,,11,
,J7020,Apr-26,Maina BO,Asthal Bohar SO,,,1,1,,2,,1,,,,
,J7210,Apr-26,Majra BO,Dubaldhan SO,,,2,3,,14,,8,,1,,
,J7281,Apr-26,Makrauli Kalan BO,Bhalaut SO,,,1,1,,2,,,,,,
,12450601,Apr-26,Mandothi SO,,2,,0,10,,5,,13,,,,
,O0160,Apr-26,Marodi Jatan BO,Police Training Center Sunaria SO,,,2,,,1,,,,,,
,J7410,Apr-26,Marot BO,Matanhail SO,,,2,4,,1,,3,,,,
,L5377,Apr-26,Matan BO,Sampla SO,,,1,,,,,,,,,
,12410601,Apr-26,Matanhail SO,,11,2,6,10,,21,1,38,,2,2,
,12400113,Apr-26,MD University Rohtak SO,,,,,1,,,,,,,,
,12400106,Apr-26,Medical College SO Rohtak,,5,1,3,24,,13,2,51,,,7,
,12411201,Apr-26,Mehem SO,,6,,15,22,,26,6,72,,4,14,
,C0296,Apr-26,Mehrana BO,Dujana SO,,,1,9,,2,,1,,,,
,12451501,Apr-26,MET Dadri Toe S.O,,,,,,,2,,,,,,
,12450706,Apr-26,Mini Secretariat Bahadurgarh S.O,,,,1,1,,,,,,,,
,12400107,Apr-26,Model Town SO Rohtak,,13,1,2,35,,17,3,117,,2,24,
,12402201,Apr-26,Mokhra SO,,,,3,7,,10,,12,,,,
,H3441,Apr-26,Morekheri BO,Kansala SO,,,,,,2,,,,,,
,D7945,Apr-26,MPMajra BO,Jhajjar SO,,,,,,3,,,,,,
,J7831,Apr-26,Mundahera BO,Sahlawas SO,,,1,2,,7,,1,,,,
,J7411,Apr-26,Mundsa BO,Matanhail SO,,,1,1,,,,,,,,
,J7282,Apr-26,Mungain BO,Bhalaut SO,,,,13,,,,,,,,
,C0198,Apr-26,Nandal BO,Lakhan Majra SO,,,1,1,,3,,,,,,
,L5379,Apr-26,Naya Bans BO,Sampla SO,,,,6,,1,,1,,,,
,12410401,Apr-26,Nehru College Jhajjar SO,,,1,1,3,,3,,28,,,,
,B1769,Apr-26,Nidana BO,Lakhan Majra SO,,,,,,1,,,,,,
,J2620,Apr-26,Nigana BO,Kalanaur SO Rohtak,,,,1,,6,,7,,,,
,J7832,Apr-26,Nilaheri BO,Sahlawas SO,,,5,5,,2,,1,,,,
,H7486,Apr-26,Nilothi BO,Hassangarh SO,,,2,,,1,,,,,,
,12451301,Apr-26,Nindana SO,,,1,6,6,,14,3,31,,,,
,J3753,Apr-26,Niwada BO,Dhakla SO,,,,,,5,,,,,,
,J7412,Apr-26,Nogawan BO,Matanhail SO,,,,,,1,,,,,,
,L5378,Apr-26,Nonaud BO,Sampla SO,,,1,12,,7,,,,,,
,L9907,Apr-26,Noona Majra BO,Bahadurgarh Mandi SO,,,3,24,,6,,4,,,,
,J7283,Apr-26,Paksma BO,Bhalaut SO,,,5,9,,3,,12,,,,
,A4292,Apr-26,Palra BO,Jhajjar SO,,,3,2,,2,,1,,,,
,G3970,Apr-26,Pataudah BO,Machrauli SO,,,3,1,,3,,2,,,,
,D2956,Apr-26,Patwapur BO,Anwal SO,,,,,,1,,2,,,,
,J7021,Apr-26,Pehrawar BO,Asthal Bohar SO,,,1,1,,,,3,,,,
,L6162,Apr-26,Pelpa BO,Badli SO Jhajjar,,,1,4,,3,,1,,,,
,J7211,Apr-26,Pilana BO,Dubaldhan SO,,,2,44,,7,,2,,,,
,12401001,Apr-26,Police Training Center Sunaria SO,,3,,0,0,,1,4,2,,,,
,12414101,Apr-26,Power Plant Jharli SO,,1,,,1,,37,,,,,,
,H0669,Apr-26,Rewari Khera BO,Charra SO,,,,2,,,,,,,,
,C0241,Apr-26,Ritauli BO,Beri SO,,,3,60,,1,,4,,,,
,H9423,Apr-26,Rithal BO,Sanghi SO,,,2,1,,5,,1,,,,
,L5380,Apr-26,Rohad BO,Sampla SO,,,2,29,,4,,1,,,,
,12400100,Apr-26,Rohtak HO,,55,5,40,153,,117,27,370,,21,75,
,12400108,Apr-26,Rohtak Sector I SO,,5,1,1,17,,11,1,12,,8,14,
,12400109,Apr-26,Rohtak Town SO,,10,1,4,69,,27,3,140,,9,21,
,J7285,Apr-26,Rurkee BO,Bhalaut SO,,,3,2,,2,,,,,,
,12414601,Apr-26,Sahlawas SO,,7,2,10,27,,16,2,41,,3,5,
,J9570,Apr-26,Saman BO,Mehem SO,,,4,7,,8,,29,,,,
,C8464,Apr-26,Samargopalpur BO,Lakhan Majra SO,,,,,,3,,,,,,
,J3754,Apr-26,Samaspur Majra BO,Dhakla SO,,,,,,9,,2,,,,
,H7487,Apr-26,Samchana BO,Hassangarh SO,,,1,1,,4,,,,,,
,J2621,Apr-26,Sampel BO,Kalanaur SO Rohtak,,,5,5,,5,,,,,,
,12450101,Apr-26,Sampla SO,,9,4,9,76,,28,3,63,,4,11,
,12430301,Apr-26,Sanghi SO,,1,3,8,7,,8,,27,,6,,
,L9908,Apr-26,Sankhol BO,Bahadurgarh Mandi SO,,,1,,,,,,,,,
,J7413,Apr-26,Sasroli BO,Matanhail SO,,,2,1,,2,,3,,,,
,J7414,Apr-26,Sehlenga BO,Matanhail SO,,,1,,,1,,,,,,
,B1870,Apr-26,Seria BO,Dujana SO,,,,,,,,3,,,,
,J7212,Apr-26,Sewana BO,Dubaldhan SO,,,,10,,,,,,,,
,12400111,Apr-26,Shivaji Colony SO,,19,3,5,59,,47,20,88,,8,31,
,C1194,Apr-26,Silani BO,Jhajjar SO,,,4,,,,,4,,,,
,C8462,Apr-26,Singhpura Kalan BO,Lakhan Majra SO,,,,1,,,,2,,,,
,J9571,Apr-26,Sisarkhas BO,Mehem SO,,,2,,,2,,1,,,,
,L9909,Apr-26,Soldha BO,Bahadurgarh Mandi SO,,,1,,,,,,,,,
,L6163,Apr-26,Sondhi BO,Badli SO Jhajjar,,,,,,,,10,,,,
,J3755,Apr-26,Subana BO,Dhakla SO,,,2,2,,7,,,,,,
,E6295,Apr-26,Sulodha BO,Jhajjar SO,,,,,,4,,,,,,
,O0161,Apr-26,Sunari Kalan BO,Police Training Center Sunaria SO,,,,73,,,,,,,,
,J8919,Apr-26,Sundana BO,Kahnaur SO,,,3,,,4,,2,,,,
,D6957,Apr-26,Sunderpur BO,Lakhan Majra SO,,,,,,1,,,,,,
,N9283,Apr-26,Surha BO,Nehru College Jhajjar SO,,,1,4,,2,,2,,,,
,J3756,Apr-26,Surheti BO,Dhakla SO,,,,2,,6,,,,,,
,C9510,Apr-26,Talao BO,Jhajjar SO,,,,,,2,,1,,,,
,H8553,Apr-26,Tandaheri BO,Mandothi SO,,,2,,,2,,,,,,
,F3582,Apr-26,Titauli BO,Lakhan Majra SO,,,3,2,,5,,3,,,,
,J3757,Apr-26,Tumbaheri BO,Dhakla SO,,,1,1,,7,,,,,,
,N9284,Apr-26,Ukhal Channa BO,Nehru College Jhajjar SO,,,,,,5,,,,,,
,E6296,Apr-26,Utlodha BO,Jhajjar SO,,,3,,,2,,,,,,
,B2758,Apr-26,Yakubpur BO,Jhajjar SO,,,,,,5,,,,,,
,A8170,Apr-26,AhulanaGannur BO,Ganaur SO,,,2,10,,3,,2,,,,
,L4458,Apr-26,AhulanaGohana BO,Gohana SO,,,,,,,,24,,,,
,M1777,Apr-26,Akabarpur Barota BO,Nahri SO,,,3,,,1,,,,,,
,B5942,Apr-26,Asadpur Nandnaur BO,Murthal SO,,,,94,,1,,,,,,
,M0979,Apr-26,Aterna BO,Jakhauli SO,,,1,,,,,,,,,
,13100101,Apr-26,Atlas Cycle SO,,6,,1,15,,6,5,33,,1,5,
,M0951,Apr-26,Badhana BO,Rohat SO Sonipat,,,1,1,,2,,,,,,
,13102101,Apr-26,Bahalgarh SO,,1,,6,3,,1,,3,,,1,
,F8471,Apr-26,Bali Qutubpur BO,Ganaur SO,,,1,,,2,,2,,,,
,J8898,Apr-26,Banwasa BO,Baroda SO,,,,1,,,,,,,,
,E1658,Apr-26,Bari BO,Ganaur SO,,,5,2,,5,,6,,,,
,13130401,Apr-26,Baroda SO,,1,,3,6,,10,,12,,1,1,
,O0184,Apr-26,Baroli BO,Bahalgarh SO,,,1,,,,,4,,,,
,J9551,Apr-26,Barona BO,Kharkhauda SO,,,2,1,,4,,1,,,,
,L4460,Apr-26,Barota BO,Gohana SO,,,7,15,,2,,,,,,
,C6242,Apr-26,Barwasni BO,Sonipat HO,,,,2,,2,,,,,,
,B7816,Apr-26,Bayanpur BO,Sonipat HO,,,1,2,,2,,5,,,,
,G7031,Apr-26,Bega BO,Ganaur SO,,,1,1,,1,,4,,,,
,J8902,Apr-26,Bhagan BO,Engg College Muthal SO,,,2,,,1,,,,,,
,13140901,Apr-26,Bhainswal Kalan SO,,3,,3,21,,8,2,22,,1,1,
,L4461,Apr-26,Bhainswan Khurd BO,Gohana SO,,,4,1,,1,,,,,,
,13102201,Apr-26,Bhatgaon SO Sonipat,,1,,1,3,,7,1,20,,,1,
,C4590,Apr-26,Bhawar BO,Butana SO,,,2,,,1,,,,,,
,A7692,Apr-26,Bichpari BO,Butana SO,,,,,,4,,,,,,
,L4462,Apr-26,Bidhal BO,Gohana SO,,,,1,,,,,,,,
,L4463,Apr-26,Bidhal Pinana BO,Gohana SO,,,4,2,,2,,46,,,,
,J9552,Apr-26,Bidhlan BO,Kharkhauda SO,,,1,,,1,,,,,,
,M0952,Apr-26,Bindroli BO,Rohat SO Sonipat,,,4,1,,4,,,,,,
,L8602,Apr-26,Bohla BO,Juan SO,,,,1,,,,,,,,
,13130101,Apr-26,Bus Stand Gohana SO,,3,1,4,24,,11,8,29,,1,1,
,L6252,Apr-26,Busana BO,Mundlana SO,,,,,,,,1,,,,
,13130201,Apr-26,Butana SO,,,,2,0,,9,,8,,1,,
,M1778,Apr-26,Chhetra Bhahadurpur BO,Nahri SO,,,1,23,,,,3,,,,
,L6253,Apr-26,Chhetra BO,Mundlana SO,,,1,,,1,,,,,,
,L4464,Apr-26,Chhichrana BO,Gohana SO,,,1,4,,4,,5,,,,
,L6254,Apr-26,Chirana BO,Mundlana SO,,,1,1,,1,,,,,,
,D3377,Apr-26,Datauli BO,Ganaur SO,,,2,,,7,,15,,,,
,O0185,Apr-26,Deepalpur BO,Bahalgarh SO,,,5,8,,2,,2,,,,
,B7817,Apr-26,Delhi Road BO,Sonipat HO,,,,,,5,,,,,,
,J8900,Apr-26,Dhanana Ahladpur BO,Baroda SO,,,1,1,,2,,3,,,,
,L6255,Apr-26,Dhurana BO,Mundlana SO,,,1,,,3,,3,,,,
,13103901,Apr-26,Engg College Muthal SO,,1,1,1,2,,4,1,2,,,,
,13140801,Apr-26,Farmana SO,,2,1,2,7,,5,,17,,,9,
,A9413,Apr-26,FAZILPUR,Sonipat HO,,,1,,,1,,4,,,,
,13110101,Apr-26,Ganaur City SO,,,,2,9,,3,,67,,,,
,13110102,Apr-26,Ganaur SO,,2,3,17,17,,28,1,124,,1,10,
,D2364,Apr-26,Ganewari BO,Kanyagurukul Khanpur SO,,,3,1,,1,,,,,,
,D2870,Apr-26,Gangana BO,Butana SO,,,3,,,5,,8,,,,
,13100103,Apr-26,Ganzbazar SO,,1,,,10,,18,,18,,2,4,
,E1659,Apr-26,Garhi Rajlu BO,Ganaur SO,,,4,1,,4,,,,,,
,M1772,Apr-26,Garhi Sisana ED BO,Farmana SO,,,5,1,,6,,,,,,
,E1208,Apr-26,Garhwal BO,Butana SO,,,1,11,,3,,,,,,
,F0052,Apr-26,Ghasauli BO,Ganaur SO,,,2,1,,1,,,,,,
,L6198,Apr-26,Giwana BO,Bhainswal Kalan SO,,,1,,,,,40,,,,
,J9553,Apr-26,GKMatindu BO,Kharkhauda SO,,,1,,,,,26,,,,
,13130102,Apr-26,Gohana Mandi SO,,,,7,18,,5,1,20,,,3,
,13100104,Apr-26,Gohana Road SO Sonipat,,1,,2,8,,6,2,7,,,1,
,13130103,Apr-26,Gohana SO,,18,1,20,76,,71,4,205,,10,30,
,J9554,Apr-26,Gopalpur BO,Kharkhauda SO,,,2,,,1,,5,,,,
,M1773,Apr-26,Gorar BO,Farmana SO,,,1,30,,2,,17,,,,
,M1774,Apr-26,Guhna BO,Farmana SO,,,2,1,,3,,2,,,,
,G7032,Apr-26,Gumar BO,Ganaur SO,,,3,,,3,,,,,,
,M1779,Apr-26,Halalpur BO,Nahri SO,,,,1,,1,,,,,,
,A0936,Apr-26,Harsana Kalan BO,Sonipat HO,,,,,,1,,,,,,
,13100105,Apr-26,HOUSING BOARD COLONY SONIPAT,,3,,9,1,,7,3,22,,,3,
,13102801,Apr-26,Industrial Estate Kundli SO,,2,,3,3,,7,,1,,,,
,L4465,Apr-26,Jagsi BO,Gohana SO,,,4,1,,3,,13,,,,
,E1023,Apr-26,Jainpur BO,Murthal SO,,,8,,,,,,,,,
,13102301,Apr-26,Jakhauli SO,,,,9,,,6,,2,,2,,
,F7688,Apr-26,Janti Kalan BO,Industrial Estate Kundli SO,,,2,12,,,,,,,,
,M1775,Apr-26,Jasrana BO,Farmana SO,,,,,,4,,86,,,,
,L4371,Apr-26,Jatheri BO,PSRai SO,,,,1,,1,,,,,,
,L4466,Apr-26,Jauli BO,Gohana SO,,,6,30,,3,,16,,,,
,L6256,Apr-26,Jawahra BO,Mundlana SO,,,2,1,,,,1,,,,
,M0953,Apr-26,Jharot BO,Rohat SO Sonipat,,,1,,,,,,,,,
,F7982,Apr-26,Jhs Butana BO,Butana SO,,,,12,,2,,,,,,
,M0980,Apr-26,Jhundpur BO,Jakhauli SO,,,1,,,1,,,,,,
,13102401,Apr-26,Juan SO,,,,1,8,,4,,78,,,,
,L8254,Apr-26,Kailana BO,Purkhas SO,,,1,,,2,,,,,,
,F1289,Apr-26,Kakroi BO,Sonipat HO,,,1,1,,1,,,,,,
,M0954,Apr-26,Kanwali BO,Rohat SO Sonipat,,,,5,,1,,,,,,
,13130501,Apr-26,Kanyagurukul Khanpur SO,,,,5,0,,13,,32,,,3,
,L8603,Apr-26,Karewari BO,Juan SO,,,,,,1,,2,,,,
,E0707,Apr-26,Kasandi BO,Kanyagurukul Khanpur SO,,,1,,,2,,,,,,
,L4467,Apr-26,Kathura Block BO,Gohana SO,,,,1,,,,,,,,
,L4468,Apr-26,Kathura BO,Gohana SO,,,2,2,,2,,8,,,,
,L6199,Apr-26,Katwal BO,Bhainswal Kalan SO,,,1,1,,3,,,,,,
,J9555,Apr-26,Khanda BO,Kharkhauda SO,,,4,6,,2,,17,,,,
,L4469,Apr-26,Khandrai BO,Gohana SO,,,4,2,,4,,1,,,,
,E0708,Apr-26,Khanpur Kalan BO,Kanyagurukul Khanpur SO,,,1,,,1,,5,,,,
,13140201,Apr-26,Kharkhauda SO,,12,1,14,17,1,29,5,42,,2,5,
,L4470,Apr-26,Kheri Damkan BO,Gohana SO,,,2,,,2,,,,,,
,D3378,Apr-26,Kheri Gujjar BO,Ganaur SO,,,7,1,,4,,4,,,,
,M1780,Apr-26,Kheri Manajat BO,Nahri SO,,,,,,3,,,,,,
,O0186,Apr-26,Khewra BO,Bahalgarh SO,,,7,,,4,,4,,,,
,D3379,Apr-26,Khizarpur Ahir BO,Ganaur SO,,,1,1,,4,,7,,,,
,E1660,Apr-26,Khubru BO,Ganaur SO,,,4,1,,5,,1,,,,
,G6563,Apr-26,Kohla BO,Butana SO,,,2,6,,1,,,,,,
,E0897,Apr-26,Kundli BO,Industrial Estate Kundli SO,,,1,5,,3,,16,,,,
,J8903,Apr-26,Kurar Brahimpur BO,Engg College Muthal SO,,,,,,1,,,,,,
,J8904,Apr-26,Larsauli BO,Engg College Muthal SO,,,1,,,4,,,,,,
,L4471,Apr-26,Lath BO,Gohana SO,,,,1,,,,,,,,
,C6243,Apr-26,Lehrara BO,Sonipat HO,,,1,2,,4,,,,,,
,L4472,Apr-26,Madina BO,Gohana SO,,,1,,,5,,6,,,,
,L8604,Apr-26,Mahra II BO,Juan SO,,,2,1,,5,,,,,,
,D2683,Apr-26,Malikpur BO,Murthal SO,,,5,,,7,,9,,,,
,M0981,Apr-26,Manauli BO,Jakhauli SO,,,3,,,1,,2,,,,
,M1781,Apr-26,Mandaura BO,Nahri SO,,,3,,,5,,4,,,,
,D4612,Apr-26,Mehlana BO,Sonipat HO,,,,1,,,,,,,,
,L4474,Apr-26,Mehmoodpur BO,Gohana SO,,,,,,,,7,,,,
,13130104,Apr-26,Mini Sectt Gohana,,,,,10,,2,,5,,,,
,13100107,Apr-26,Model Town Sonipat SO,,23,2,13,72,,49,21,142,,5,31,
,F9696,Apr-26,Mohana BO,Sonipat HO,,,,3,,,,1,,,,
,L4475,Apr-26,Moi Hooda BO,Gohana SO,,,,,,1,,,,,,
,L8255,Apr-26,Moi Majri BO,Purkhas SO,,,1,,,1,,2,,,,
,13130601,Apr-26,Mundlana SO,,,,2,1,,14,,18,,6,,
,13102701,Apr-26,Murthal SO,,,,3,2,,2,,32,,,,
,M1782,Apr-26,Nahra BO,Nahri SO,,,2,,,,,11,,,,
,13110301,Apr-26,Nahri SO,,,,3,16,,6,2,33,,3,1,
,M0982,Apr-26,Nangal Kalan BO,Jakhauli SO,,,2,,,1,,,,,,
,L4372,Apr-26,Nathupur BO,PSRai SO,,,2,1,,2,,13,,,,
,L4476,Apr-26,Nayat BO,Gohana SO,,,,41,,3,,2,,,,
,F7983,Apr-26,Nizampur BO,Butana SO,,,4,8,,,,,,,,
,F7984,Apr-26,Nuran Khera BO,Butana SO,,,1,1,,1,,1,,,,
,A8171,Apr-26,Panchi Gujjaran BO,Ganaur SO,,,,28,,5,,,,,,
,L8256,Apr-26,Panchijatan BO,Purkhas SO,,,,,,1,,4,,,,
,J9557,Apr-26,Pehladpur Kiroli BO,Kharkhauda SO,,,2,3,,3,,,,,,
,J9558,Apr-26,Pipli BO,Kharkhauda SO,,,1,16,,1,,,,,,
,J8905,Apr-26,Pipli Khera BO,Engg College Muthal SO,,,,,,1,,2,,,,
,L4373,Apr-26,Pritampura BO,PSRai SO,,,,1,,2,,2,,,,
,13102901,Apr-26,PSRai SO,,1,,8,1,,14,4,16,,,2,
,L8257,Apr-26,Pugthala BO,Purkhas SO,,,,,,,,2,,,,
,13110201,Apr-26,Purkhas SO,,,,7,3,,6,,4,,,,
,O0187,Apr-26,Qumaspur BO,Bahalgarh SO,,,5,,,,,,,,,
,F8472,Apr-26,Rajpur BO,Ganaur SO,,,,,,2,,47,,,,
,13100108,Apr-26,Ram BazarSonipat SO,,12,4,7,12,,4,2,36,,1,4,
,E2929,Apr-26,Rathdhana BO,Sonipat HO,,,,4,,1,,,,,,
,13100109,Apr-26,Rathdhana Road Sonipat SO,,,1,3,7,,5,2,4,,,,
,A9414,Apr-26,RATTANGARH,Sonipat HO,,,3,,,1,,,,,,
,J8901,Apr-26,Rindana BO,Baroda SO,,,2,,,1,,2,,,,
,D4613,Apr-26,Rishikul Vidyapeeth BO,Sonipat HO,,,,,,6,,,,,,
,L6200,Apr-26,Riwara BO,Bhainswal Kalan SO,,,,1,,1,,,,,,
,13140301,Apr-26,Rohat SO Sonipat,,,,1,11,,9,,8,,1,,
,J9559,Apr-26,Rohna BO,Kharkhauda SO,,,1,7,,3,,,,,,
,L8605,Apr-26,Rolad Latifpur BO,Juan SO,,,2,,,3,,,,,,
,L4479,Apr-26,Rukhi BO,Gohana SO,,,,1,,,,2,,,,
,J9560,Apr-26,Saidpur BO,Kharkhauda SO,,,1,11,,,,5,,,,
,L8181,Apr-26,Salimsar Majra BO,Bhatgaon SO Sonipat,,,1,6,,1,,1,,,,
,B7818,Apr-26,Sandal Kalan BO,Sonipat HO,,,,1,,1,,,,,,
,J8906,Apr-26,Sanpera BO,Engg College Muthal SO,,,2,,,3,,2,,,,
,A7184,Apr-26,Saragthal BO,Kanyagurukul Khanpur SO,,,4,2,,2,,11,,,,
,J9561,Apr-26,Sehri BO,Kharkhauda SO,,,,,,3,,4,,,,
,A7376,Apr-26,Sersa BO,Industrial Estate Kundli SO,,,,4,,2,,8,,,,
,D4614,Apr-26,Shapur Turk BO,Sonipat HO,,,2,,,3,,6,,,,
,E1661,Apr-26,Sheikhpura BO,Ganaur SO,,,2,4,,2,,24,,,,
,L4480,Apr-26,Sikenderpur Majra BO,Gohana SO,,,,10,,,,,,,,
,M1776,Apr-26,Silana BO,Farmana SO,,,,,,3,,,,,,
,L8606,Apr-26,Sitawali BO,Juan SO,,,2,1,,4,,7,,,,
,J9562,Apr-26,Sohti BO,Kharkhauda SO,,,1,11,,1,,3,,,,
,13100100,Apr-26,Sonipat HO,,30,6,25,75,,69,8,239,,26,86,
,13100110,Apr-26,Sonipat Kty SO,,,,1,3,,2,1,13,,,,
,13100111,Apr-26,Sonipat Mandi SO,,,,8,13,,9,9,24,,2,2,
,13100112,Apr-26,Sonipat Sector 14 SO,,3,,,4,,7,1,9,,1,4,
,J9563,Apr-26,Thanakalan BO,Kharkhauda SO,,,,17,,,,,,,,
,F9697,Apr-26,Tharuoldepur BO,Sonipat HO,,,3,9,,,,1,,,,
,L8182,Apr-26,Tihar Bagru BO,Bhatgaon SO Sonipat,,,,,,2,,12,,,,
,L4481,Apr-26,Tihar BO,Gohana SO,,,,,,2,,9,,,,
,13320501,Apr-26,Adhoya S.O,,3,4,2,9,,21,2,48,,,2,
,I1895,Apr-26,Adhoyi B.O,Adhoya S.O,,,,,,,,7,,,,
,E6739,Apr-26,Akbarpur B.O,Naraingarh S.O,,,,,,1,,,,,,
,I4674,Apr-26,Alhar B.O,Radaur S.O,,,2,4,,5,,1,,,,
,L4928,Apr-26,Alipur Jahangir B.O,Dhin S.O,,,,,,,,4,,,,
,I3760,Apr-26,Amadalpur B.O,Buriya S.O,,,1,1,,5,,18,,,,
,13400302,Apr-26,Ambala  City Kucthery S.O,,6,3,4,33,,12,24,47,,1,12,
,13400300,Apr-26,Ambala City H.O,,54,5,13,105,,51,25,224,,22,89,
,13300100,Apr-26,Ambala G.P.O.,,106,12,21,81,,105,55,571,,24,169,
,A4738,Apr-26,Ambli B.O,Naraingarh S.O,,,7,6,,9,,5,,,,
,13410501,Apr-26,Amravati  Enclave SO,,4,1,4,12,,11,7,6,,4,12,
,13400303,Apr-26,Anaj Mandi S.O (Ambala),,2,,7,48,,32,11,48,,2,18,
,C3780,Apr-26,Aurangabad B.O,Jagdhari Work Shop S.O,,,4,1,,5,,,,,,
,A7315,Apr-26,Azizpur B.O,Sarawan S.O,,,1,2,,4,,1,,,,
,13330101,Apr-26,B.C.W. Suraj Pur S.O,,1,2,6,5,,12,2,27,,2,,
,13300501,Apr-26,Babyal S.O,,5,,6,11,,21,3,39,,2,11,
,I4675,Apr-26,Bakana B.O,Radaur S.O,,,1,,,2,,11,,,,
,L7175,Apr-26,Bakarwala B.O,Partap Nagar S.O,,,,,,4,,13,,,,
,M6327,Apr-26,Baknaur B.O,Durga Nagar S.O,,,,,,4,,6,,,,
,J7326,Apr-26,Balachaur B.O,Chhachrauli S.O,,,4,,,4,,,,,,
,AP186,Apr-26,Baladwala BO,Raipur Rani S.O,,,1,,,5,,,,,,
,A6103,Apr-26,Balchhapar B.O,Jagadhri S.O,,,2,3,,5,,1,,,,
,13400701,Apr-26,Baldev Nagar S.O,,12,2,7,66,0,37,4,112,,20,19,
,M6328,Apr-26,Ballana B.O,Durga Nagar S.O,,,,1,,,,,,,,
,I4676,Apr-26,Banidi B.O,Radaur S.O,,,5,2,,4,,12,,,,
,I4677,Apr-26,Bapa B.O,Radaur S.O,,,1,,,,,4,,,,
,B3218,Apr-26,Baragaon B.O,Naraingarh S.O,,,1,12,,5,,,,,,
,13320101,Apr-26,Barara S.O,,8,1,11,43,,39,9,143,,12,12,
,B6562,Apr-26,Baraula B.O,Majri S.O,,,,3,,1,,7,,,,
,I4678,Apr-26,Barsan B.O,Radaur S.O,,,,,,,,2,,,,
,13411801,Apr-26,Barwala S.O (Panchkula),,2,6,9,112,,37,2,61,,1,20,
,G9892,Apr-26,Basatianwala B.O,Bilaspur (Yamunanagar) S.O,,,2,2,,2,,4,,,,
,I3638,Apr-26,Basolan B.O,Pinjore S.O,,,1,3,,,,,,,,
,13400304,Apr-26,Bazar Basti Ram S.O,,13,1,2,32,,2,8,76,,7,24,
,J9666,Apr-26,Benaundi B.O,Shahzadpur S.O.,,,,4,,7,,8,,,,
,G3613,Apr-26,Bhadauli B.O,Naraingarh S.O,,,3,2,,4,,2,,,,
,I4679,Apr-26,Bhagu Majra B.O,Radaur S.O,,,2,30,,1,,,,,,
,L4393,Apr-26,Bhambol B.O,Saraswati Nagar S.O,,,3,,1,4,,9,,,,
,M6329,Apr-26,Bhanokheri B.O,Durga Nagar S.O,,,3,6,,1,,2,,,,
,I5065,Apr-26,Bhareli B.O,Barwala S.O (Panchkula),,,1,1,,,,4,,,,
,G3614,Apr-26,Bhareri Kalan B.O,Naraingarh S.O,,,1,1,,5,,3,,,,
,M0017,Apr-26,Bharog B.O,Jatwar S.O,,,,2,,4,,4,,,,
,13500101,Apr-26,Bhatia Nagar S.O,,27,1,3,82,,38,12,157,,8,56,
,A6104,Apr-26,Bherthal B.O,Jagadhri S.O,,,1,1,,5,,4,,,,
,13510601,Apr-26,Bhudkalan S.O,,,,0,5,,4,,5,,1,1,
,E6740,Apr-26,Bhurewala B.O,Naraingarh S.O,,,3,34,,8,,12,,,,
,13310101,Apr-26,Bihta S.O (Ambala),,2,,5,6,,9,1,20,,,4,
,13510201,Apr-26,Bilaspur (Yamunanagar) S.O,,5,,9,64,,38,3,120,,6,12,
,J7327,Apr-26,Bilauli B.O,Chhachrauli S.O,,,3,6,,5,,6,,,,
,I5066,Apr-26,Billa B.O,Barwala S.O (Panchkula),,,2,,,,,1,,,,
,F7637,Apr-26,Binjalpur B.O,Sarawan S.O,,,1,2,,6,,6,,,,
,C4406,Apr-26,Boh B.O,Defence Colony S.O,,,2,5,,6,,5,,,,
,I4680,Apr-26,Bubka B.O,Radaur S.O,,,1,18,,1,,,,,,
,M6330,Apr-26,Budhangpur B.O,Durga Nagar S.O,,,,1,,2,,3,,,,
,13510101,Apr-26,Buriya S.O,,2,,11,38,,32,6,66,,6,8,
,13410401,Apr-26,C.R.P.F. Pinjore S.O,,1,,9,11,,11,6,15,,,,
,G9893,Apr-26,Cagnoli B.O,Bilaspur (Yamunanagar) S.O,,,,1,,2,,,,,,
,I4681,Apr-26,Chamrori B.O,Radaur S.O,,,,,,3,,7,,,,
,13410701,Apr-26,Chandi Mandir Cantt S.O,,13,2,1,9,,6,,5,,,1,
,13410702,Apr-26,Chandi Mandir S.O,,1,1,1,13,,5,,6,,,13,
,G9894,Apr-26,Chauli B.O,Bilaspur (Yamunanagar) S.O,,,7,,,,,1,,,,
,M6331,Apr-26,Chaurmastpur B.O,Durga Nagar S.O,,,4,1,,1,,2,,,,
,13510301,Apr-26,Chhachrauli S.O,,6,1,13,65,,43,14,210,,4,14,
,L4394,Apr-26,Chhappar B.O,Saraswati Nagar S.O,,,1,26,,5,,2,,,,
,I3639,Apr-26,Chiken B.O,Pinjore S.O,,,,,,1,,,,,,
,J7217,Apr-26,Chudiala B.O,Kesri S.O,,,2,3,,2,,3,,,,
,13300102,Apr-26,Commissioner Court S.O,,4,,2,12,,4,7,18,,,1,
,13400305,Apr-26,D.A.V.College S.O,,11,4,2,7,,9,5,49,,2,33,
,G5048,Apr-26,Dadupur B.O,Jagadhri S.O,,,2,6,,,,,,,,
,I3640,Apr-26,Damaloan B.O,Pinjore S.O,,,1,2,,2,,,,,,
,D2044,Apr-26,Damla B.O,Jagdhari Work Shop S.O,,,4,1,,3,,3,,,,
,M6332,Apr-26,Danipur B.O,Durga Nagar S.O,,,1,,,,,,,,,
,J7328,Apr-26,Darpur B.O,Chhachrauli S.O,,,,3,,7,,,,,,
,G9895,Apr-26,Dayalgarh B.O,Bilaspur (Yamunanagar) S.O,,,2,2,,1,,1,,,,
,13301001,Apr-26,Defence Colony S.O,,8,3,2,9,,13,2,19,,2,1,
,L7176,Apr-26,Deodhar B.O,Partap Nagar S.O,,,,2,,3,,15,,,,
,I1907,Apr-26,Derasalimpur B.O,Barara S.O,,,2,3,,1,,5,,,,
,A6320,Apr-26,Devi Nagar B.O,Panchkula Sector 8 S.O,,,,2,,,,,,,,
,M0018,Apr-26,Dhanana B.O,Jatwar S.O,,,1,,,1,,,,,,
,G7187,Apr-26,Dhanaura B.O,Mullana S.O,,,2,10,,8,,3,,,,
,F8558,Apr-26,Dhankaur B.O,Baldev Nagar S.O,,,,1,,1,,,,,,
,13320201,Apr-26,Dhin S.O,,,1,1,22,,13,1,23,,0,3,
,E1759,Apr-26,Dhulkot B.O,Baldev Nagar S.O,,,,,,1,,,,,,
,M6333,Apr-26,Dhurkara B.O,Durga Nagar S.O,,,,1,,,,,,,,
,J7218,Apr-26,Dinarpur B.O,Kesri S.O,,,1,2,,4,,1,,,,
,G7014,Apr-26,Dukheri B.O,Kuldeep Nagar S.O,,,1,2,,7,,2,,,,
,L4929,Apr-26,Duliani B.O,Dhin S.O,,,4,,,5,,10,,1,,
,E1639,Apr-26,Durana B.O,Majri S.O,,,1,,,,,8,,,,
,13400801,Apr-26,Durga Nagar S.O,,6,,6,2,,9,3,22,,,2,
,M0019,Apr-26,Fatehgarh B.O,Jatwar S.O,,,,2,,2,,11,,,,
,C4196,Apr-26,Fatehgarh Tumbi B.O,Sarawan S.O,,,1,2,,5,,2,,,,
,I3761,Apr-26,Fatehpur B.O,Buriya S.O,,,3,4,,4,,2,,,,
,L4395,Apr-26,Gadhaula B.O,Saraswati Nagar S.O,,,1,2,,2,,,,,,
,A4739,Apr-26,Gadhauli B.O,Naraingarh S.O,,,4,1,,16,,4,,,,
,J9667,Apr-26,Ganeshpur B.O,Shahzadpur S.O.,,,,,,6,,3,,,,
,L3938,Apr-26,Garhi Kotaha B.O,Raipur Rani S.O,,,4,2,,4,,6,,,,
,13400702,Apr-26,Geeta Nagri S.O,,5,,6,26,,14,1,40,,6,4,
,D3475,Apr-26,Ghail B.O,Baldev Nagar S.O,,,1,,,,,4,,,,
,I4682,Apr-26,Ghillaur B.O,Radaur S.O,,,2,20,,,,,,,,
,13300103,Apr-26,Gobind Nagar S.O,,16,,,42,,17,15,73,,6,19,
,A8327,Apr-26,Gokal Garh B.O,Mullana S.O,,,,,,1,,,,,,
,L4396,Apr-26,Gudhiana B.O,Saraswati Nagar S.O,,,,,,6,,2,,,,
,I4683,Apr-26,Gumthala Rao B.O,Radaur S.O,,,2,,,1,,,,,,
,13410101,Apr-26,H.M.T.Pinjore S.O,,26,,,10,,10,7,2,,,7,
,E8776,Apr-26,Hafizpur B.O,Jagdhari Work Shop S.O,,,2,4,,4,,4,,,,
,E9253,Apr-26,Haibatpur B.O,Sarawan S.O,,,2,2,,3,,5,,,,
,13500106,Apr-26,Hamida S.O,,,,3,34,,8,1,66,,10,20,
,D0005,Apr-26,Hamidpur B.O,Naraingarh S.O,,,2,5,,10,,2,,,,
,L3939,Apr-26,Hangola B.O,Raipur Rani S.O,,,3,1,,7,,1,,,,
,L4397,Apr-26,Hangoli B.O,Saraswati Nagar S.O,,,3,4,,1,,,,,,
,13300104,Apr-26,Hargolal S.O,,29,,7,94,,23,1,214,,22,44,
,L3940,Apr-26,Haripur B.O,Raipur Rani S.O,,,2,,,,,,,,,
,A6845,Apr-26,Harnaul B.O,Jagdhari Work Shop S.O,,,,1,,1,,,,,,
,I4684,Apr-26,Hartan B.O,Radaur S.O,,,2,24,,,,,,,,
,E9263,Apr-26,Haveli B.O,Sadhaura S.O,,,,1,,4,,27,,,,
,I1908,Apr-26,Holi B.O,Barara S.O,,,,4,,3,,2,,,,
,13410301,Apr-26,I.T.B.P.  Bhanu S.O,,,,,1,,1,,2,,,,
,13300601,Apr-26,Ind estate S.O,,2,2,4,10,,8,4,30,,,7,
,13500301,Apr-26,Jagadhri Court S.O,,5,1,,17,,8,2,12,,,19,
,13500302,Apr-26,Jagadhri S.O,,38,3,18,136,,65,15,204,,21,62,
,13500303,Apr-26,Jagadhri Town S.O,,12,,4,131,,39,7,137,,12,44,
,13500201,Apr-26,Jagdhari Work Shop S.O,,9,,9,58,,23,9,95,,6,12,
,L4398,Apr-26,Jagdholi B.O,Saraswati Nagar S.O,,,2,9,,3,,3,,,,
,I3762,Apr-26,Jaidhari B.O,Buriya S.O,,,4,5,,4,,,,,,
,M6334,Apr-26,Jalbera B.O,Durga Nagar S.O,,,,,,2,,10,,,,
,I5067,Apr-26,Jaloli B.O,Barwala S.O (Panchkula),,,1,2,,,,7,,,,
,13400501,Apr-26,Jandli S.O,,3,,8,8,,14,3,12,,,1,
,M6335,Apr-26,Jansui B.O,Durga Nagar S.O,,,,1,,3,,5,,,,
,I4685,Apr-26,Jathlana B.O,Radaur S.O,,,5,1,,4,,9,,,,
,13420101,Apr-26,Jatwar S.O,,1,6,4,13,0,11,,58,,1,,
,F5103,Apr-26,Jeoli B.O,Naraingarh S.O,,,4,7,,4,,12,,,,
,D1364,Apr-26,Jroda B.O,Jagadhri S.O,,,2,2,,2,,4,,,,
,I4686,Apr-26,Jubbal B.O,Radaur S.O,,,1,3,,1,,15,,,,
,13410801,Apr-26,Judicial Complex Panchkula S.O,,1,1,4,4,,3,,2,,,3,
,13300105,Apr-26,Kacha Bazar S.O,,22,,3,57,,14,1,120,,7,20,
,J9668,Apr-26,Kakarmajra B.O,Shahzadpur S.O.,,,,6,,3,,2,,,,
,E1760,Apr-26,Kakroo B.O,Baldev Nagar S.O,,,,1,,,,,,,,
,L7568,Apr-26,Kalanaur B.O,Thermal Colony Yamuna Nagar S.O,,,2,,,1,,2,,,,
,E1024,Apr-26,Kalarehri B.O,Defence Colony S.O,,,,5,,3,,3,,,,
,L4399,Apr-26,Kalawar B.O,Saraswati Nagar S.O,,,3,8,,3,,1,,,,
,L4336,Apr-26,Kalesar B.O,Bhudkalan S.O,,,2,6,,1,,,,,,
,13330201,Apr-26,Kalka R.S. S.O,,5,,1,17,,11,4,52,,6,9,
,13330202,Apr-26,Kalka S.O,,26,,13,73,,37,16,81,,15,25,
,L4364,Apr-26,Kalpi B.O,Saha S.O,,,1,,,4,,,,,,
,I1896,Apr-26,Kambassi B.O,Adhoya S.O,,,2,,,1,,7,,,,
,L4400,Apr-26,Kandhari Kalan B.O,Saraswati Nagar S.O,,,2,29,,3,,3,,,,
,L3941,Apr-26,Kandiwala B.O,Raipur Rani S.O,,,5,2,,2,,3,,,,
,J9669,Apr-26,Karasan B.O,Shahzadpur S.O.,,,4,,,4,,2,,,,
,I1897,Apr-26,Kaserla Kalan B.O,Adhoya S.O,,,,,,6,,,,,,
,B3219,Apr-26,Kathe Majra B.O,Naraingarh S.O,,,4,11,,6,,3,,,,
,M6336,Apr-26,Kathgarh Chhappar B.O,Durga Nagar S.O,,,2,,,,,,,,,
,L3889,Apr-26,Keshopur Samalkha B.O,Bihta S.O (Ambala),,,,1,,1,,4,,,,
,13310201,Apr-26,Kesri S.O,,1,,3,10,,11,,8,,,2,
,I3763,Apr-26,Khadri B.O,Buriya S.O,,,3,3,,3,,4,,,,
,J7219,Apr-26,Khanpur B.O,Kesri S.O,,,,1,,1,,6,,,,
,M0020,Apr-26,Khanpur Brahmana B.O,Jatwar S.O,,,4,4,,,,,,,,
,A5884,Apr-26,Kharanwali B.O,Kalka S.O,,,3,,,,,,,,,
,A6105,Apr-26,Kharwan B.O,Jagadhri S.O,,,2,5,,1,,8,,,,
,I5068,Apr-26,Khatauli B.O,Barwala S.O (Panchkula),,,,,,,,4,,,,
,B4561,Apr-26,Khera B.O,Jagadhri S.O,,,2,,,2,,,,,,
,L7569,Apr-26,Khera Khurd B.O,Thermal Colony Yamuna Nagar S.O,,,,3,,2,,,,,,
,L3942,Apr-26,Khetpurali B.O,Raipur Rani S.O,,,,,,1,,2,,,,
,L4365,Apr-26,Khudda Kalan B.O,Saha S.O,,,2,4,,4,,8,,,,
,I4687,Apr-26,Khurdban B.O,Radaur S.O,,,4,,,6,,17,,,,
,G9896,Apr-26,Kopal Mochan B.O,Bilaspur (Yamunanagar) S.O,,,,2,,3,,1,,,,
,J9670,Apr-26,Korwakhurd B.O,Shahzadpur S.O.,,,1,,,5,,3,,,,
,I5069,Apr-26,Kot B.O,Barwala S.O (Panchkula),,,1,2,,,,2,,,,
,J7329,Apr-26,Kot Kalsia B.O,Chhachrauli S.O,,,2,18,,3,,3,,,,
,13300401,Apr-26,Kuldeep Nagar S.O,,,,2,4,,5,,15,,,,
,F5104,Apr-26,Kurali B.O,Naraingarh S.O,,,2,2,,7,,8,,,,
,F5105,Apr-26,Laha B.O,Naraingarh S.O,,,2,11,,2,,1,,,,
,F7642,Apr-26,Laharpur B.O,Sadhaura S.O,,,1,1,1,6,,4,,,,
,B3220,Apr-26,Lakhnaura B.O,Naraingarh S.O,,,8,1,,9,,4,,,,
,J7330,Apr-26,Lalheri Kalan B.O,Chhachrauli S.O,,,,,,,,15,,,,
,C1670,Apr-26,Lalpur B.O,Naraingarh S.O,,,3,6,,6,,5,,,,
,J7220,Apr-26,Landa B.O,Kesri S.O,,,,1,,,,,,,,
,J7331,Apr-26,Ledi B.O,Chhachrauli S.O,,,4,2,,2,,1,,,,
,AM125,Apr-26,Lohgarh B.O,Baldev Nagar S.O,,,,,,,,1,,,,
,13320701,Apr-26,M.M.E.Complex Mulana S.O,,2,,1,3,,6,,2,,,,
,G9897,Apr-26,Machrauli B.O,Bilaspur (Yamunanagar) S.O,,,2,2,,2,,,,,,
,13300107,Apr-26,Mahesh Nagar S.O,,16,1,,24,,13,8,100,,4,22,
,13300801,Apr-26,Majri S.O,,,1,0,0,,6,,5,,,,
,L4337,Apr-26,Malikpur Khadar B.O,Bhudkalan S.O,,,1,,,3,,2,,,,
,I3641,Apr-26,Mallah B.O,Pinjore S.O,,,1,,,,,,,,,
,L3943,Apr-26,Manak  Tabra B.O,Raipur Rani S.O,,,1,1,,1,,,,,,
,L3886,Apr-26,Mandhana B.O,Morni S.O,,,1,3,,,,,,,,
,I4688,Apr-26,Mandhar B.O,Radaur S.O,,,2,,,1,,,,,,
,B4562,Apr-26,Mandhar B.O,Jagadhri S.O,,,1,8,,,,1,,,,
,G9899,Apr-26,Manglore B.O,Bilaspur (Yamunanagar) S.O,,,1,2,,3,,4,,,,
,L4930,Apr-26,Manka Manki B.O,Dhin S.O,,,1,,,,,1,,,,
,13411401,Apr-26,Mansa  Devi Sec 5 S.O,,8,1,1,1,,5,2,4,,1,2,
,I1898,Apr-26,Manu Majra B.O,Adhoya S.O,,,1,9,,1,,1,,,,
,B6563,Apr-26,Mardon Sahib B.O,Majri S.O,,,,,,,,1,,,,
,G9900,Apr-26,Marwa Kalan B.O,Bilaspur (Yamunanagar) S.O,,,3,,,2,,5,,,,
,G9901,Apr-26,Marwa Khurd B.O,Bilaspur (Yamunanagar) S.O,,,,9,,7,,6,,,,
,M6337,Apr-26,MATHERI SEIKHAN,Durga Nagar S.O,,,3,1,,9,,2,,,,
,I5070,Apr-26,Mauli B.O,Barwala S.O (Panchkula),,,4,,,1,,,,,,
,I3764,Apr-26,Mehar Majra B.O,Buriya S.O,,,3,15,,,,1,,,,
,C3070,Apr-26,Mehlanwali B.O,Jagadhri S.O,,,2,1,,1,,2,,,,
,D2499,Apr-26,Mehmoodpur B.O,Sadhaura S.O,,,2,,,2,,3,,,,
,L4366,Apr-26,Mehmoodpur B.O,Saha S.O,,,3,,,4,,10,,,,
,G9898,Apr-26,Milakpur Banger B.O,Bilaspur (Yamunanagar) S.O,,,3,,,5,,1,,,,
,13400306,Apr-26,Model Town Ambala City S.O,,9,3,4,27,,13,8,44,,2,15,
,13500103,Apr-26,Model Town S.O (Yamuna Nagar),,10,,,51,,11,4,52,,15,29,
,C5002,Apr-26,Mohra B.O,Kuldeep Nagar S.O,,,2,1,,3,,2,,,,
,13420501,Apr-26,Morni S.O,,,,2,20,,12,1,20,,,3,
,13500104,Apr-26,Mud Hut Colony S.O,,4,1,8,15,,37,5,45,,11,13,
,13320302,Apr-26,Mullana S.O,,,,4,14,,28,,149,,10,20,
,B4563,Apr-26,Mussimbal B.O,Jagadhri S.O,,,1,,,2,,4,,,,
,L7177,Apr-26,Muzafatkalan B.O,Partap Nagar S.O,,,2,,,3,,5,,,,
,I4689,Apr-26,Nachron B.O,Radaur S.O,,,1,1,,,,,,,,
,M6338,Apr-26,NAGGAL,Durga Nagar S.O,,,2,4,,2,,11,,,,
,J7221,Apr-26,Nagla Jattan B.O,Kesri S.O,,,1,1,,8,,6,,,,
,L7571,Apr-26,Nahar Pur B.O,Thermal Colony Yamuna Nagar S.O,,,1,,,,,4,,,,
,L4367,Apr-26,Nahoni B.O,Saha S.O,,,,,,7,,6,,,,
,I3642,Apr-26,Nanakpur B.O,Pinjore S.O,,,5,3,,1,,2,,,,
,M6339,Apr-26,NANEOLA,Durga Nagar S.O,,,9,4,,3,,10,,,,
,13420301,Apr-26,Naraingarh S.O,,14,2,16,173,,57,3,220,,17,39,
,M0021,Apr-26,Nasrauli B.O,Jatwar S.O,,,1,2,,2,,8,,,,
,D2500,Apr-26,Noshera B.O,Sadhaura S.O,,,,53,,4,,2,,,,
,C3071,Apr-26,Pabni Kalan B.O,Jagadhri S.O,,,,3,,1,,1,,,,
,13300108,Apr-26,Palam Vihar S.O (Ambala),,4,1,1,6,,15,4,26,,1,8,
,13411201,Apr-26,Panchkula Sector 12 S.O,,10,1,5,11,,6,5,9,,3,10,
,13411202,Apr-26,Panchkula Sector 4 S.O,,27,,3,53,1,28,7,45,,1,41,
,13410901,Apr-26,Panchkula Sector 8 S.O,,45,6,10,86,,30,20,110,,9,91,
,A4740,Apr-26,Panjlasa B.O,Naraingarh S.O,,,2,2,,2,,1,,,,
,G7114,Apr-26,Panjokhara Sahib B.O,Baldev Nagar S.O,,,1,2,1,5,,4,,,,
,L7572,Apr-26,Pansra B.O,Thermal Colony Yamuna Nagar S.O,,,2,2,,8,,,,,,
,13500304,Apr-26,Parkash Chowk S.O,,1,1,,3,,9,,15,,1,1,
,13502101,Apr-26,Partap Nagar S.O,,1,,5,14,,14,1,29,,2,1,
,J7222,Apr-26,Pasiala B.O,Kesri S.O,,,2,,,1,,2,,,,
,J9671,Apr-26,Pathreri B.O,Shahzadpur S.O.,,,1,,,,,8,,,,
,M0022,Apr-26,Patwi B.O,Jatwar S.O,,,1,3,,,,,,,,
,L4368,Apr-26,Pilkhani B.O,Saha S.O,,,3,,,4,,2,,,,
,13410201,Apr-26,Pinjore S.O,,11,,4,49,,22,13,60,,3,25,
,L4338,Apr-26,Pipli Majra B.O,Bhudkalan S.O,,,,3,,2,,,,,,
,A7323,Apr-26,Pipliwala B.O,Sadhaura S.O,,,,62,,1,,20,,,,
,13400308,Apr-26,Preet Nagar S.O (Ambala),,5,,,1,,4,2,12,,,2,
,13400309,Apr-26,Prem Nagar S.O (Ambala),,9,1,1,37,,8,15,105,,1,41,
,13300109,Apr-26,Punjabi Mohalla S.O,,4,2,2,1,,4,6,18,,1,6,
,13513301,Apr-26,Radaur S.O,,2,2,9,64,,39,7,60,,6,15,
,B4769,Apr-26,Railly B.O,Panchkula Sector 8 S.O,,,1,3,,1,,,,,,
,13400310,Apr-26,Railway Road Ambala City S.O,,7,,3,40,,17,7,83,,2,14,
,13420401,Apr-26,Raipur Rani S.O,,5,1,12,44,,26,4,41,,8,5,
,I5071,Apr-26,Raiwali B.O,Barwala S.O (Panchkula),,,3,4,,5,,3,,,,
,I1909,Apr-26,Rajo Kheri B.O,Barara S.O,,,2,3,,9,,7,,,,
,I1910,Apr-26,Rajouli B.O,Barara S.O,,,2,,,5,,4,,,,
,13500105,Apr-26,Ram Pura Olony S.O,,12,1,4,37,,8,6,111,,28,15,
,I5072,Apr-26,Ramgarh B.O,Barwala S.O (Panchkula),,,4,5,,8,,4,,,,
,I3765,Apr-26,Rampur Khadar B.O,Buriya S.O,,,2,3,,3,,2,,,,
,F7643,Apr-26,Rasulpur B.O,Sadhaura S.O,,,1,,,2,,5,,,,
,I5073,Apr-26,Rattewali B.O,Barwala S.O (Panchkula),,,3,1,,,,4,,,,
,I3766,Apr-26,Sabapur B.O,Buriya S.O,,,1,5,,4,,1,,,,
,13300110,Apr-26,Sadar Bazar S.O (Ambala),,26,2,14,65,,37,25,217,,11,60,
,13320401,Apr-26,Sadhaura S.O,,8,1,14,41,0,21,1,68,,2,4,
,B5747,Apr-26,Safilpur B.O,Sadhaura S.O,,,2,3,,2,,2,,,,
,13310401,Apr-26,Saha S.O,,,,5,14,,16,1,40,,1,4,
,E9254,Apr-26,Sahela B.O,Sarawan S.O,,,,,,2,,2,,,,
,C4202,Apr-26,Salehpur B.O,Sadhaura S.O,,,,6,,,,,,,,
,J7332,Apr-26,Salimpur Banger B.O,Chhachrauli S.O,,,,2,,1,,7,,,,
,L4931,Apr-26,Saran B.O,Dhin S.O,,,3,1,,5,,12,,,,
,13310301,Apr-26,Saraswati Nagar S.O,,15,1,17,60,0,42,7,77,,7,5,
,13320601,Apr-26,Sarawan S.O,,1,3,4,16,,18,1,24,,1,,
,E0832,Apr-26,Sardaheri B.O,Sarawan S.O,,,,2,,7,,6,,,,
,D2684,Apr-26,Sarsehri B.O,Babyal S.O,,,4,,,3,,,,,,
,M6340,Apr-26,SAUNTA,Durga Nagar S.O,,,2,1,,1,,3,,,,
,13411302,Apr-26,Sector 15 Panchkula S.O,,37,,19,130,,44,17,117,,16,56,
,13411701,Apr-26,Sector 20 Panchkula S.O,,6,1,4,23,,12,12,27,,2,21,
,13411601,Apr-26,Sector 26 Panchkula S.O,,2,1,7,10,,7,10,8,,,2,
,M6341,Apr-26,SEGTI,Durga Nagar S.O,,,,2,,2,,1,,,,
,I1899,Apr-26,Sewan Majra B.O,Adhoya S.O,,,,2,,3,,7,,,,
,L7573,Apr-26,Shadi Pur B.O,Thermal Colony Yamuna Nagar S.O,,,,,,1,,,,,,
,F8449,Apr-26,Shah Pur B.O,Kuldeep Nagar S.O,,,2,2,,11,,10,,,,
,G6217,Apr-26,Shahpur Nurd B.O,Sarawan S.O,,,3,2,,6,,,,,,
,13420201,Apr-26,Shahzadpur S.O.,,2,,7,70,,31,4,47,,2,13,
,D2489,Apr-26,Sherpur Sulkhani B.O,Sarawan S.O,,,1,,,1,,3,,,,
,I4690,Apr-26,Silikalan B.O,Radaur S.O,,,1,2,,1,,7,,,,
,E1837,Apr-26,Sohana B.O,Mullana S.O,,,5,,,7,,2,,,,
,I1911,Apr-26,Sohata B.O,Barara S.O,,,1,,,3,,8,,,,
,13400311,Apr-26,Subzi  Mandi S.O,,11,,4,35,,15,1,72,,4,23,
,G5269,Apr-26,Suketri B.O,Panchkula Sector 8 S.O,,,1,3,,1,,,,,,
,J7333,Apr-26,Taharpurkalan B.O,Chhachrauli S.O,,,2,,,2,,,,,,
,L4339,Apr-26,Tajewala B.O,Bhudkalan S.O,,,5,1,,5,,4,,,,
,L4401,Apr-26,Talakaur B.O,Saraswati Nagar S.O,,,3,4,,9,,12,,,,
,I1912,Apr-26,Tandwal B.O,Barara S.O,,,1,,,4,,6,,,,
,L4370,Apr-26,Tepla B.O,Saha S.O,,,,2,,1,,,,,,
,E1838,Apr-26,Thakar Pura B.O,Mullana S.O,,,,10,,5,,,,,,
,C5003,Apr-26,Tharwa B.O,Majri S.O,,,,1,,,,3,,,,
,13500401,Apr-26,Thermal Colony Yamuna Nagar S.O,,,,5,0,,4,,1,,,,
,I1900,Apr-26,Thumber B.O,Adhoya S.O,,,,,,,,2,,,,
,L3888,Apr-26,Tikkar B.O,Morni S.O,,,1,3,,,,,,,,
,M0023,Apr-26,Toda B.O,Jatwar S.O,,,,3,1,2,,4,,,,
,13300111,Apr-26,Top Khana Bazar S.O,,10,,5,31,,18,3,49,,2,1,
,I4691,Apr-26,Topra Kalan B.O,Radaur S.O,,,1,1,,2,,2,,,,
,M6342,Apr-26,UDAIPUR,Durga Nagar S.O,,,1,1,,3,,4,,,,
,D1365,Apr-26,Udhamgarh B.O,Jagadhri S.O,,,,4,,2,,5,,,,
,I1901,Apr-26,Ugala B.O,Adhoya S.O,,,1,3,,4,,2,,,,
,L4402,Apr-26,Uncha Chandna B.O,Saraswati Nagar S.O,,,,,,4,,2,,,,
,13500100,Apr-26,Yamunanagar H.O,,64,9,51,221,,119,55,429,,44,124,
,A7316,Apr-26,Zaffarpur B.O,Sarawan S.O,,,,1,,1,,1,,,,
,12730701,Apr-26,Achina SO,,2,1,2,1,,3,,28,,1,1,
,J3462,Apr-26,Ajitpura BO,Manheru SO,,,1,1,,,,1,,,,
,J7241,Apr-26,Akbarpur BO,Nangal Chaudhry SO,,,,19,,,,3,,,,
,J2213,Apr-26,Akoda BO,Mohindergarh SO,,,,,,1,,,,,,
,F8278,Apr-26,Arya Nagar BO,Badhara SO,,,1,,,1,,,,,,
,H9247,Apr-26,Atela Khurd BO,Birhi Kalan SO,,,6,1,,1,,5,,,,
,H3219,Apr-26,Aun BO,Jhojhu SO,,,1,,,1,,,,,,
,D8690,Apr-26,Aun BO,Baund SO,,,1,2,,2,,1,,,,
,F4595,Apr-26,Azamabad Mukhota BO,Narnaul HO,,,,6,,,,,,,,
,L9936,Apr-26,Bachhod BO,Mandi Ateli SO,,,1,,,2,,8,,,,
,G2046,Apr-26,Badesera BO,Tigrana SO,,,1,,,,,,,,,
,12730801,Apr-26,Badhara SO,,5,,5,31,,7,3,7,,,3,
,H3220,Apr-26,Badhawana BO,Jhojhu SO,,,2,,,1,,1,,,,
,G6832,Apr-26,Badrai BO,Nihalgard PO,,,,1,,,,3,,,,
,G6902,Apr-26,Baghot BO,Kanina SO,,,1,,,2,,,,,,
,F6455,Apr-26,Bairawas BO,Nangal Sirohi SO,,,1,2,,2,,9,,,,
,F0143,Apr-26,Bajina BO,Bapora SO,,,2,,,,,,,,,
,L4326,Apr-26,Baliali BO,Bawani Khera SO,,,1,2,,11,,1,,,,
,12711101,Apr-26,Bapora SO,,19,2,11,12,,19,,30,,,1,
,H0360,Apr-26,Barda BO,Satnali SO,,,,,,2,,3,,,,
,L4375,Apr-26,Bardu Chaina BO,Loharu SO,,,,,,2,,1,,,,
,G3093,Apr-26,Barkoda BO,Narnaul HO,,,,8,,,,,,,,
,H9249,Apr-26,Barsana BO,Birhi Kalan SO,,,1,1,,2,,4,,,,
,12704501,Apr-26,Barwa SO,,,,17,31,,11,,23,,1,,
,L4376,Apr-26,Barwas BO,Loharu SO,,,,,,,,10,,,,
,J2214,Apr-26,Basai BO,Mohindergarh SO,,,,1,,,,,,,,
,C1131,Apr-26,Bashirpur BO,Narnaul HO,,,1,1,,1,,1,,,,
,12702501,Apr-26,Baund SO,,5,1,9,13,,11,3,33,,,2,
,J2215,Apr-26,Bawana BO,Mohindergarh SO,,,1,2,,4,,3,,,,
,12703201,Apr-26,Bawani Khera SO,,2,2,7,43,,36,11,58,,3,11,
,12303401,Apr-26,Bawania SO,,6,,3,32,,8,1,17,,1,4,
,L9938,Apr-26,Behali BO,Mandi Ateli SO,,,1,1,,,,,,,,
,12702801,Apr-26,Behl SO,,1,,7,15,,7,,18,,4,,
,J2216,Apr-26,Beri BO,Mohindergarh SO,,,,,,,,1,,,,
,F8279,Apr-26,Berla BO,Nihalgard PO,,,1,1,,1,,,,,,
,L9939,Apr-26,Bewal BO,Mandi Ateli SO,,,1,,,1,,1,,,,
,A7531,Apr-26,Bhagesari BO,Achina SO,,,,1,,2,,,,,,
,C4405,Apr-26,Bhagwi BO,Achina SO,,,1,2,,1,,,,,,
,E9937,Apr-26,Bharaf BO,Kanina SO,,,,,,,,1,,,,
,N9285,Apr-26,Bhariwas BO,Rodhan SO,,,,,,,,3,,,,
,N9286,Apr-26,Bhera BO,Rodhan SO,,,2,1,,2,,2,,,,
,12702100,Apr-26,Bhiwani HO,,49,6,34,220,,124,25,632,,22,82,
,L9941,Apr-26,Bhocharia BO,Mandi Ateli SO,,,1,1,,2,,2,,,,
,I2952,Apr-26,Bhojawas BO,Bawania SO,,,,1,,2,,,,,,
,I2953,Apr-26,Bhucholi BO,Bawania SO,,,1,1,,1,,6,,,,
,J7243,Apr-26,Bhungerka BO,Nangal Chaudhry SO,,,,,,,,21,,,,
,G4111,Apr-26,Bhurtana BO,Jamalpur SO Bhiwani,,,2,,,1,,,,,,
,N9287,Apr-26,Bhushan BO,Rodhan SO,,,4,,,1,,,,,,
,C9447,Apr-26,Bhushan Kalan BO,Narnaul HO,,,1,3,,3,,2,,,,
,J2201,Apr-26,Bidhwan BO,Siwani SO,,,4,,,1,,4,,,,
,E1022,Apr-26,Bigowa BO,Achina SO,,,1,,,3,,27,,,,
,G7110,Apr-26,Biran BO,Bapora SO,,,2,,,1,,2,,,,
,12702601,Apr-26,Birhi Kalan SO,,2,2,4,7,,4,,5,,,,
,12702101,Apr-26,Birla Colony Bhiwani SO,,,1,5,18,,18,3,14,,2,1,
,L4377,Apr-26,Bisalwas BO,Loharu SO,,,1,,,2,,1,,,,
,12702102,Apr-26,Bseh Bhiwani SO,,,,4,1,,4,,,,,,
,J2217,Apr-26,Buddin BO,Mohindergarh SO,,,,1,,,,,,,,
,J7244,Apr-26,Budhwal BO,Nangal Chaudhry SO,,,1,,,,,,,,,
,12702103,Apr-26,Bus Stand Bhiwani SO,,,1,3,22,,8,,23,,,2,
,12303101,Apr-26,Central University Haryana Mohindergarh SO,,,1,3,4,,3,,,,,,
,L4380,Apr-26,Chahar Khurd BO,Loharu SO,,,1,,,3,,1,,,,
,F3604,Apr-26,Chandawas BO,Kairu SO,,,1,1,,,,,,,,
,H3221,Apr-26,Chandeni BO,Jhojhu SO,,,1,3,,5,,1,,,,
,C4847,Apr-26,Chandwas BO,Nihalgard PO,,,2,3,,2,,3,,,,
,C4009,Apr-26,Chang Road BO,Chiriya SO,,,,,,1,,3,,,,
,12702701,Apr-26,Chang SO,,2,,7,10,,17,,40,,1,,
,H9250,Apr-26,Chappar BO,Birhi Kalan SO,,,1,,,2,,1,,,,
,12730601,Apr-26,Charkhi  Dadri Hsgii SO,,27,4,15,128,,60,12,95,,6,33,
,B2732,Apr-26,Charkhi BO,Charkhi  Dadri Hsgii SO,,,,,,2,,3,,,,
,12730602,Apr-26,Charkhi Dadri City SO,,9,,8,114,,49,2,72,,1,14,
,F4596,Apr-26,Chillro BO,Narnaul HO,,,1,,,,,20,,,,
,12702201,Apr-26,Chiriya SO,,,3,6,2,,12,,15,,,1,
,D3242,Apr-26,Chitrauli BO,Kanina SO,,,1,,,,,,,,,
,E0830,Apr-26,Dadam BO,Tosham SO,,,,,,8,,1,,,,
,E9884,Apr-26,Dagroli BO,Nihalgard PO,,,3,4,,2,,,,,,
,H0361,Apr-26,Dalanwas BO,Satnali SO,,,1,,,,,,,,,
,F8280,Apr-26,Dalawas BO,Badhara SO,,,,,,1,,1,,,,
,D3474,Apr-26,Dang BO,Bapora SO,,,2,,,1,,,,,,
,D1373,Apr-26,Daroli Ahir BO,Nangal Sirohi SO,,,1,,,1,,2,,,,
,C4192,Apr-26,Daryapur BO,Tosham SO,,,1,1,,1,,,,,,
,C0229,Apr-26,Devrala BO,Kairu SO,,,4,1,,3,,,,,,
,B6663,Apr-26,Devsar BO,Bapora SO,,,5,,,7,,,,,,
,I2954,Apr-26,Dewas BO,Bawania SO,,,3,2,,5,,11,,,,
,J3500,Apr-26,Dhabdhani BO,Jui Khurd SO,,,,2,,2,,2,,,,
,H3222,Apr-26,Dhadhi Adampur BO,Jhojhu SO,,,1,,,,,,,,,
,A4270,Apr-26,Dhadhi Mandola BO,Charkhi  Dadri Hsgii SO,,,1,,,1,,1,,,,
,J2219,Apr-26,Dhadhot BO,Mohindergarh SO,,,,,,,,1,,,,
,I2955,Apr-26,Dhana BO,Bawania SO,,,2,1,,1,,4,,,,
,E1757,Apr-26,Dhana Ladan Pur BO,Neemariwali PO,,,3,,,2,,5,,,,
,D3243,Apr-26,Dhanaunda BO,Kanina SO,,,6,1,,,,2,,,,
,B5738,Apr-26,Dhani Mahu BO,Tosham SO,,,5,,,1,,,,,,
,J2202,Apr-26,Dhani Miran BO,Siwani SO,,,,,,2,,,,,,
,C1168,Apr-26,Dhani Phogat BO,Charkhi  Dadri Hsgii SO,,,,,,,,1,,,,
,A4231,Apr-26,Dhanota BO,Narnaul HO,,,2,,,,,,,,,
,J3463,Apr-26,Dhareru BO,Manheru SO,,,,,,1,,,,,,
,F4597,Apr-26,Dharson BO,Narnaul HO,,,2,21,,1,,,,,,
,G7111,Apr-26,Dhirana BO,Neemariwali PO,,,,,,1,,,,,,
,J7245,Apr-26,Dholera BO,Nangal Chaudhry SO,,,,,,3,,2,,,,
,E6243,Apr-26,Dhor Kalan BO,Narnaul HO,,,1,,,3,,2,,,,
,H0362,Apr-26,Digrota BO,Satnali SO,,,1,,,1,,,,,,
,E1758,Apr-26,Dinod BO,Bapora SO,,,2,,,3,,3,,,,
,G3094,Apr-26,Dochana BO,Narnaul HO,,,2,2,,1,,,,,,
,H9251,Apr-26,Dohka Harya BO,Birhi Kalan SO,,,3,,,2,,,,,,
,L9942,Apr-26,Dongra Ahir BO,Mandi Ateli SO,,,3,,,4,,10,,,,
,G3095,Apr-26,Dublana BO,Narnaul HO,,,1,7,,1,,1,,,,
,B5570,Apr-26,Dudhwa BO,Chiriya SO,,,2,,,8,,8,,,,
,J2220,Apr-26,Dulana BO,Mohindergarh SO,,,,3,,,,1,,,,
,L9943,Apr-26,Dulat Jat BO,Mandi Ateli SO,,,,16,,2,,,,,,
,B5739,Apr-26,Dulheri BO,Tosham SO,,,2,2,,1,,8,,,,
,L4328,Apr-26,Durjanpur BO,Bawani Khera SO,,,1,9,,,,,,,,
,J3464,Apr-26,Fatehgarh Haryana BO,Manheru SO,,,4,,,1,,2,,,,
,J2203,Apr-26,Gainadawas BO,Siwani SO,,,1,,,2,,,,,,
,L9944,Apr-26,Ganiar BO,Mandi Ateli SO,,,,4,,2,,1,,,,
,G6216,Apr-26,Garanpura Kalan BO,Tosham SO,,,7,1,,2,,,,,,
,L9945,Apr-26,Garhi BO,Mandi Ateli SO,,,,,,,,1,,,,
,J2204,Apr-26,Ghanghala BO,Siwani SO,,,3,,,,,,,,,
,G3118,Apr-26,Ghasola BO,Charkhi  Dadri Hsgii SO,,,3,7,,,,,,,,
,L4384,Apr-26,Gignow BO,Loharu SO,,,1,6,,,,,,,,
,L9946,Apr-26,Gokalpur BO,Mandi Ateli SO,,,1,2,,1,,3,,,,
,J3501,Apr-26,Golagarh BO,Jui Khurd SO,,,2,,,1,,,,,,
,J7246,Apr-26,Golwa BO,Nangal Chaudhry SO,,,1,10,,1,,40,,,,
,A7954,Apr-26,Gopi BO,Badhara SO,,,,,,,,1,,,,
,H3223,Apr-26,Gudana Kalan BO,Jhojhu SO,,,,,,1,,1,,,,
,L9947,Apr-26,Gujarwas BO,Mandi Ateli SO,,,,1,,1,,,,,,
,A3298,Apr-26,Gujrani BO,Tigrana SO,,,4,,,,,,,,,
,J2205,Apr-26,Gurera BO,Siwani SO,,,2,1,,,,,,,,
,E9938,Apr-26,Gurha BO,Kanina SO,,,,,,6,,5,,,,
,12702104,Apr-26,Halu Bajar Bhiwani SO,,8,2,10,95,,27,8,193,,6,10,
,G7112,Apr-26,Haluwas BO,Neemariwali PO,,,3,7,,2,,6,,,,
,C9448,Apr-26,Hamidpur BO,Narnaul HO,,,,,,1,,1,,,,
,A7955,Apr-26,Harodi BO,Nihalgard PO,,,2,,,2,,1,,,,
,D6983,Apr-26,Hetampura BO,Kairu SO,,,,1,,1,,1,,,,
,F4598,Apr-26,Hudina BO,Narnaul HO,,,2,5,,5,,13,,,,
,C9481,Apr-26,Imlota BO,Charkhi  Dadri Hsgii SO,,,2,3,,1,,1,,,,
,N9288,Apr-26,Isharwal BO,Rodhan SO,,,2,,,,,,,,,
,12702105,Apr-26,Jalan Hospital Bhiwani SO,,4,,8,24,,11,2,52,,,2,
,12703501,Apr-26,Jamalpur SO Bhiwani,Jamalpur SO Bhiwani,,1,6,7,,14,,3,,1,5,
,12730603,Apr-26,Janta College Charkhi Dadri SO,,14,6,,94,,30,6,71,,2,7,
,H0363,Apr-26,Jarwa BO,Satnali SO,,,2,,,1,,,,,,
,J7454,Apr-26,Jatai BO,Mundhal Khurd SO,,,2,,,,,,,,,
,H3224,Apr-26,Jawa BO,Jhojhu SO,,,2,7,,4,,3,,,,
,F8281,Apr-26,Jewali BO,Nihalgard PO,,,1,1,,,,,,,,
,I2956,Apr-26,Jhagroli BO,Bawania SO,,,,2,,2,,3,,,,
,L4385,Apr-26,Jhanjra Sheoran BO,Loharu SO,,,1,2,,,,,,,,
,F7828,Apr-26,Jhijhar BO,Achina SO,,,1,,,1,,,,,,
,12731001,Apr-26,Jhojhu SO,,11,,2,28,,11,1,53,,1,10,
,J2222,Apr-26,Jhook BO,Mohindergarh SO,,,1,,,,,,,,,
,N9289,Apr-26,Jhully BO,Rodhan SO,,,1,,,,,,,,,
,12703001,Apr-26,Jui Khurd SO,,,2,5,24,,10,,28,,,1,
,D3181,Apr-26,Kadma BO,Nihalgard PO,,,1,2,,,,,,,,
,J3465,Apr-26,Kaila BO,Manheru SO,,,2,5,,1,,,,,,
,12702901,Apr-26,Kairu SO,,1,,9,4,,8,,4,,,1,
,C4905,Apr-26,Kakrola BO,Kanina SO,,,1,,,1,,1,,,,
,G6833,Apr-26,Kakroli Sardara BO,Badhara SO,,,1,2,,,,1,,,,
,J7390,Apr-26,Kalinga BO,Kharak Kalan SO,,,11,1,,1,,,,,,
,J2207,Apr-26,Kalod BO,Siwani SO,,,1,1,,1,,1,,,,
,B2733,Apr-26,Kalyana BO,Charkhi  Dadri Hsgii SO,,,6,1,,3,,,,,,
,E6244,Apr-26,Kamania BO,Narnaul HO,,,,7,,,,,,,,
,A8023,Apr-26,Kanina Mandi BO,Kanina SO,,,,,,,,3,,,,
,12302701,Apr-26,Kanina SO,,9,1,9,183,,71,10,148,,12,19,
,L9948,Apr-26,Kanti BO,Mandi Ateli SO,,,1,,,2,,,,,,
,L9949,Apr-26,Kanti Kheri BO,Mandi Ateli SO,,,,1,,,,1,,,,
,F4599,Apr-26,Kanwi BO,Narnaul HO,,,,10,,,,1,,,,
,F8282,Apr-26,Kari Dharani BO,Badhara SO,,,,3,,,,1,,,,
,G6834,Apr-26,Kario Baniawalij BO,Badhara SO,,,1,,,,,1,,,,
,B2700,Apr-26,Karota BO,Narnaul HO,,,2,4,,1,,,,,,
,J3466,Apr-26,Kaunt BO,Manheru SO,,,3,,,,,,,,,
,A7314,Apr-26,Khanak BO,Tosham SO,,,5,1,,,,,,,,
,12711401,Apr-26,Kharak Kalan SO,,3,3,8,8,,12,1,29,,,3,
,L4386,Apr-26,Kharkari BO,Loharu SO,,,,,,2,,1,,,,
,C4193,Apr-26,Kharkhari Sohan BO,Tosham SO,,,1,,,2,,1,,,,
,J2208,Apr-26,Khera BO,Siwani SO,,,2,2,,3,,,,,,
,E1552,Apr-26,Kheri BO,Kanina SO,,,3,,,3,,2,,,,
,D7910,Apr-26,Kheri Bura BO,Charkhi  Dadri Hsgii SO,,,1,,,,,,,,,
,J2224,Apr-26,Khudana BO,Mohindergarh SO,,,1,,,,,,,,,
,E7195,Apr-26,Kirawar BO,Jamalpur SO Bhiwani,,,1,,,,,,,,,
,J3467,Apr-26,Kitlana BO,Neemariwali PO,,,,,,,,1,,,,
,G7113,Apr-26,Kohar BO,Bapora SO,,,1,,,2,,,,,,
,D7884,Apr-26,Koriawas BO,Narnaul HO,,,9,,,2,,2,,,,
,F8349,Apr-26,Kotia BO,Kanina SO,,,1,,,2,,1,,,,
,C9449,Apr-26,Krishan Nagar BO,Narnaul HO,,,2,,,1,,11,,,,
,F4600,Apr-26,Kultazpur BO,Narnaul HO,,,1,2,,4,,9,,,,
,J7455,Apr-26,Kungar BO,Mundhal Khurd SO,,,3,,,1,,1,,,,
,L4387,Apr-26,Kural BO,Loharu SO,,,,,,1,,1,,,,
,J2225,Apr-26,Kurawata BO,Mohindergarh SO,,,,,,1,,,,,,
,C8494,Apr-26,Kusumbhi BO,Kairu SO,,,,,,3,,1,,,,
,G6835,Apr-26,Lad BO,Badhara SO,,,,,,1,,,,,,
,J2226,Apr-26,Lawan BO,Mohindergarh SO,,,4,,,2,,8,,,,
,C8495,Apr-26,Leghan BO,Kairu SO,,,6,,,,,1,,,,
,J2209,Apr-26,Lilas BO,Siwani SO,,,1,,,,,,,,,
,E5319,Apr-26,Lohani BO,Kairu SO,,,4,4,,2,,,,,,
,12702106,Apr-26,Lohar Bazar SO,,1,,2,35,,10,2,52,,1,4,
,L4329,Apr-26,Lohari Jatu BO,Bawani Khera SO,,,2,3,,2,,,,,,
,12720101,Apr-26,Loharu SO,,7,1,12,45,,17,2,17,,3,2,
,B5940,Apr-26,Loharwara BO,Achina SO,,,1,,,,,,,,,
,B2701,Apr-26,Madhana Kalan BO,Narnaul HO,,,,5,,2,,,,,,
,H0364,Apr-26,Madhogarh BO,Satnali SO,,,2,1,,3,,,,,,
,B5571,Apr-26,Makrana BO,Chiriya SO,,,,,,,,1,,,,
,L4330,Apr-26,Mandhana BO,Bawani Khera SO,,,1,1,,,,,,,,
,G6836,Apr-26,Mandhi Harya BO,Nihalgard PO,,,2,1,,,,1,,,,
,N9291,Apr-26,Mandholi Kalan BO,Rodhan SO,,,,,,2,,,,,,
,J2210,Apr-26,Mandholi Khurd BO,Siwani SO,,,,1,,4,,,,,,
,12302101,Apr-26,Mandi Ateli SO,,10,1,15,106,,40,6,172,,7,20,
,D7885,Apr-26,Mandi BO,Narnaul HO,,,1,25,,2,,,,,,
,J2227,Apr-26,Mandola BO,Mohindergarh SO,,,2,,,13,,4,,,,
,12730901,Apr-26,Manheru SO,Manheru SO,4,2,2,8,,9,,4,,,1,
,E6273,Apr-26,Mankawas BO,Charkhi  Dadri Hsgii SO,,,,1,,1,,,,,,
,F3605,Apr-26,Mansarbass BO,Kairu SO,,,,1,,4,,4,,,,
,G8996,Apr-26,Matani BO,Behl SO,,,,,,1,,,,,,
,E0620,Apr-26,Mauri BO,Chiriya SO,,,2,,,,,3,,,,
,H9252,Apr-26,Mehera BO,Birhi Kalan SO,,,,2,,2,,5,,,,
,L4331,Apr-26,Milkpur BO,Bawani Khera SO,,,2,,,3,,13,,,,
,12702107,Apr-26,Mini Sect Bhiwani SO,,2,,3,16,,7,2,30,,,5,
,12300101,Apr-26,Mini SecttNarnaul SO,,2,,,17,,3,,14,,,2,
,J2211,Apr-26,Miran BO,Siwani SO,,,1,2,,1,,1,,,,
,G1000,Apr-26,Misri BO,Sanwar SO Bhiwani,,,,,,1,,,,,,
,E5320,Apr-26,Mitathal BO,Tigrana SO,,,2,2,,7,,2,,,,
,G8997,Apr-26,Mithi BO,Behl SO,,,1,,,,,,,,,
,12302901,Apr-26,Mohindergarh SO,,16,5,15,182,,62,7,77,,8,23,
,G8998,Apr-26,Morka BO,Behl SO,,,,,,2,,1,,,,
,B5941,Apr-26,Morwala BO,Achina SO,,,2,,,1,,,,,,
,12704101,Apr-26,Mundhal Khurd SO,,1,,2,13,,12,,21,,,,
,J7247,Apr-26,Nagal Nunia BO,Nangal Chaudhry SO,,,1,6,,1,,,,,,
,L4388,Apr-26,Nakipur BO,Loharu SO,,,1,,,,,,,,,
,J2212,Apr-26,Naloi BO,Siwani SO,,,,1,,,,,,,,
,F0144,Apr-26,Nandgaon BO,Neemariwali PO,,,,,,,,3,,,,
,12302301,Apr-26,Nangal Chaudhry SO,,3,4,7,62,,41,4,47,,2,23,
,J7248,Apr-26,Nangal Dargu BO,Nangal Chaudhry SO,,,1,1,,1,,,,,,
,B2702,Apr-26,Nangal Katha BO,Narnaul HO,,,1,2,,1,,4,,,,
,12302801,Apr-26,Nangal Sirohi SO,,,,5,38,,12,,38,,1,6,
,H0365,Apr-26,Nangalmala BO,Satnali SO,,,,1,,,,,,,,
,12300102,Apr-26,Narnaul City SO,,8,,4,98,,28,11,148,,3,23,
,12300100,Apr-26,Narnaul HO,,25,3,25,299,,82,17,348,,16,53,
,12300103,Apr-26,Narnaul Kty SO,,,4,,39,,9,2,16,,1,6,
,H3225,Apr-26,Naurangabass Jattan BO,Jhojhu SO,,,,1,,,,,,,,
,E9939,Apr-26,Nautana BO,Kanina SO,,,,,,2,,,,,,
,H0366,Apr-26,Nawan BO,Satnali SO,,,,,,1,,2,,,,
,12731101,Apr-26,Neemariwali PO,Neemariwali PO,,,4,0,,1,,1,,,,
,G3119,Apr-26,Neemli BO,Charkhi  Dadri Hsgii SO,,,4,4,,1,,,,,,
,G3096,Apr-26,Neerpur BO,Narnaul HO,,,1,10,,1,,,,,,
,J7249,Apr-26,Niamatpur BO,Nangal Chaudhry SO,,,,10,,,,,,,,
,F6456,Apr-26,Nihalawas BO,Nangal Sirohi SO,,,4,1,,2,,,,,,
,12731201,Apr-26,Nihalgard PO,,3,1,0,2,,3,,4,,,1,
,F4601,Apr-26,Nizampur RS BO,Narnaul HO,,,1,6,,1,,,,,,
,G9000,Apr-26,Obra BO,Behl SO,,,5,1,,1,,,,,,
,D7911,Apr-26,Paitawas Kalan BO,Charkhi  Dadri Hsgii SO,,,1,,,,,,,,,
,AK111,Apr-26,Paju BO,Loharu SO,,,,10,,,,1,,,,
,H3226,Apr-26,Palari BO,Jhojhu SO,,,,2,,2,,8,,,,
,J2229,Apr-26,Pali BO,Mohindergarh SO,,,,,,1,,,,,,
,J2230,Apr-26,Palri Panihara BO,Mohindergarh SO,,,1,,,2,,,,,,
,B1793,Apr-26,Paluwas BO,Tigrana SO,,,2,5,,,,,,,,
,E7196,Apr-26,Paposa BO,Jamalpur SO Bhiwani,,,1,1,,,,,,,,
,L4389,Apr-26,Parvezpur BO,Loharu SO,,,3,,,3,,,,,,
,I2957,Apr-26,Pathera BO,Bawania SO,,,1,1,,4,,4,,,,
,G9001,Apr-26,Patwan BO,Behl SO,,,1,,,2,,3,,,,
,H3227,Apr-26,Pichopa Kalan BO,Jhojhu SO,,,4,1,,1,,1,,,,
,J3503,Apr-26,Pohkarwas BO,Jui Khurd SO,,,,2,,2,,1,,,,
,F8350,Apr-26,Pota BO,Kanina SO,,,,,,2,,,,,,
,C0231,Apr-26,Premnagar BO,Tigrana SO,,,1,,,,,1,,,,
,L4332,Apr-26,Pur BO,Bawani Khera SO,,,2,1,,2,,2,,,,
,F4602,Apr-26,Raghunathpura BO,Narnaul HO,,,1,1,,3,,13,,,,
,B6664,Apr-26,Rajgarh BO,Neemariwali PO,,,,1,,,,2,,,,
,B6462,Apr-26,Rambas BO,Kanina SO,,,,1,,1,,,,,,
,H3228,Apr-26,Rambass BO,Nihalgard PO,,,1,1,,1,,5,,,,
,E4234,Apr-26,Ranila BO,Sanwar SO Bhiwani,,,4,2,,5,,1,,,,
,H9253,Apr-26,Rasiwas BO,Birhi Kalan SO,,,,,,2,,1,,,,
,A8024,Apr-26,Rasoolpur BO,Kanina SO,,,2,,,2,,,,,,
,G4112,Apr-26,Ratera BO,Jamalpur SO Bhiwani,,,,,,1,,,,,,
,L9950,Apr-26,Rattan Kalan BO,Mandi Ateli SO,,,1,3,,1,,1,,,,
,F4633,Apr-26,Rawaldhi BO,Charkhi  Dadri Hsgii SO,,,1,2,,4,,6,,,,
,J9572,Apr-26,Rewari Khera BO,Chang SO,,,1,26,,2,,1,,,,
,C4194,Apr-26,Riwasa BO,Tosham SO,,,,,,1,,,,,,
,12704301,Apr-26,Rodhan SO,,,,3,0,,5,,22,,1,1,
,B6665,Apr-26,Roopgarh BO,Neemariwali PO,,,,,,1,,,,,,
,C4195,Apr-26,Sagban BO,Tosham SO,,,2,,,,,,,,,
,J9573,Apr-26,Sai BO,Chang SO,,,7,21,,1,,1,,,,
,B2734,Apr-26,Samaspur BO,Charkhi  Dadri Hsgii SO,,,1,4,,,,,,,,
,N9292,Apr-26,Sandawa BO,Rodhan SO,,,2,,,2,,,,,,
,B9153,Apr-26,Sanjarwas BO,Sanwar SO Bhiwani,,,,,,2,,,,,,
,F2537,Apr-26,Sankror BO,Sanwar SO Bhiwani,,,,,,4,,1,,,,
,12704201,Apr-26,Sanwar SO Bhiwani,,1,2,7,4,,9,,9,,,,
,L9951,Apr-26,Sarai Bahadur BO,Mandi Ateli SO,,,,10,,,,,,,,
,AK762,Apr-26,Sarangpur B.O,Birhi Kalan SO,,,2,1,,2,,1,,,,
,J7250,Apr-26,Sareli BO,Nangal Chaudhry SO,,,,4,,2,,6,,,,
,F4634,Apr-26,Sarupgarh BO,Charkhi  Dadri Hsgii SO,,,1,2,,1,,1,,,,
,12302401,Apr-26,Satnali SO,,6,1,4,41,,17,3,19,,1,9,
,L4390,Apr-26,Sehar BO,Loharu SO,,,2,,,3,,,,,,
,E9940,Apr-26,Sehlang BO,Kanina SO,,,,,,2,,,,,,
,G5053,Apr-26,Sehma BO,Nangal Sirohi SO,,,1,,,3,,7,,,,
,G9002,Apr-26,Serla BO,Behl SO,,,1,,,2,,3,,,,
,H0368,Apr-26,Shyampura BO,Satnali SO,,,1,1,,,,,,,,
,F8351,Apr-26,Siana BO,Kanina SO,,,3,,,2,,,,,,
,G9003,Apr-26,Sidhanwa BO,Behl SO,,,,1,,,,,,,,
,G6903,Apr-26,Sihore BO,Kanina SO,,,1,,,,,,,,,
,L4391,Apr-26,Singhani BO,Loharu SO,,,2,,,1,,,,,,
,J7251,Apr-26,Sirohi Behali BO,Nangal Chaudhry SO,,,1,,,1,,4,,,,
,H9254,Apr-26,Siswala BO,Birhi Kalan SO,,,1,,,1,,2,,,,
,J7456,Apr-26,Siwana BO,Mundhal Khurd SO,,,1,,,,,,,,,
,12704601,Apr-26,Siwani SO,,,1,13,28,,26,,59,,2,14,
,L4333,Apr-26,Siwara BO,Bawani Khera SO,,,2,1,,,,,,,,
,L4392,Apr-26,Sohansara BO,Loharu SO,,,2,,,1,,2,,,,
,B1794,Apr-26,Sui BO,Tigrana SO,,,,,,1,,1,,,,
,I2958,Apr-26,Sundrah BO,Bawania SO,,,,2,,1,,5,,,,
,F3606,Apr-26,Sungarpur BO,Kairu SO,,,1,,,1,,,,,,
,H0369,Apr-26,Sureti Kalan BO,Satnali SO,,,1,,,,,1,,,,
,AU194,Apr-26,SURJANWAS,Bawania SO,,,,1,,,,,,,,
,J7457,Apr-26,Talu BO,Mundhal Khurd SO,,,1,,,,,,,,,
,J7252,Apr-26,Thanwas BO,Nangal Chaudhry SO,,,3,,,,,,,,,
,12703101,Apr-26,Tigrana SO,,2,,6,15,,13,,7,,3,1,
,H9255,Apr-26,Tiwala BO,Birhi Kalan SO,,,,5,,,,1,,,,
,12704001,Apr-26,Tosham SO,,1,2,10,19,,38,3,33,,1,5,
,J3504,Apr-26,Umarwas BO,Jui Khurd SO,,,1,1,,1,,,,,,
,L6408,Apr-26,Agon BO,Ferozepur Jhirka SO,,,3,2,,,,,,,,
,E7826,Apr-26,Aharwan BO,Palwal SO,,,2,1,,2,,,,,,
,J6609,Apr-26,Akhera BO,Nuh SO,,,1,5,,7,,1,,,,
,E7827,Apr-26,Alawalpur BO,Palwal SO,,,6,,,2,,,,,,
,J7232,Apr-26,Ali Meo BO,Hodal SO,,,,14,,1,,,,,,
,J6124,Apr-26,Alipur BO,Tigaon SO,,,2,29,,3,,,,,,
,12100301,Apr-26,Amarnagar SO Faridabad,,15,3,18,22,,27,10,21,,4,16,
,A5004,Apr-26,Amarpur BO,Ballabgarh SO,,,3,7,,,,,,,,
,C2803,Apr-26,Amroli BO,Palwal SO,,,2,,,,,,,,,
,J7233,Apr-26,Andhop BO,Hodal SO,,,2,3,,3,,,,,,
,D1119,Apr-26,Asaota BO,Palwal SO,,,1,,,1,,,,,,
,B3472,Apr-26,Atali BO,Ballabgarh SO,,,2,1,,,,,,,,
,12110501,Apr-26,Aurangabad SO Faridabad,,,,6,4,,5,,4,,,1,
,J6125,Apr-26,Badarpur Syed BO,Tigaon SO,,,,,,2,,4,,,,
,N8583,Apr-26,Baded BO,Punhana SO,,,1,1,,1,,,,,,
,N8584,Apr-26,Badli BO,Punhana SO,,,2,,,9,,,,,,
,C4361,Apr-26,Baghanki BO,Tauru SO,,,2,2,,,,5,,,,
,A5867,Apr-26,Baghola BO,Palwal SO,,,1,,,1,,,,,,
,N8433,Apr-26,Bahin BO,Aurangabad SO Faridabad,,,1,,,1,,,,,,
,12100401,Apr-26,Ballabgarh SO,,13,,46,41,,38,2,68,,12,34,
,N8434,Apr-26,Bamni Khera BO,Aurangabad SO Faridabad,,,6,,,,,,,,,
,J7234,Apr-26,Banchari BO,Hodal SO,,,3,,,2,,3,,,,
,J7309,Apr-26,Banswa BO,Hassanpur SO,,,3,15,,,,,,,,
,E6964,Apr-26,Baroli BO,Ballabgarh SO,,,4,1,,1,,,,,,
,L6409,Apr-26,Bewan BO,Ferozepur Jhirka SO,,,,1,,,,,,,,
,A4102,Apr-26,Bhadas BO,Nagina SO Gurgaon,,,5,11,,1,,,,,,
,J6126,Apr-26,Bhainsrawali BO,Tigaon SO,,,2,3,,2,,50,,,,
,J7310,Apr-26,Bhandoli BO,Hassanpur SO,,,1,1,,1,,10,,,,
,C7988,Apr-26,Bhaskola BO,Faridabad Sector 16a  SO,,,,,,3,,7,,,,
,J7311,Apr-26,Bhiduki BO,Hassanpur SO,,,4,1,,1,,,,,,
,J6127,Apr-26,Bhuvapur BO,Tigaon SO,,,,51,,2,,,,,,
,N8585,Apr-26,Bichhor BO,Punhana SO,,,7,36,,,,,,,,
,N8586,Apr-26,Bisru BO,Punhana SO,,,2,,,,,,,,,
,E6143,Apr-26,Budarpur BO,Nagina SO Gurgaon,,,,16,,2,,,,,,
,J6128,Apr-26,Chandpur BO,Tigaon SO,,,3,15,,1,,,,,,
,D1120,Apr-26,Chant BO,Palwal SO,,,4,1,,2,,,,,,
,12100402,Apr-26,Chawla Colony Ballabgarh SO,,8,1,1,34,,17,,71,,8,24,
,J7315,Apr-26,Chhainsa BO,Hathin SO,,,,10,,,,,,,,
,D0248,Apr-26,Chhainsa BO,Ballabgarh SO,,,,17,,,,,,,,
,B4295,Apr-26,Chhajju Nagar BO,Palwal SO,,,2,1,,3,,,,,,
,A7480,Apr-26,Chharoda BO,Tauru SO,,,4,,,,,,,,,
,D1121,Apr-26,Chirwari BO,Palwal SO,,,1,,,1,,,,,,
,A5005,Apr-26,Dayalpur BO,Ballabgarh SO,,,3,1,,,,6,,,,
,A5007,Apr-26,Dhauj BO,Ballabgarh SO,,,1,2,,1,,,,,,
,N8435,Apr-26,Dighot BO,Aurangabad SO Faridabad,,,2,,,,,,,,,
,D2647,Apr-26,Dulawat BO,Tauru SO,,,3,20,,1,,,,,,
,12100701,Apr-26,Escortsnagar Faridabad SO,,17,2,4,30,,6,9,47,,1,15,
,12100101,Apr-26,Factory Area Faridabad SO,,19,,5,29,,19,2,148,,17,18,
,12100201,Apr-26,Faridabad City SO,,15,,4,49,,27,2,83,,16,30,
,12100100,Apr-26,Faridabad NIT HO,,81,2,37,30,1,44,12,121,,32,100,
,12100702,Apr-26,Faridabad Sector 12 SO,,,1,1,1,,3,,1,,,3,
,12100703,Apr-26,Faridabad Sector 15 SO,,6,,5,2,,12,7,24,,1,15,
,12100202,Apr-26,Faridabad Sector 16 SO,,2,,,11,,7,4,27,,2,14,
,12100203,Apr-26,Faridabad Sector 16a  SO,,17,4,7,30,,23,5,26,,5,16,
,12100204,Apr-26,Faridabad Sector 18 SO,,17,,3,56,,28,6,81,,8,17,
,12100501,Apr-26,Faridabad Sector 22 SO,,15,2,43,26,,28,3,47,,8,17,
,12100801,Apr-26,Faridabad Sector 29 SO,,9,1,1,26,,16,13,38,,,12,
,12100404,Apr-26,Faridabad Sector 3 SO,,14,,1,52,,14,9,68,,4,24,
,12100601,Apr-26,Faridabad Sector 7 SO,,10,2,4,12,,27,7,66,,9,37,
,12100602,Apr-26,Faridabad Sector 8 SO,,4,,5,16,,16,2,24,,,6,
,12100603,Apr-26,Faridabad Sector 9 SO,,22,2,1,18,,14,6,32,,4,31,
,J6129,Apr-26,Faridpur BO,Tigaon SO,,,,85,,,,,,,,
,C1917,Apr-26,Fatehpur Billoch BO,Ballabgarh SO,,,2,,,3,,5,,,,
,B3473,Apr-26,Fatehpur Tagga BO,Ballabgarh SO,,,3,,,1,,,,,,
,12100102,Apr-26,Feroz Gandhi Nagar Faridabad SO,,8,1,19,51,,17,,116,,7,19,
,12210401,Apr-26,Ferozepur Jhirka SO,,2,2,12,35,,32,,75,,,16,
,G3876,Apr-26,Gadpuri BO,Ballabgarh SO,,,4,,,1,,,,,,
,J7316,Apr-26,Gehlab BO,Hathin SO,,,3,2,,,,,,,,
,J7317,Apr-26,Gharrot BO,Hathin SO,,,3,3,,1,,,,,,
,B4296,Apr-26,Ghori BO,Palwal SO,,,7,,,2,,,,,,
,F5356,Apr-26,Gonchhi BO,Ballabgarh SO,,,4,2,,4,,14,,,,
,J7235,Apr-26,Gorota BO,Hodal SO,,,,11,,,,3,,,,
,AK844,Apr-26,Goyla BO,Tauru SO,,,,1,,,,,,,,
,12101401,Apr-26,Greater Faridabad PO,,4,1,10,6,,7,2,16,,2,4,
,12100604,Apr-26,GT Road Faridabad SO,,7,,2,7,,7,1,18,,,6,
,N8587,Apr-26,Gulalta BO,Punhana SO,,,,,,1,,,,,,
,J7312,Apr-26,Gulawad BO,Hassanpur SO,,,1,,,,,,,,,
,B3414,Apr-26,Gurukul Indraprashtha BO,Amarnagar SO Faridabad,,,2,10,,,,,,,,
,E0978,Apr-26,Hasanpur BO,Tauru SO,,,5,,,,,,,,,
,12110701,Apr-26,Hassanpur SO,,,,22,23,,13,,5,,1,,
,12110301,Apr-26,Hathin SO,,,,5,7,1,6,,1,,,,
,L6411,Apr-26,Hirwari BO,Ferozepur Jhirka SO,,,,,,15,,,,,,
,12110601,Apr-26,Hodal SO,,1,,17,40,,27,,51,,,3,
,J7318,Apr-26,Hurithal BO,Hathin SO,,,1,,,3,,,,,,
,12100103,Apr-26,Industrial Area Faridabad SO,,23,,2,41,,28,11,178,,17,30,
,D9394,Apr-26,Jaindapur BO,Palwal SO,,,1,,,,,,,,,
,N8588,Apr-26,Jamalgarh BO,Punhana SO,,,,4,,2,,,,,,
,E0979,Apr-26,Jaurasi BO,Tauru SO,,,,1,,2,,2,,,,
,12100502,Apr-26,Jawahar Colony Faridabad SO,,11,2,15,71,,33,4,140,,7,20,
,12110201,Apr-26,Jawahar Nagar Palwal SO,,,,9,18,,11,,120,,2,10,
,G3877,Apr-26,Jawan BO,Ballabgarh SO,,,2,,,2,,,,,,
,C4362,Apr-26,Jhamuwas BO,Tauru SO,,,,,,2,,,,,,
,A7481,Apr-26,Kalwari BO,Tauru SO,,,1,,,,,,,,,
,J7236,Apr-26,Khaika BO,Hodal SO,,,2,6,,12,,1,,,,
,J7237,Apr-26,Khambi BO,Hodal SO,,,3,,,1,,,,,,
,N8589,Apr-26,Khanpur Ghati BO,Punhana SO,,,2,7,,,,,,,,
,N8436,Apr-26,Khatela Sarai BO,Aurangabad SO Faridabad,,,1,,,,,,,,,
,E4794,Apr-26,Kheri Kalan BO,Faridabad Sector 16a  SO,,,3,,,1,,,,,,
,J7319,Apr-26,Kondal BO,Hathin SO,,,4,,,1,,,,,,
,J6130,Apr-26,Kurali BO,Tigaon SO,,,6,19,,1,,,,,,
,J6611,Apr-26,Kurthala BO,Nuh SO,,,3,,,,,1,,,,
,N8590,Apr-26,Lohinga Kalan BO,Punhana SO,,,2,2,,1,,,,,,
,J7321,Apr-26,Madnaka BO,Hathin SO,,,2,,,4,,,,,,
,J6612,Apr-26,Malab BO,Nuh SO,,,2,,,1,,,,,,
,J7322,Apr-26,Malai BO,Hathin SO,,,1,,,,,,,,,
,F4475,Apr-26,Mandikhera BO,Nagina SO Gurgaon,,,1,1,,2,,,,,,
,J7323,Apr-26,Mandkola BO,Hathin SO,,,2,,,2,,,,,,
,J6131,Apr-26,Manjhawali BO,Tigaon SO,,,1,,,1,,31,,,,
,N8437,Apr-26,Manpur BO,Aurangabad SO Faridabad,,,4,1,,3,,6,,,,
,J7239,Apr-26,Marraoli BO,Hodal SO,,,1,25,,,,,,,,
,12100302,Apr-26,Mathura Road Faridabad SO,,4,1,1,5,,6,1,10,,1,1,
,12210702,Apr-26,Mini Sectt NUH SO,,1,,,1,,,,,,,1,
,A7482,Apr-26,Mohamadpur Ahir BO,Tauru SO,,,1,,,1,,,,,,
,B3474,Apr-26,Mohna BO,Ballabgarh SO,,,6,2,,1,,,,,,
,F4476,Apr-26,Moolthan BO,Nagina SO Gurgaon,,,1,11,,,,,,,,
,12210801,Apr-26,Nagina SO Gurgaon,,,,4,10,,19,,3,,,,
,N8591,Apr-26,Naheda BO,Punhana SO,,,2,,,,,,,,,
,N8592,Apr-26,Nai BO,Punhana SO,,,2,,,7,,,,,,
,N8438,Apr-26,Nangal Jat BO,Aurangabad SO Faridabad,,,4,,,,,16,,,,
,E6965,Apr-26,Neemka BO,Ballabgarh SO,,,5,,,2,,,,,,
,12110202,Apr-26,New Township Palwal SO,,7,,4,17,,7,1,14,,1,2,
,12100105,Apr-26,Nh2 Faridabad SO,,17,,6,20,,23,6,80,,8,26,
,12100106,Apr-26,Nh3 Faridabad SO,,11,,4,24,,8,,86,,6,4,
,12100107,Apr-26,Nh4 Faridabad SO,,23,2,23,16,,30,11,24,,9,9,
,12101001,Apr-26,Nhpc Colony Faridabad SO,,4,2,3,14,,12,11,31,,3,24,
,12100104,Apr-26,NIFM Faridabad SO,,4,,4,2,,4,4,8,,,4,
,12210701,Apr-26,Nuh SO,,3,,10,12,,11,,6,,3,,
,F5357,Apr-26,Pali BO,Ballabgarh SO,,,2,,,,,,,,,
,12110203,Apr-26,Palwal SO,,22,7,57,98,,73,9,244,,11,30,
,G3878,Apr-26,Panhera Khurd BO,Ballabgarh SO,,,2,4,,,,11,,,,
,N8439,Apr-26,Pingore BO,Aurangabad SO Faridabad,,,,20,,,,,,,,
,F6183,Apr-26,Prithla BO,Palwal SO,,,1,,,,,,,,,
,12250801,Apr-26,Punhana SO,,,,7,8,,8,2,6,,,1,
,AV768,Apr-26,PYALA BO,Ballabgarh SO,,,,2,,,,,,,,
,B4297,Apr-26,Rasulpur BO,Palwal SO,,,4,3,,,,,,,,
,A7483,Apr-26,Rathiwas BO,Tauru SO,,,4,3,,1,,2,,,,
,L6412,Apr-26,Rawli BO,Ferozepur Jhirka SO,,,1,4,,,,,,,,
,N8594,Apr-26,Rethath BO,Punhana SO,,,3,,,,,,,,,
,J7324,Apr-26,Rupraka BO,Hathin SO,,,2,,,,,,,,,
,F5358,Apr-26,Sagarpur BO,Ballabgarh SO,,,,1,,,,,,,,
,F4477,Apr-26,Sakras BO,Nagina SO Gurgaon,,,1,10,,,,,,,,
,12101301,Apr-26,Sec91 SO,,,,16,4,,7,1,2,,1,,
,12101201,Apr-26,Sector21D  SO,,,,4,8,,7,2,13,,3,12,
,12101002,Apr-26,SECTOR46,,5,1,1,,,2,,3,,,1,
,12101501,Apr-26,Sector55 PO,,,2,2,2,,11,11,21,,,13,
,G3879,Apr-26,Seekri BO,Ballabgarh SO,,,2,,,,,1,,,,
,N8595,Apr-26,Shahchokha BO,Punhana SO,,,5,7,,,,,,,,
,12110204,Apr-26,SHRI VISHWAKARMA SKILL UNIVERSITY,,,,1,,,1,,,,,,
,C2804,Apr-26,Siaroli BO,Palwal SO,,,,2,,2,,4,,,,
,N8596,Apr-26,Sihri Singhalheri BO,Punhana SO,,,1,,,3,,,,,,
,N8597,Apr-26,Sikrawa BO,Punhana SO,,,4,,,,,,,,,
,N8598,Apr-26,Singar BO,Punhana SO,,,1,,,5,,,,,,
,J7240,Apr-26,Sondh BO,Hodal SO,,,7,2,,,,,,,,
,J6613,Apr-26,Sudaka BO,Nuh SO,,,1,4,,,,,,,,
,C4363,Apr-26,Sundh BO,Tauru SO,,,1,1,,2,,,,,,
,12100901,Apr-26,Surajkund Faridabad SO,,4,,4,5,,8,1,7,,,4,
,J6614,Apr-26,Tain BO,Nuh SO,,,,,,2,,,,,,
,J6615,Apr-26,Tapkan BO,Nuh SO,,,2,,,,,,,,,
,J7314,Apr-26,Tappa Bilochpur BO,Hassanpur SO,,,2,,,1,,,,,,
,12210501,Apr-26,Tauru SO,,3,,12,23,,23,8,26,,1,7,
,F6184,Apr-26,Teekri Brahman BO,Palwal SO,,,5,7,,2,,,,,,
,12110101,Apr-26,Tigaon SO,,5,1,13,8,,11,,12,,2,,
,A4938,Apr-26,Tilpat BO,Amarnagar SO Faridabad,,,3,3,,2,,,,,,
,B2582,Apr-26,Umra BO,Nagina SO Gurgaon,,,,10,,,,,,,,
,J7325,Apr-26,Uttawar BO,Hathin SO,,,11,,,,,,,,,
,J3519,Apr-26,Ahrod BO,Kund SO,,,,1,,4,,7,,,,
,12200501,Apr-26,Air Force SO,,8,1,1,4,,1,,,,1,,
,C5194,Apr-26,Akera BO,Dharuhera SO,,,1,11,,1,,1,,,,
,12200101,Apr-26,Arjun Nagar SO,,9,4,6,61,,15,6,38,,3,18,
,B6198,Apr-26,Asalwas BO,Bawal SO,,,,3,,,,,,,,
,I5322,Apr-26,Asiaki Gorawas BO,Palhawas SO,,,2,1,,,,,,,,
,E1211,Apr-26,Badhrana BO,Dharan SO,,,1,3,,3,,4,,,,
,12210101,Apr-26,Badshahpur SO,,2,,11,40,,14,5,38,,6,8,
,E9700,Apr-26,Baghthala BO,Bawal SO,,,1,,,,,,,,,
,L7187,Apr-26,Baldhan Kalan BO,Dahina SO,,,,6,,1,,,,,,
,F6986,Apr-26,Balwari BO,Khol SO,,,,4,,1,,,,,,
,E9701,Apr-26,Banipur BO,Bawal SO,,,,8,,2,,,,,,
,L9320,Apr-26,Basai BO,Railwary Road SO,,,5,3,,3,,1,,,,
,12200102,Apr-26,Basai Road SO,,5,,1,2,,4,4,70,,2,5,
,J3520,Apr-26,Basduda BO,Kund SO,,,1,2,,4,,14,,,,
,L8300,Apr-26,Baslambi BO,Pataudi SO,,,,1,,2,,,,,,
,L8301,Apr-26,Baspadamka BO,Pataudi SO,,,,,,2,,3,,,,
,12350101,Apr-26,Bawal SO,,2,,17,67,,29,5,28,,1,8,
,J8958,Apr-26,Bawwa BO,Nahar SO,,,2,,,1,,6,,,,
,L8164,Apr-26,Bhangrola BO,Garhi Harsaru SO,,,2,2,,1,,,,,,
,F4823,Apr-26,Bharawas BO,Rewari SO,,,2,,,3,,2,,,,
,F8635,Apr-26,Bhatsana BO,Dharuhera SO,,,,6,,,,,,,,
,L7549,Apr-26,Bhirauti BO,Sohna SO,,,,2,,,,,,,,
,12210201,Apr-26,Bhondsi SO,,3,1,11,7,,10,2,7,,,4,
,12241301,Apr-26,Bhorakalan SO,,3,2,14,13,,10,2,39,,6,1,
,E1756,Apr-26,Bhotwas Ahir BO,Khori SO,,,1,,,,,1,,,,
,E6427,Apr-26,Bikaner BO,Rewari SO,,,10,,,6,,4,,,,
,E9278,Apr-26,Bilaspur Khurd BO,Bhorakalan SO,,,,,,,,4,,,,
,J8959,Apr-26,Bisowa BO,Nahar SO,,,,1,,2,,11,,,,
,C9668,Apr-26,Bithwana BO,Rewari SO,,,,1,,5,,1,,,,
,B2905,Apr-26,Boria Kamalpur BO,Rewari SO,,,,2,,1,,,,,,
,L8165,Apr-26,Budhera BO,Garhi Harsaru SO,,,3,9,,2,,12,,,,
,E6428,Apr-26,Budhpur BO,Rewari SO,,,9,3,,2,,2,,,,
,L7188,Apr-26,Buroli BO,Dahina SO,,,1,,,2,,,,,,
,L7550,Apr-26,Chapera BO,Sohna SO,,,3,10,,2,,,,,,
,O0173,Apr-26,Cheelarh BO,Khalilpur SO,,,1,,,1,,5,,,,
,J3521,Apr-26,Chita Dungra BO,Kund SO,,,1,2,,2,,1,,,,
,12209801,Apr-26,CRPF Kadarpur SO,,,,1,1,,1,1,,,,,
,12201802,Apr-26,D Block South City II Gurgaon,,13,1,1,12,,18,16,23,,4,29,
,12341101,Apr-26,Dahina SO,,12,1,8,104,,22,7,73,,2,11,
,L7189,Apr-26,Dakhora BO,Nehrugarh SO,,,1,1,,,,,,,,
,G8381,Apr-26,Damdama BO,Bhondsi SO,,,,14,,,,,,,,
,L7190,Apr-26,Daroli BO,Dahina SO,,,1,2,,1,,,,,,
,L7551,Apr-26,Daulah BO,Sohna SO,,,1,,,3,,,,,,
,L9321,Apr-26,Daultabad BO,Railwary Road SO,,,1,4,,1,,21,,,,
,D8063,Apr-26,Dehlawas Gulabpur BO,Rewari SO,,,2,,,1,,3,,,,
,F7665,Apr-26,Dhani Chitarsain BO,Bhorakalan SO,,,,18,,,,,,,,
,L8166,Apr-26,Dhankot BO,Garhi Harsaru SO,,,2,,,,,1,,,,
,12341201,Apr-26,Dharan SO,,2,,3,9,,16,,4,,3,2,
,12310601,Apr-26,Dharuhera SO,,10,1,7,35,,27,3,27,,4,7,
,C3665,Apr-26,Dhawana BO,Khol SO,,,1,,,2,,9,,,,
,12200801,Apr-26,DLF PhII SO,,2,1,1,12,,8,3,3,,1,11,
,12200201,Apr-26,DLF QE SO,,12,,7,21,,17,16,37,,7,15,
,D3548,Apr-26,Dungerwas BO,Dharuhera SO,,,1,,,4,,25,,,,
,12250601,Apr-26,Farrukh Nagar SO,,3,,12,9,,11,,49,,1,6,
,F0220,Apr-26,Fazilpur BO,Badshahpur SO,,,1,,,2,,,,,,
,12200901,Apr-26,Galleria DLFIV SO,,25,1,4,30,,23,13,88,,4,51,
,12200112,Apr-26,GARAULI KHURD,,,1,6,36,,3,1,1,,,,
,G3288,Apr-26,Garhi Bolni BO,Rewari SO,,,2,,,,,,,,,
,12250501,Apr-26,Garhi Harsaru SO,Garhi Harsaru SO,4,2,18,30,,6,1,1,,2,2,
,AK416,Apr-26,Garhi Wajidpur BO,Sohna SO,,,1,,,,,,,,,
,G8382,Apr-26,Ghamroj BO,Bhondsi SO,,,,,,,,2,,,,
,L7552,Apr-26,Ghasera BO,Sohna SO,,,,7,,,,,,,,
,L7553,Apr-26,Ghungola BO,Sohna SO,,,,1,,,,,,,,
,12340101,Apr-26,Gokal Bazar Rewari SO,,12,1,7,92,,14,13,308,,9,58,
,E6429,Apr-26,Gokalgarh BO,Rewari SO,,,2,,,1,,1,,,,
,J3522,Apr-26,Gothra BO,Kund SO,,,1,2,,3,,2,,,,
,L7191,Apr-26,Gothra BO,Dahina SO,,,,,,3,,,,,,
,AK418,Apr-26,Gudhana BO,Haillymandi SO,,,2,,,3,,1,,,,
,J9906,Apr-26,Gugodh BO,Kosli SO,,,1,,,1,,,,,,
,B6199,Apr-26,Gujar Majra BO,Bawal SO,,,1,10,,2,,,,,,
,I5323,Apr-26,Guraora BO,Palhawas SO,,,5,2,,,,6,,,,
,12200100,Apr-26,Gurgaon HO,,41,6,51,112,,69,23,158,,16,87,
,12200103,Apr-26,Gurgaon Kty SO,,,,1,4,,4,4,46,,,3,
,12200104,Apr-26,Gurgaon Sector 17 SO,,8,4,2,11,,17,1,12,,,6,
,12200301,Apr-26,Gurgaon Sector 45 SO,,8,1,4,12,,11,3,6,,1,13,
,12201101,Apr-26,Gurgaon Sector 56 SO,,13,1,2,9,,13,10,46,,8,52,
,12200105,Apr-26,Gurgaon South City I SO,,10,5,1,,,5,2,3,,2,2,
,12201801,Apr-26,Gurgaon South City II SO,,7,,,,,2,5,8,,1,12,
,12330101,Apr-26,Guriani SO,,7,,4,53,,24,1,53,,1,8,
,F6888,Apr-26,Gwal Pahari BO,Gurgaon Sector 45 SO,,,,9,,,,,,,,
,12250401,Apr-26,Haillymandi SO,,4,,11,16,,12,1,95,,2,6,
,12205201,Apr-26,IMT Manesar SO,,5,2,10,17,,23,7,11,,1,,
,J6601,Apr-26,Inchhapuri BO,Nanukalan SO,,,2,,,,,,,,,
,L7554,Apr-26,Indir Mewat BO,Sohna SO,,,4,6,,1,,,,,,
,12311001,Apr-26,Industrial Area Dharuhera SO,,,1,6,4,,8,,4,,,1,
,12201601,Apr-26,Industrial Complex Dundahera SO,,1,3,9,7,,15,4,10,,8,7,
,12200701,Apr-26,Industrial Estate SO Gurgaon,,6,,6,11,,8,6,17,,2,10,
,B6200,Apr-26,Jaisinghpur Khera BO,Bawal SO,,,,,,,,9,,,,
,O0175,Apr-26,Jaitpur BO,Khalilpur SO,,,,,,,,1,,,,
,J8920,Apr-26,Jakhala BO,Guriani SO,,,1,1,,1,,,,,,
,L8302,Apr-26,Jamalpur BO,Pataudi SO,,,1,3,,,,,,,,
,O0176,Apr-26,Jant BO,Khalilpur SO,,,,,,2,,2,,,,
,O0174,Apr-26,Jasat BO,Khalilpur SO,,,1,,,2,,,,,,
,L6305,Apr-26,Jataula BO,Haillymandi SO,,,,,,4,,1,,,,
,L6306,Apr-26,Jatauli BO,Haillymandi SO,,,4,3,,3,,11,,,,
,F4824,Apr-26,Jatusa RS BO,Rewari SO,,,2,3,,3,,,,,,
,E1309,Apr-26,Jhabuwa BO,Bawal SO,,,,5,,,,,,,,
,J9907,Apr-26,Jhal BO,Nehrugarh SO,,,,,,1,,,,,,
,AV707,Apr-26,Jhanjrola Khera,,,,3,,,,,,,,,
,J8960,Apr-26,Jharoda BO,NEHRUGARH SO,,,,1,,3,,8,,,,
,J8961,Apr-26,Jholri BO,Nahar SO,,,1,,,1,,,,,,
,J9908,Apr-26,Juddi BO,Kosli SO,,,,1,,1,,,,,,
,G7183,Apr-26,Kadarpur BO,Badshahpur SO,,,1,11,,1,,,,,,
,12340102,Apr-26,Kankarwali Rewari SO,,18,2,3,78,,25,2,40,,3,6,
,I5324,Apr-26,Kannaura BO,Palhawas SO,,,3,,,2,,,,,,
,L7192,Apr-26,Kanwali BO,Dahina SO,,,,,,1,,27,,,,
,I5325,Apr-26,Karawara BO,Palhawas SO,,,,,,6,,4,,,,
,A4457,Apr-26,Karnawas BO,Rewari SO,,,1,1,,4,,2,,,,
,L6307,Apr-26,Karola BO,Haillymandi SO,,,1,1,,,,4,,,,
,J8962,Apr-26,Karoli BO,Nahar SO,,,1,,,13,,52,,,,
,J6596,Apr-26,Kasan BO,Nsg Camp Manesar SO,,,3,,,3,,3,,,,
,C3666,Apr-26,Khaleta BO,Khol SO,,,,,,,,4,,,,
,12250201,Apr-26,Khalilpur SO,,4,1,3,17,,8,,41,,,,
,L6308,Apr-26,Khandewia BO,Haillymandi SO,,,,,,,,1,,,,
,C9669,Apr-26,Khandora BO,Rewari SO,,,,1,,,,1,,,,
,12200106,Apr-26,Khandsa Road SO,,6,,3,5,,5,1,9,,1,,
,A8325,Apr-26,Kharkhara BO,Dharuhera SO,,,,2,,1,,1,,,,
,J6602,Apr-26,Khatauli BO,Nanukalan SO,,,1,,,4,,2,,,,
,L9306,Apr-26,Khera Khurampur BO,Farrukh Nagar SO,,,1,,,,,5,,,,
,G8383,Apr-26,Kherla BO,Bhondsi SO,,,4,3,,1,,2,,,,
,L7555,Apr-26,KherliLala BO,Sohna SO,,,,1,,2,,,,,,
,12310301,Apr-26,Khol SO,,4,,0,26,,7,,7,,,1,
,J6603,Apr-26,Khor BO,Nanukalan SO,,,2,3,,4,,2,,,,
,12310101,Apr-26,Khori SO,,5,,6,18,,10,2,17,,1,1,
,L7556,Apr-26,Kiranj BO,Sohna SO,,,1,1,,,,,,,,
,J8963,Apr-26,Kohrar BO,Nahar SO,,,,1,,1,,2,,,,
,J3523,Apr-26,Kolana BO,Kund SO,,,,2,,1,,,,,,
,12330201,Apr-26,Kosli SO,,13,,5,32,,19,4,77,,5,4,
,12310201,Apr-26,Kund SO,,6,1,5,36,,16,1,56,,,11,
,H8526,Apr-26,Lakhnaula BO,Narsinghpur SO,,,2,3,,2,,1,,,,
,J8964,Apr-26,Lilodh BO,Nahar SO,,,,,,1,,,,,,
,L7193,Apr-26,Lisan BO,Dahina SO,,,1,,,1,,,,,,
,L7194,Apr-26,Lohana BO,Dahina SO,,,2,3,,2,,18,,,,
,J6604,Apr-26,Lokra BO,Nanukalan SO,,,3,3,,3,,2,,,,
,J8965,Apr-26,Lookhi BO,NEHRUGARH SO,,,2,4,,5,,16,,,,
,J9911,Apr-26,Lula Ahir BO,Nehrugarh SO,,,,,,,,1,,,,
,F0221,Apr-26,Maheshwari BO,Dharuhera SO,,,,5,,,,,,,,
,B2906,Apr-26,Majra Gurdas BO,Rewari SO,,,3,1,,,,,,,,
,C9670,Apr-26,Majra Sheoraj BO,Rewari SO,,,,,,,,,,1,,
,G7109,Apr-26,Mamaria Ahir BO,Khori SO,,,,2,,,,,,,,
,D1909,Apr-26,Mandola BO,Khol SO,,,,,,1,,8,,,,
,L8167,Apr-26,Mankdola BO,Garhi Harsaru SO,,,,6,,5,,3,,,,
,G8384,Apr-26,Maruthi Kunj BO,Bhondsi SO,,,3,2,,2,,3,,,,
,C5195,Apr-26,Masani BO,Dharuhera SO,,,3,3,,2,,,,,,
,E6430,Apr-26,Mastapur BO,Rewari SO,,,,,,,,1,,,,
,A6708,Apr-26,Mayan BO,Khol SO,,,,,,1,,6,,,,
,L6309,Apr-26,Mehchana BO,Haillymandi SO,,,1,,,,,4,,,,
,12200107,Apr-26,Mini Sectt SO,,,,3,5,,9,6,5,,,,
,O0178,Apr-26,Mirpur BO,Khalilpur SO,,,,2,,2,,12,,,,
,12340103,Apr-26,Model Town  Rewari SO,,17,1,3,78,,18,11,69,,2,10,
,C9671,Apr-26,Mohanpur BO,Rewari SO,,,1,,,2,,1,,,,
,A4458,Apr-26,Mohdinpur BO,Rewari SO,,,,,,3,,2,,,,
,G6240,Apr-26,Moklawas BO,Bhorakalan SO,,,1,,,2,,5,,,,
,L7195,Apr-26,Motla Kalan BO,Dahina SO,,,,,,3,,1,,,,
,L7196,Apr-26,Mundi BO,Dahina SO,,,1,4,,3,,1,,,,
,AV739,Apr-26,Nahar Pur Rupa,,,,,7,,1,,,,,,
,12330301,Apr-26,Nahar SO,,5,1,3,43,,21,2,89,,,6,
,D2962,Apr-26,Naichana BO,Bawal SO,,,,1,,1,,,,,,
,J9912,Apr-26,Nangal Pathani BO,Kosli SO,,,2,,,,,,,,,
,E9702,Apr-26,Nangal Shahbazpur BO,Bawal SO,,,1,,,4,,,,,,
,F8082,Apr-26,Nangal Teju BO,Bawal SO,,,1,7,,1,,,,,,
,E6431,Apr-26,Nangli Godha BO,Rewari SO,,,,1,,,,1,,,,
,12241401,Apr-26,Nanukalan SO,,,,2,3,,5,,10,,,4,
,L8304,Apr-26,Narhera BO,Pataudi SO,,,4,,,1,,2,,,,
,12200401,Apr-26,Narsinghpur SO,,,2,0,46,,5,,3,,,,
,J8966,Apr-26,Nayagaon BO,Nahar SO,,,1,2,,1,,,,,,
,12330401,Apr-26,Nehrugarh SO,,,2,4,2,,10,,9,,1,,
,12340104,Apr-26,New Anaz Mandi Rewari SO,,12,2,3,42,,22,,39,,,10,
,12200108,Apr-26,New Colony SO Gurgaon,,38,1,6,27,,15,7,46,,4,10,
,L6310,Apr-26,Noorgarh BO,Haillymandi SO,,,1,1,,,,,,,,
,12205101,Apr-26,Nsg Camp Manesar SO,,1,,5,,,5,,3,,1,,
,E9279,Apr-26,Pachgaon BO,Bhorakalan SO,,,,,,1,,3,,,,
,O0179,Apr-26,Pahari BO,Khalilpur SO,,,,,,,,5,,,,
,12201501,Apr-26,Palam Road SO,,12,1,9,8,,14,2,42,,3,10,
,12201701,Apr-26,Palam Vihar SO Gurgaon,,26,1,7,28,,47,27,40,,5,33,
,12303501,Apr-26,Palhawas SO,,4,,15,36,,12,1,69,,,10,
,J3525,Apr-26,Pali BO,Kund SO,,,2,1,,1,,1,,,,
,F8634,Apr-26,Paltra BO,Badshahpur SO,,,1,5,,,,5,,,,
,12250301,Apr-26,Pataudi SO,,2,,8,21,,20,2,63,,3,5,
,B5765,Apr-26,Pathreri BO,Bhorakalan SO,,,6,1,,,,7,,,,
,L9307,Apr-26,Patil RS BO,Farrukh Nagar SO,,,4,,,8,,12,,,,
,F8557,Apr-26,Pithrawas BO,Khori SO,,,,1,,2,,4,,,,
,C4669,Apr-26,Pranpura BO,Bawal SO,,,2,,,,,1,,,,
,F0142,Apr-26,Punsika BO,Khori SO,,,,2,,,,,,,,
,12200601,Apr-26,Railwary Road SO,,9,3,10,23,,13,3,9,,1,3,
,G8385,Apr-26,Raisina BO,Bhondsi SO,,,1,5,,,,,,,,
,E9623,Apr-26,Rajgarh BO,Dharan SO,,,3,17,,2,,5,,,,
,C5196,Apr-26,Raliawas BO,Dharuhera SO,,,1,,,5,,1,,,,
,O0180,Apr-26,Ramgarh BO,Khalilpur SO,,,,1,,5,,5,,,,
,L7198,Apr-26,Rampuri BO,Dahina SO,,,,1,,2,,,,,,
,J8921,Apr-26,Rattanthal BO,Guriani SO,,,,,,,,9,,,,
,12340105,Apr-26,Rewari SO,,40,2,33,200,,76,15,206,,9,34,
,L7557,Apr-26,Rewasan BO,Sohna SO,,,10,8,,9,,2,,,,
,G8386,Apr-26,Rithoj BO,Bhondsi SO,,,1,10,,,,,,,,
,D8064,Apr-26,Rohrai BO,Rewari SO,,,6,,,,,,,,,
,L7558,Apr-26,Rojka Meo BO,Sohna SO,,,2,5,,,,,,,,
,J9913,Apr-26,Sadat Nagar BO,Nehrugarh SO,,,,1,,,,,,,,
,A4459,Apr-26,Saharanwas BO,Rewari SO,,,1,2,,3,,4,,,,
,F4825,Apr-26,Sangwari BO,Rewari SO,,,2,9,,3,,3,,,,
,L9308,Apr-26,Sewari BO,Farrukh Nagar SO,,,2,,,2,,10,,,,
,O0181,Apr-26,Sherpur BO,Khalilpur SO,,,,,,1,,2,,,,
,12200109,Apr-26,Shivaji Nagar SO Gurgaon,,8,,1,21,,10,2,5,,3,7,
,J9914,Apr-26,Shyam Nagar BO,Kosli SO,,,,,,4,,2,,,,
,E9280,Apr-26,Sidhrawali BO,Bhorakalan SO,,,4,8,,1,,,,,,
,H8527,Apr-26,Sikanderpur BO,Narsinghpur SO,,,,2,,2,,1,,,,
,H8528,Apr-26,Sikohpur BO,Narsinghpur SO,,,,2,,,,,,,,
,12210301,Apr-26,Sohna SO,,14,,6,65,,29,3,106,,13,26,
,L9309,Apr-26,Sultanpur BO,Farrukh Nagar SO,,,3,,,2,,3,,,,
,J9915,Apr-26,Surehli BO,Nehrugarh SO,,,,4,,,,,,,,
,F8083,Apr-26,Suthana BO,Bawal SO,,,1,5,,,,,,,,
,J6605,Apr-26,Syed Shahpur BO,Nanukalan SO,,,,,,,,1,,,,
,AM121,Apr-26,TAJ NAGAR BO,Farrukh Nagar SO,,,3,,,2,,,,,,
,F7989,Apr-26,Tankri BO,Dharan SO,,,1,4,,1,,5,,,,
,O0182,Apr-26,Tatarpur BO,Khalilpur SO,,,1,,,4,,7,,,,
,G7184,Apr-26,Teekli BO,Badshahpur SO,,,4,2,,1,,28,,,,
,12340106,Apr-26,Tehsil Road Rewari SO,,14,3,3,77,,23,16,164,,14,27,
,D3473,Apr-26,Tint BO,Khori SO,,,1,,,,,,,,,
,J9916,Apr-26,Tumna BO,Kosli SO,,,2,,,2,,,,,,
,O0183,Apr-26,Turkiawas BO,Khalilpur SO,,,1,4,,7,,15,,,,
,L8305,Apr-26,Unchamajra BO,Pataudi SO,,,4,2,,2,,1,,,,
,12200111,Apr-26,Urban Estate Gurgaon SO,,56,7,13,34,,28,27,60,,1,64,
,12201201,Apr-26,Vatika India Sec 82 SO,,8,1,2,11,,12,20,10,,3,12,
,AO523,Apr-26,Ward No. 14 B.O,Railwary Road SO,,,,,,1,,,,,,
,L8168,Apr-26,Wazipur BO,Garhi Harsaru SO,,,1,2,,2,,,,,,
,L7200,Apr-26,Zainabad BO,Dahina SO,,,1,,,1,,,,,,
,12504701,Apr-26,Agroha SO,,1,,8,11,0,3,,9,,,3,
,A3414,Apr-26,Ahlisadar BO,Fatehabad SO Fatehabad,,,1,2,,5,,22,,,,
,F9956,Apr-26,Ahmedpur BO,Sirsa HO,,,4,1,,3,,,,,,
,H9305,Apr-26,Akanwali BO,Dharsul Kalan SO,,,2,2,,5,,3,,,,
,E9885,Apr-26,Alika BO,Baragudha SO,,,2,,,,,9,,,,
,AK415,Apr-26,Amani BO,Tohana Mandi SO,,,2,,,,,,,,,
,A2293,Apr-26,Amritsar Kalan BO,Ellenabad SO,,,1,2,,2,,,,,,
,12503301,Apr-26,Anaj Mandi Hansi SO,,15,2,8,4,,28,6,77,,,7,
,D3182,Apr-26,Anandgarh BO,Baragudha SO,,,3,,,3,,,,,,
,A9646,Apr-26,Arniawali BO,Sirsa HO,,,1,,,,,,,,,
,L3897,Apr-26,Arya Nagar BO,Ha U Hisar SO,,,,1,,2,,,,,,
,J7262,Apr-26,Asa Khera BO,Chautala SO,,,2,,,1,,,,,,
,L4403,Apr-26,Asrawan BO,Mandi Adampur SO,,,2,1,,2,,,,,,
,J6565,Apr-26,Ayalki BO,Rattia SO,,,6,1,,,,4,,,,
,12500701,Apr-26,Azad Nagar Hisar SO,,,1,4,5,,14,6,17,,1,3,
,F7582,Apr-26,Badala BO,Bass SO,,,2,,,,,4,,,,
,J6566,Apr-26,Badalgarh BO,Rattia SO,,,1,1,,3,,5,,,,
,G6164,Apr-26,Badchhpar BO,Bass SO,,,,,,1,,3,,,,
,12504801,Apr-26,Badopal SO,,40,3,4,4,,6,,54,,,1,
,G2202,Apr-26,Badya Brahamana BO,Modle Town Hisar SO,,,,1,,,,,,,,
,L4404,Apr-26,Bagla BO,Mandi Adampur SO,,,,2,,,,,,,,
,12505401,Apr-26,Bahaudin SO,,,,3,7,,10,,,,2,,
,J6184,Apr-26,Bahiya BO,Siri Jiwan Nagar SO,,,3,,,,,,,,,
,J7789,Apr-26,Baidwala BO,Sikander Pur SO,,,1,,,1,,6,,,,
,A5357,Apr-26,Baijalpur BO,Bhuna SO,,,5,,,1,,1,,,,
,J7790,Apr-26,Bajekan BO,Sikander Pur SO,,,2,1,,5,,,,,,
,L3926,Apr-26,Balak BO,Pabra SO,,,1,,,1,,,,,,
,J6185,Apr-26,Balasar BO,Siri Jiwan Nagar SO,,,1,,,2,,,,,,
,J6568,Apr-26,Baliala BO,Rattia SO,,,1,,,2,,,,,,
,L3898,Apr-26,Balsmand BO,Ha U Hisar SO,,,5,1,,1,,,,,,
,J7264,Apr-26,Ban Mandori BO,Bhattu Kalan SO,,,1,,,1,,,,,,
,C0337,Apr-26,Banawali BO,Fatehabad SO Fatehabad,,,1,1,,4,,,,,,
,A8326,Apr-26,Banbhori BO,Barwala SO Hisar,,,2,,,7,,,,,,
,F3716,Apr-26,Bangaon BO,Fatehabad SO Fatehabad,,,,3,,,,,,,,
,J6186,Apr-26,Banni BO,Siri Jiwan Nagar SO,,,1,10,,,,,,,,
,J8294,Apr-26,Banwala BO,Goriwala SO,,,,2,,1,,,,,,
,F8284,Apr-26,Bapp BO,Baragudha SO,,,2,2,,2,,,,,,
,12507801,Apr-26,Baragudha SO,,1,1,1,16,,5,,13,,,,
,J7011,Apr-26,Baruwalii BO,Bahaudin SO,,,2,1,,2,,,,,,
,12512101,Apr-26,BARWALA MANDI SO,,15,4,3,17,,10,,31,,,1,
,12503302,Apr-26,Barwala Road Hansi SO,,1,,5,9,,14,2,47,,2,,
,12512102,Apr-26,Barwala SO Hisar,,1,,16,49,,26,5,212,,1,23,
,12504201,Apr-26,Bass SO,,,,5,6,,14,,8,,,1,
,12505501,Apr-26,Begu Road Sirsa SO,,5,,4,97,,17,2,50,,5,8,
,B1923,Apr-26,Behbalpur BO,Modle Town Hisar SO,,,2,5,,3,,,,,,
,D5967,Apr-26,Berwala Khurd BO,Ellenabad SO,,,3,,,,,,,,,
,E1496,Apr-26,Bhadra BO,Baragudha SO,,,,,,2,,,,,,
,J6617,Apr-26,Bhaini Amirpur BO,Narnaund SO,,,1,,,3,,3,,,,
,C5197,Apr-26,Bhaini Badshahpur BO,Barwala SO Hisar,,,3,1,,,,3,,,,
,J2175,Apr-26,Bhaklana BO,Khanda Kheri SO,,,,,,,,2,,,,
,B8059,Apr-26,Bhamboor BO,Sirsa HO,,,3,1,,3,,,,,,
,J7791,Apr-26,Bharokhan BO,Sikander Pur SO,,,3,,,,,2,,,,
,J6187,Apr-26,Bharolianwali BO,Siri Jiwan Nagar SO,,,,,,2,,10,,,,
,A7271,Apr-26,Bhatol Jattan BO,Bass SO,,,1,1,,1,,7,,,,
,12505301,Apr-26,Bhattu Kalan SO,,,,9,22,,11,1,22,,,8,
,G6837,Apr-26,Bhiwan BO,Baragudha SO,,,1,1,,,,2,,,,
,E0837,Apr-26,Bhoda BO,Agroha SO,,,2,,,4,,3,,,,
,G2175,Apr-26,Bhodia Bishnoian BO,Fatehabad SO Fatehabad,,,2,,,,,,,,,
,B1910,Apr-26,Bhodia Khera BO,Fatehabad SO Fatehabad,,,,6,,,,,,,,
,12511101,Apr-26,Bhuna SO,,3,1,8,16,,15,2,31,,1,6,
,C6445,Apr-26,Bhuratwala BO,Sirsa HO,,,4,,,1,,,,,,
,C0338,Apr-26,Bhuthan Kalan BO,Fatehabad SO Fatehabad,,,6,3,,1,,,,,,
,E1835,Apr-26,Biana Khera BO,Barwala SO Hisar,,,3,,,1,,,,,,
,F3717,Apr-26,Bighar BO,Fatehabad SO Fatehabad,,,2,,,,,,,,,
,J8295,Apr-26,Bijuwali BO,Goriwala SO,,,5,,,,,,,,,
,F0119,Apr-26,Bobua BO,Uklana Mandi SO,,,2,1,,3,,1,,,,
,J6570,Apr-26,Bora BO,Rattia SO,,,2,2,,1,,4,,,,
,F8536,Apr-26,Bosti BO,Uklana Mandi SO,,,,1,,2,,1,,,,
,12501101,Apr-26,BSF Hisar SO,,,1,0,0,,5,,1,,,,
,J6618,Apr-26,Budana BO,Narnaund SO,,,1,,,,,,,,,
,C5198,Apr-26,Bugana BO,Barwala SO Hisar,,,1,,,2,,7,,,,
,L3900,Apr-26,Burak BO,Ha U Hisar SO,,,,,,2,,,,,,
,J6533,Apr-26,Burj Bhangu BO,Odhan SO,,,3,,,,,,,,,
,D3455,Apr-26,Buwan BO,Uklana Mandi SO,,,,,,3,,,,,,
,J3470,Apr-26,Chadiwal BO,Chopta Nathu Sari SO,,,1,,,,,3,,,,
,J3471,Apr-26,Chaharwala BO,Chopta Nathu Sari SO,,,3,,,,,,,,,
,G2170,Apr-26,Chainat BO,Hansi SO,,,,1,,4,,,,,,
,A9647,Apr-26,Chakarian BO,Sirsa HO,,,1,,,1,,1,,,,
,J8296,Apr-26,Chakkan BO,Goriwala SO,,,3,14,,1,,,,,,
,A7530,Apr-26,Chakpanihar BO,Azad Nagar Hisar SO,,,,2,,1,,,,,,
,A9648,Apr-26,Chamal BO,Sirsa HO,,,1,,,2,,,,,,
,B6639,Apr-26,Chamar Khera BO,Uklana Mandi SO,,,,10,,,,,,,,
,J6571,Apr-26,Chandoh Kalan BO,Rattia SO,,,2,3,,2,,,,,,
,D0586,Apr-26,Chandrawal BO,Bhuna SO,,,1,,,,,,,,,
,L6264,Apr-26,Chatha BO,Mandi Dabwali SO,,,,5,,,,,,,,
,G4242,Apr-26,Chaubara BO,Bhuna SO,,,4,2,,,,3,,,,
,E9444,Apr-26,Chaudhariwas BO,Azad Nagar Hisar SO,,,4,,,,,8,,,,
,12510101,Apr-26,Chautala SO,,,3,11,21,,9,,7,,,,
,G6225,Apr-26,Chikanwas BO,Agroha SO,,,,2,,2,,22,,,,
,J6572,Apr-26,Chimmon BO,Rattia SO,,,3,,,,,27,,,,
,G6167,Apr-26,Chinder BO,Badopal SO,,,,10,,1,,,,,,
,12511001,Apr-26,Chopta Nathu Sari SO,,,1,7,5,,9,,7,,,,
,J6534,Apr-26,Chormar BO,Odhan SO,,,,,,,,7,,,,
,L4405,Apr-26,Chuli Bagrian BO,Mandi Adampur SO,,,,3,,3,,3,,,,
,L4406,Apr-26,Chuli Khurd BO,Mandi Adampur SO,,,1,1,,4,,1,,,,
,E5444,Apr-26,Dabra BO,Modle Town Hisar SO,,,,1,,,,3,,,,
,12510401,Apr-26,Dabwali Town SO,,,,,12,,4,,,,,,
,L6265,Apr-26,Dabwali Village BO,Mandi Dabwali SO,,,,,,1,,,,,,
,H8906,Apr-26,Dahima BO,Hisar Cantt SO,,,2,3,,5,,,,,,
,L3927,Apr-26,Dahman BO,Pabra SO,,,2,2,,,,,,,,
,J7265,Apr-26,Daiyar BO,Bhattu Kalan SO,,,,,,1,,,,,,
,J6188,Apr-26,Damdama BO,Siri Jiwan Nagar SO,,,,7,,,,,,,,
,J3472,Apr-26,Darba Kalan BO,Chopta Nathu Sari SO,,,1,,,,,,,,,
,J7792,Apr-26,Darbi BO,Sikander Pur SO,,,2,,,,,,,,,
,C8619,Apr-26,Dariyapur BO,Fatehabad SO Fatehabad,,,2,,,3,,,,,,
,L4407,Apr-26,Daroli BO,Mandi Adampur SO,,,1,2,,2,,,,,,
,H3016,Apr-26,Datta BO,Sisai SO Hisar,,,3,5,,3,,22,,,,
,F0222,Apr-26,Daultpur BO,Barwala SO Hisar,,,5,,,,,2,,,,
,G2203,Apr-26,Daya BO,Modle Town Hisar SO,,,2,,,,,19,,,,
,H9306,Apr-26,Degoh BO,Dharsul Kalan SO,,,1,,,1,,,,,,
,L5328,Apr-26,Desu Mulkana BO,Kalanwali SO,,,1,1,,4,,9,,,,
,J7266,Apr-26,Dhabi Kalan BO,Bhattu Kalan SO,,,,3,,3,,5,,,,
,G7185,Apr-26,Dhadh BO,Barwala SO Hisar,,,1,1,,3,,,,,,
,F3714,Apr-26,Dhana Kalan BO,Hansi SO,,,,1,,3,,,,,,
,B1906,Apr-26,Dhana Khurd BO,Hansi SO,,,1,2,,1,,2,,,,
,G2176,Apr-26,Dhand BO,Fatehabad SO Fatehabad,,,,1,,2,,,,,,
,F3715,Apr-26,Dhanderi BO,Hansi SO,,,,,,1,,,,,,
,A7273,Apr-26,Dhanger BO,Badopal SO,,,6,,,,,,,,,
,D0587,Apr-26,Dhani Gopal BO,Bhuna SO,,,2,,,3,,,,,,
,G7186,Apr-26,Dhani Khan Bahadur BO,Barwala SO Hisar,,,1,,,1,,1,,,,
,G2177,Apr-26,Dhani Majra BO,Fatehabad SO Fatehabad,,,3,5,,1,,,,,,
,B1905,Apr-26,Dhani Peeranwali BO,Hansi SO,,,,2,,6,,5,,,,
,E5445,Apr-26,Dhansu BO,Modle Town Hisar SO,,,4,1,,3,,,,,,
,J2176,Apr-26,Dharam Kheri BO,Khanda Kheri SO,,,,4,,1,,,,,,
,J6189,Apr-26,Dharampura BO,Siri Jiwan Nagar SO,,,1,5,,,,12,,,,
,12510601,Apr-26,Dharsul Kalan SO,,,1,2,8,,9,,17,,3,,
,J7267,Apr-26,Dhingsara BO,Bhattu Kalan SO,,,1,,,3,,,,,,
,E7325,Apr-26,Dholu BO,Bhuna SO,,,1,,,2,,,,,,
,12505801,Apr-26,Ding SO,,,2,5,3,,5,,3,,,2,
,L3902,Apr-26,DOBHI BO,Ha U Hisar SO,,,1,,,2,,,,,,
,L6356,Apr-26,Dohtar BO,Rania SO,,,5,,,2,,10,,,,
,J6190,Apr-26,Dudianwali BO,Siri Jiwan Nagar SO,,,2,2,,,,,,,,
,B3822,Apr-26,Dullat BO,Bhuna SO,,,4,2,,,,,,,,
,L4408,Apr-26,Durjanpur BO,Mandi Adampur SO,,,1,1,,,,,,,,
,12510201,Apr-26,Ellenabad SO,,,,14,53,,24,,88,,1,21,
,B6757,Apr-26,Faridpur BO,Barwala SO Hisar,,,2,,,1,,,,,,
,12505001,Apr-26,Fatehabad SO Fatehabad,,27,4,35,114,,46,8,124,,18,12,
,12505002,Apr-26,Fatehabd Kty SO,,,,,95,,14,52,14,,6,9,
,D9412,Apr-26,Fatehpuri BO,Tohana Mandi SO,,,1,,,2,,,,,,
,A1157,Apr-26,Ferozabad BO,Sirsa HO,,,,1,,,,,,,,
,J7793,Apr-26,Furwain Kalan BO,Sikander Pur SO,,,1,1,,1,,5,,,,
,F0223,Apr-26,Gaibipur BO,Barwala SO Hisar,,,8,2,,1,,1,,,,
,C2820,Apr-26,Gajuwala BO,Tohana Mandi SO,,,,10,,,,,,,,
,J6619,Apr-26,Gamra BO,Narnaund SO,,,,,,1,,4,,,,
,J6573,Apr-26,Ganda BO,Nagpur S.O.,,,,,,1,,,,,,
,J8297,Apr-26,Ganga BO,Goriwala SO,,,1,2,,2,,5,,,,
,C4404,Apr-26,Gangwa BO,Azad Nagar Hisar SO,,,5,2,,1,,,,,,
,B1907,Apr-26,Garhi BO,Hansi SO,,,1,,,,,,,,,
,G6384,Apr-26,Gawar BO,Azad Nagar Hisar SO,,,,1,,1,,,,,,
,C0333,Apr-26,Ghirai BO,Hansi SO,,,3,,,2,,,,,,
,J8298,Apr-26,Ghoranwali BO,Goriwala SO,,,1,,,2,,,,,,
,L4409,Apr-26,Ghursal BO,Mandi Adampur SO,,,,,,1,,5,,,,
,E5430,Apr-26,Gillan Khera BO,Fatehabad SO Fatehabad,,,,1,,1,,,,,,
,12500102,Apr-26,Gju Hisar SO,,2,,1,6,,4,,11,,1,3,
,N8073,Apr-26,Glf Hisar BO,BSF Hisar SO,,,2,2,,1,,,,,,
,E0838,Apr-26,Gorakhpur BO,Agroha SO,,,,,,1,,,,,,
,E9445,Apr-26,Gorchi BO,Azad Nagar Hisar SO,,,,,,1,,,,,,
,12510301,Apr-26,Goriwala SO,,,,3,0,,7,,5,,,1,
,A1158,Apr-26,Gudia Kheda BO,Sirsa HO,,,2,7,,2,,2,,,,
,C5199,Apr-26,Gurana BO,Barwala SO Hisar,,,,1,,,,,,,,
,J6574,Apr-26,Gurusar BO,Rattia SO,,,,1,,2,,,,,,
,J3473,Apr-26,Gussiaiyana BO,Chopta Nathu Sari SO,,,2,,,5,,,,,,
,12500401,Apr-26,Ha U Hisar SO,,5,1,5,22,,20,67,25,,,8,
,J6620,Apr-26,Haibatpur BO,Narnaund SO,,,2,,,,,,,,,
,C8615,Apr-26,Hajampur BO,Hansi SO,,,1,2,,1,,20,,,,
,B1911,Apr-26,Hajrawan Kalan BO,Fatehabad SO Fatehabad,,,1,,,,,,,,,
,C0339,Apr-26,Hajrawan Khurd BO,Fatehabad SO Fatehabad,,,,,,2,,10,,,,
,J6575,Apr-26,Hamzapur BO,Rattia SO,,,,,,2,,,,,,
,H9308,Apr-26,Handalwala BO,Dharsul Kalan SO,,,1,4,,4,,,,,,
,12503303,Apr-26,Hansi City SO,,1,1,6,40,,18,7,77,,,4,
,12503304,Apr-26,Hansi SO,,16,7,35,85,,52,8,143,,2,16,
,J3474,Apr-26,Hanziran BO,Chopta Nathu Sari SO,,,,,,1,,,,,,
,J6191,Apr-26,Haripura BO,Siri Jiwan Nagar SO,,,,2,,,,,,,,
,C8642,Apr-26,Harita BO,Modle Town Hisar SO,,,,,,3,,2,,,,
,J6577,Apr-26,Haroli BO,Nagpur S.O.,,,1,,,,,5,,,,
,J6578,Apr-26,Hassanga BO,Rattia SO,,,1,,,2,,,,,,
,F8537,Apr-26,Hassangarh BO,Uklana Mandi SO,,,2,1,,3,,,,,,
,12500104,Apr-26,Hisar  Nai Mandi SO,,1,1,3,4,,1,1,2,,,,
,12500601,Apr-26,Hisar Cantt SO,,6,,2,10,,26,,12,,,4,
,12500105,Apr-26,Hisar City SO,,6,2,1,19,,,32,14,,1,3,
,12500100,Apr-26,Hisar HO,,38,13,27,141,,93,24,385,,21,97,
,12500106,Apr-26,Hisar Kty SO,,1,,4,18,,18,2,9,,,,
,12500103,Apr-26,HTM Hisar SO,,2,,6,23,,15,5,37,,,,
,B1924,Apr-26,IACBP Hisar BO,Modle Town Hisar SO,,,,20,,2,,4,,,,
,A5879,Apr-26,Inda Chhoi BO,Tohana Mandi SO,,,,,,1,,1,,,,
,L5330,Apr-26,Jagmalwali BO,Kalanwali SO,,,,,,,,10,,,,
,12513301,Apr-26,Jakhal Mandi SO,,1,1,3,20,,7,3,51,,2,11,
,L4410,Apr-26,Jakhod Khera BO,Mandi Adampur SO,,,,1,,,,,,,,
,L5331,Apr-26,Jalalana BO,Kalanwali SO,,,,,,2,,,,,,
,J6579,Apr-26,Jallopur BO,Nagpur S.O.,,,3,1,,,,2,,,,
,J3475,Apr-26,Jamal BO,Chopta Nathu Sari SO,,,,2,,,,,,,,
,D9413,Apr-26,Jamalpur Sheikhan BO,Tohana Mandi SO,,,1,,,2,,,,,,
,C8616,Apr-26,Jamawari BO,Hansi SO,,,1,,,5,,2,,,,
,B3823,Apr-26,Jandli Kalan BO,Bhuna SO,,,1,1,,5,,6,,,,
,D8931,Apr-26,Jandli Khurd BO,Bhuna SO,,,1,8,,3,,,,,,
,J7263,Apr-26,Jandwala Bishnoian BO,Chautala SO,,,1,,,,,,,,,
,J7268,Apr-26,Jandwala BO,Bhattu Kalan SO,,,4,27,,1,,,,,,
,12505601,Apr-26,JCD Vidyapeeth Sirsa,,,1,2,25,,4,6,34,,1,2,
,F0224,Apr-26,Jeora BO,Barwala SO Hisar,,,,,,,,2,,,,
,A3415,Apr-26,Jhalnia BO,Fatehabad SO Fatehabad,,,1,,,,,,,,,
,G6838,Apr-26,Jhorar Rohi BO,Baragudha SO,,,1,,,,,,,,,
,D4829,Apr-26,Jhornali BO,Sirsa HO,,,2,,,1,,,,,,
,F9957,Apr-26,Jodhkan BO,Sirsa HO,,,4,2,,,,2,,,,
,L6357,Apr-26,Jodhpuria BO,Rania SO,,,2,4,,5,,,,,,
,E5446,Apr-26,Juglan BO,Modle Town Hisar SO,,,1,,,1,,,,,,
,L4411,Apr-26,Kabrel BO,Mandi Adampur SO,,,,,,1,,10,,,,
,J2177,Apr-26,Kagasar BO,Khanda Kheri SO,,,1,,,,,,,,,
,J3476,Apr-26,Kagdana BO,Chopta Nathu Sari SO,,,2,1,,1,,,,,,
,L4412,Apr-26,Kajlan BO,Mandi Adampur SO,,,2,7,,,,,,,,
,12520101,Apr-26,Kalanwali SO,,3,1,9,113,,25,1,120,,8,22,
,L4413,Apr-26,Kalirawan BO,Mandi Adampur SO,,,,4,,,,,,,,
,J8299,Apr-26,Kaluana BO,Goriwala SO,,,2,,,3,,,,,,
,J6580,Apr-26,Kamana BO,Rattia SO,,,1,7,,1,,,,,,
,A5880,Apr-26,Kanheri BO,Tohana Mandi SO,,,4,,,,,10,,,,
,L3928,Apr-26,Kanoh Punia BO,Pabra SO,,,3,,,2,,18,,,,
,G8428,Apr-26,Kanwari BO,Nalwa SO,,,3,2,,3,,2,,,,
,J6621,Apr-26,Kapro BO,Narnaund SO,,,1,1,,,,,,,,
,AP171,Apr-26,Karamsana B.O.,Ellenabad SO,,,,4,,1,,,,,,
,H9309,Apr-26,Karandi BO,Dharsul Kalan SO,,,,2,,,,1,,,,
,J6192,Apr-26,Kariwala BO,Siri Jiwan Nagar SO,,,4,7,,,,,,,,
,C0340,Apr-26,Karnoli BO,Fatehabad SO Fatehabad,,,,7,,,,,,,,
,J8300,Apr-26,Keharwala BO,Goriwala SO,,,1,10,,4,,,,,,
,C6446,Apr-26,Keshopura BO,Sirsa HO,,,3,,,,,,,,,
,J7269,Apr-26,Khabra Kalan BO,Bhattu Kalan SO,,,4,,,2,,,,,,
,AP172,Apr-26,Khai Shergarh,Odhan SO,,,,2,,1,,,,,,
,L4414,Apr-26,Khairampur BO,Mandi Adampur SO,,,2,,,4,,5,,,,
,C0341,Apr-26,Khairati Khera BO,Fatehabad SO Fatehabad,,,1,,,2,,,,,,
,J6535,Apr-26,Khairekan BO,Odhan SO,,,2,,,2,,4,,,,
,12505502,Apr-26,Khairpur SO,,2,2,3,35,,11,2,38,,,7,
,G4243,Apr-26,Khajuri Jatti BO,Bhuna SO,,,,15,,1,,,,,,
,12503801,Apr-26,Khanda Kheri SO,,,,1,0,,12,1,11,,,1,
,D2444,Apr-26,Khara Kheri BO,Badopal SO,,,3,,,,,3,,,,
,B6758,Apr-26,Kharak Punia BO,Barwala SO Hisar,,,2,2,,1,,,,,,
,L3934,Apr-26,Kharar Alipur BO,Satroad Khurd SO,,,5,6,,7,,27,,,,
,G6165,Apr-26,Kharbala BO,Bass SO,,,6,1,,1,,2,,,,
,D5968,Apr-26,Khari Sureran BO,Ellenabad SO,,,,2,,,,,,,,
,L3904,Apr-26,Kharia BO,Ha U Hisar SO,,,,,,1,,,,,,
,L6358,Apr-26,Kharian BO,Rania SO,,,5,5,,3,,2,,,,
,B6759,Apr-26,Kharkara BO,Barwala SO Hisar,,,4,1,,1,,,,,,
,C8617,Apr-26,Kharkari BO,Hansi SO,,,1,,,,,,,,,
,F8637,Apr-26,Khedar BO,Barwala SO Hisar,,,1,,,,,10,,,,
,A3432,Apr-26,Kheri Barki BO,Modle Town Hisar SO,,,6,,,,,2,,,,
,H3017,Apr-26,Kheri Gangan BO,Sisai SO Hisar,,,,,,3,,42,,,,
,J6622,Apr-26,Kheri Jalab BO,Narnaund SO,,,,,,1,,,,,,
,L6268,Apr-26,Khuiyana Malkana BO,Mandi Dabwali SO,,,2,1,,2,,5,,,,
,J6581,Apr-26,Khunan BO,Nagpur S.O.,,,1,2,,,,,,,,
,L3930,Apr-26,Kinala BO,Pabra SO,,,3,,,,,1,,,,
,J7270,Apr-26,Kirdhan BO,Bhattu Kalan SO,,,2,,,1,,,,,,
,F7640,Apr-26,Kirmara BO,Agroha SO,,,1,,,1,,,,,,
,L3931,Apr-26,Kirori BO,Pabra SO,,,1,,,,,3,,,,
,L3905,Apr-26,Kirtan BO,Ha U Hisar SO,,,2,1,,2,,4,,,,
,L4415,Apr-26,Kishangarh BO,Mandi Adampur SO,,,,4,,,,,,,,
,L4416,Apr-26,Kohli BO,Mandi Adampur SO,,,,,,1,,,,,,
,J6624,Apr-26,Koth Khurd BO,Narnaund SO,,,,1,,11,,2,,,,
,F6201,Apr-26,Kudni BO,Tohana Mandi SO,,,3,,,1,,10,,,,
,A3416,Apr-26,Kukranwali BO,Fatehabad SO Fatehabad,,,3,14,,7,,18,,,,
,C0334,Apr-26,Kulana BO,Hansi SO,,,1,,,1,,10,,,,
,B5746,Apr-26,Kuleri BO,Agroha SO,,,,,,3,,,,,,
,H9310,Apr-26,Kullan BO,Dharsul Kalan SO,,,,,,,,6,,,,
,A7320,Apr-26,Kumaharia BO,Agroha SO,,,1,2,,,,,,,,
,F8539,Apr-26,Kumba Khera BO,Uklana Mandi SO,,,1,,,2,,,,,,
,C8618,Apr-26,Kumbha BO,Hansi SO,,,2,2,,4,,2,,,,
,G6839,Apr-26,Kurangawali BO,Baragudha SO,,,2,,,,,8,,,,
,A1159,Apr-26,Kusumbhi BO,Sirsa HO,,,,,,1,,,,,,
,F1511,Apr-26,Kutewadh BO,Sirsa HO,,,,1,,,,,,,,
,J6582,Apr-26,Laduwas BO,Rattia SO,,,,3,,,,2,,,,
,H8907,Apr-26,Ladwa BO,Hisar Cantt SO,,,3,4,,1,,,,,,
,L4417,Apr-26,Ladwi BO,Mandi Adampur SO,,,1,1,,4,,,,,,
,L5332,Apr-26,Lakarwali BO,Kalanwali SO,,,2,,,1,,,,,,
,D9414,Apr-26,Lalauda BO,Tohana Mandi SO,,,2,,,,,,,,,
,J6583,Apr-26,Lali BO,Rattia SO,,,,,,1,,34,,,,
,D2498,Apr-26,Landhari BO,Agroha SO,,,1,1,1,,,,,,,
,C4849,Apr-26,Lehangewala BO,Baragudha SO,,,2,,,,,,,,,
,H9311,Apr-26,Lehraian BO,Dharsul Kalan SO,,,,,,,,1,,,,
,E1732,Apr-26,Litani BO,Uklana Mandi SO,,,1,1,,5,,6,,,,
,J6625,Apr-26,Lohari Ragho BO,Narnaund SO,,,,,,1,,,,,,
,J3477,Apr-26,Ludesar BO,Chopta Nathu Sari SO,,,,,,3,,4,,,,
,12505102,Apr-26,M S Rattia SO,,12,4,6,1,,5,5,2,,,,
,12510202,Apr-26,M.S Ellenabad SO,,1,,3,,,1,,,,,,
,C4149,Apr-26,Madanheri BO,Bass SO,,,2,1,,2,,,,,,
,J6626,Apr-26,Madha BO,Narnaund SO,,,,1,,,,12,,,,
,F9958,Apr-26,Madho Singhana BO,Sirsa HO,,,1,,,2,,,,,,
,L4418,Apr-26,Mahalsara BO,Mandi Adampur SO,,,1,5,,,,2,,,,
,G6168,Apr-26,Mahmadpur Rohi BO,Badopal SO,,,3,1,,4,,4,,,,
,J6627,Apr-26,Majra BO,Narnaund SO,,,3,1,,3,,18,,,,
,J3478,Apr-26,Makhosarani BO,Chopta Nathu Sari SO,,,2,,,2,,,,,,
,A9649,Apr-26,Mallekan BO,Sirsa HO,,,,4,1,3,,2,,,,
,E4282,Apr-26,Mamera Kalan BO,Ellenabad SO,,,,10,,,,,,,,
,12505201,Apr-26,Mandi Adampur SO,,69,3,15,129,,37,5,62,,7,19,
,12510402,Apr-26,Mandi Dabwali SO,,5,2,7,40,,20,9,21,,4,20,
,F9959,Apr-26,Mangala BO,Sirsa HO,,,5,,,3,,2,,,,
,D7107,Apr-26,Mangali BO,Modle Town Hisar SO,,,2,1,,1,,,,,,
,H9312,Apr-26,Manghera BO,Dharsul Kalan SO,,,1,6,,2,,,,,,
,J6584,Apr-26,Marh BO,Nagpur S.O.,,,1,,,1,,2,,,,
,L6271,Apr-26,Masitan BO,Mandi Dabwali SO,,,,,,1,,,,,,
,H3019,Apr-26,Masudpur BO,Sisai SO Hisar,,,1,,,4,,21,,,,
,J8301,Apr-26,Matdadu BO,Goriwala SO,,,1,11,,1,,,,,,
,D3549,Apr-26,Matloda BO,Barwala SO Hisar,,,2,,,,,,,,,
,L3906,Apr-26,Mattar Sham BO,Ha U Hisar SO,,,,,,1,,,,,,
,D4830,Apr-26,Maujdin BO,Sirsa HO,,,,6,,1,,25,,,,
,L6272,Apr-26,Maujgarbh BO,Mandi Dabwali SO,,,1,,,3,,3,,,,
,J7012,Apr-26,Mauju Khera BO,Bahaudin SO,,,,,,2,,,,,,
,A2294,Apr-26,Mauju Khera BO,Ellenabad SO,,,,1,,1,,4,,,,
,L3935,Apr-26,Mayar BO,Satroad Khurd SO,,,,1,,,,19,,,,
,12500107,Apr-26,MCHisar SO,,3,,5,64,,20,1,41,,4,,
,A3412,Apr-26,Mehanda BO,Hansi SO,,,,,,,,10,,,,
,J6585,Apr-26,Mehmra BO,Rattia SO,,,1,,,1,,,,,,
,J7271,Apr-26,Mehuwala BO,Bhattu Kalan SO,,,4,1,,2,,,,,,
,L3890,Apr-26,Meond Kalan BO,Jakhal Mandi SO,,,2,,,,,,,,,
,L3891,Apr-26,Meond Khurd BO,Jakhal Mandi SO,,,2,,,,,,,,,
,J6628,Apr-26,Milakpur BO,Narnaund SO,,,1,,,,,,,,,
,12503305,Apr-26,Mini Secretariat Hansi SO,,15,,1,,,,,7,,,,
,12500108,Apr-26,Mini Sectthisar SO,,4,2,3,14,,10,7,26,,,,
,12505503,Apr-26,MiniSecttSirsa SO,,7,,2,46,,7,1,53,,,2,
,J6586,Apr-26,Mirana BO,Rattia SO,,,2,10,,,,,,,,
,J6629,Apr-26,Mirchpur BO,Narnaund SO,,,6,2,,5,,12,,,,
,B9190,Apr-26,Mirzapur BO,Ellenabad SO,,,1,,,5,,8,,,,
,C0356,Apr-26,Mirzapur BO,Modle Town Hisar SO,,,,3,,3,,,,,,
,C7470,Apr-26,Mithanpura BO,Ellenabad SO,,,,3,,,,,,,,
,L6273,Apr-26,Mithri BO,Mandi Dabwali SO,,,,1,,1,,,,,,
,L4419,Apr-26,Moda Khera BO,Mandi Adampur SO,,,,,,2,,,,,,
,12500501,Apr-26,Modle Town Hisar SO,,12,4,11,31,,23,18,46,,,14,
,L4420,Apr-26,Mohabatpur BO,Mandi Adampur SO,,,1,,,,,,,,,
,J6587,Apr-26,Mohmadpur Sotter BO,Rattia SO,,,3,,,,,,,,,
,J7794,Apr-26,Moriwala BO,Sikander Pur SO,,,1,1,,,,,,,,
,J6630,Apr-26,Moth BO,Narnaund SO,,,2,2,,4,,1,,,,
,12505504,Apr-26,MTS Sirsa SO,,48,1,5,53,,25,2,38,,2,20,
,F7827,Apr-26,Muklan BO,Azad Nagar Hisar SO,,,1,,,1,,,,,,
,E5431,Apr-26,Munawali BO,Fatehabad SO Fatehabad,,,1,,,3,,2,,,,
,L3892,Apr-26,Mundlian BO,Jakhal Mandi SO,,,4,9,,1,,,,,,
,J8302,Apr-26,Munnawali BO,Goriwala SO,,,,5,,1,,,,,,
,H9313,Apr-26,Musa Khera BO,Dharsul Kalan SO,,,2,,,,,,,,,
,G8429,Apr-26,Muzadpur BO,Nalwa SO,,,3,,,,,,,,,
,C2294,Apr-26,Nadhori BO,Bhuna SO,,,3,1,,3,,,,,,
,C4850,Apr-26,Nagoki BO,Baragudha SO,,,1,,,2,,10,,,,
,12506101,Apr-26,Nagpur S.O.,,,4,10,3,,2,,0,,,,
,12505003,Apr-26,Nai Mandi Fatehabad SO,,1,,,38,,12,5,41,,,8,
,12505505,Apr-26,Nai Mandi Sirsa SO,,14,5,4,94,,21,4,20,,3,7,
,B1912,Apr-26,Nakhatia BO,Fatehabad SO Fatehabad,,,,3,,7,,,,,,
,J6193,Apr-26,Nakora BO,Siri Jiwan Nagar SO,,,1,,,1,,,,,,
,12503701,Apr-26,Nalwa SO,,,,2,1,,1,,5,,,,
,12500109,Apr-26,NAM Hisar SO,,2,,3,5,,9,3,17,,1,11,
,J6589,Apr-26,Nangal BO,Rattia SO,,,,1,,1,,1,,,,
,D1135,Apr-26,Nangla BO,Tohana Mandi SO,,,4,2,,2,,1,,,,
,A7321,Apr-26,Nangthala BO,Agroha SO,,,2,,,,,,,,,
,H9314,Apr-26,Nanheri BO,Dharsul Kalan SO,,,1,,,1,,14,,,,
,L6359,Apr-26,Nanuana BO,Rania SO,,,5,,,,,,,,,
,J6631,Apr-26,Nara BO,Narnaund SO,,,,,,1,,2,,,,
,12503901,Apr-26,Narnaund SO,,,2,8,11,,18,1,12,,5,5,
,J6194,Apr-26,Nathore BO,Siri Jiwan Nagar SO,,,,,,1,,,,,,
,J3479,Apr-26,Nathusari Kalan BO,Chopta Nathu Sari SO,,,3,,,,,,,,,
,L3893,Apr-26,Nathuwal BO,Jakhal Mandi SO,,,1,,,,,10,,,,
,J6590,Apr-26,Nathwan BO,Rattia SO,,,,1,,,,11,,,,
,L3932,Apr-26,Nehla BO,Pabra SO,,,5,,,2,,10,,,,
,L3907,Apr-26,Neoli Kalan BO,Ha U Hisar SO,,,5,1,,3,,,,,,
,J6536,Apr-26,Nezadela Khurd BO,Odhan SO,,,1,1,,1,,,,,,
,C8643,Apr-26,Niyana BO,Modle Town Hisar SO,,,2,1,,3,,2,,,,
,J7795,Apr-26,Nozadela Kalan BO,Sikander Pur SO,,,,1,,3,,,,,,
,J6537,Apr-26,Nuhiyanwali BO,Odhan SO,,,1,,,4,,,,,,
,12507701,Apr-26,Odhan SO,,,,1,3,,14,,0,,,,
,A1160,Apr-26,Ottu BO,Sirsa HO,,,6,,,,,1,,,,
,12511201,Apr-26,Pabra SO,,1,,5,2,,6,,11,,,,
,H3020,Apr-26,Pali BO,Sisai SO Hisar,,,3,,,1,,7,,,,
,J6591,Apr-26,Palsar BO,Rattia SO,,,,,,,,15,,,,
,J7796,Apr-26,PANIHARI BO,Sikander Pur SO,,,,1,,,,,,,,
,F8638,Apr-26,Panihari BO,Barwala SO Hisar,,,3,,,2,,,,,,
,J6538,Apr-26,Paniwala Mota BO,Odhan SO,,,2,,,,,20,,,,
,L6274,Apr-26,Paniwala Ruldu BO,Mandi Dabwali SO,,,,1,,,,5,,,,
,J6539,Apr-26,Panjuana BO,Odhan SO,,,1,4,,1,,2,,,,
,B6640,Apr-26,Parbhuwala BO,Uklana Mandi SO,,,4,3,,2,,3,,,,
,G4791,Apr-26,Partan BO,Tohana Mandi SO,,,,50,,,,,,,,
,12500110,Apr-26,Patel Nager Hisar SO,,13,,4,33,,12,59,76,,3,20,
,A3413,Apr-26,Petwar BO,Hansi SO,,,1,,,10,,17,,,,
,J7797,Apr-26,Phulkan BO,Sikander Pur SO,,,,,,,,10,,,,
,J6592,Apr-26,Phullan BO,Nagpur S.O.,,,1,,,,,,,,,
,J7272,Apr-26,Pili Mandori BO,Bhattu Kalan SO,,,2,,,1,,,,,,
,L5335,Apr-26,Pipli BO,Kalanwali SO,,,,,,,,9,,,,
,C2821,Apr-26,Pirthala BO,Tohana Mandi SO,,,2,,,1,,,,,,
,A2295,Apr-26,Poharkan BO,Ellenabad SO,,,2,2,,,,5,,,,
,B5692,Apr-26,Puthi Samain BO,Bass SO,,,3,,,,,12,,,,
,B1909,Apr-26,Puthimangal Khan BO,Hansi SO,,,,1,,1,,,,,,
,L3936,Apr-26,Qutabpur BO,Satroad Khurd SO,,,,15,,1,,,,,,
,G4792,Apr-26,Rainwali BO,Tohana Mandi SO,,,2,1,,1,,10,,,,
,L3937,Apr-26,Raipur BO,Satroad Khurd SO,,,,2,,2,,,,,,
,F0225,Apr-26,Rajli BO,Barwala SO Hisar,,,4,,,,,1,,,,
,J6632,Apr-26,Rajthal BO,Narnaund SO,,,2,,,,,,,,,
,J6633,Apr-26,Rakhi Shahpur BO,Narnaund SO,,,4,1,,4,,,,,,
,J8303,Apr-26,Rampur Bishnoian BO,Goriwala SO,,,3,,,,,,,,,
,J7273,Apr-26,Ramsara BO,Bhattu Kalan SO,,,2,,,5,,,,,,
,D4831,Apr-26,Randhawa BO,Sirsa HO,,,2,,,2,,,,,,
,12507601,Apr-26,Rania SO,,3,,3,24,,8,,20,,,5,
,J6594,Apr-26,Ratta Khera BO,Nagpur S.O.,,,,,,1,,,,,,
,H9315,Apr-26,Ratta Theh BO,Dharsul Kalan SO,,,,,,2,,,,,,
,C8620,Apr-26,Ratta Tibba BO,Fatehabad SO Fatehabad,,,2,3,,,,10,,,,
,12505101,Apr-26,Rattia SO,,1,,9,11,,16,1,26,,,8,
,L3908,Apr-26,Rawalwas Khurd BO,Ha U Hisar SO,,,4,20,,,,,,,,
,J8304,Apr-26,Risalia Khera BO,Goriwala SO,,,3,1,,4,,1,,,,
,J3480,Apr-26,Rupawas BO,Chopta Nathu Sari SO,,,1,,,4,,,,,,
,L4421,Apr-26,Sadalpur BO,Mandi Adampur SO,,,4,1,,2,,,,,,
,L3894,Apr-26,Sadhanwas BO,Jakhal Mandi SO,,,1,,,,,,,,,
,G7092,Apr-26,Sahu BO,Uklana Mandi SO,,,,,,1,,,,,,
,J6540,Apr-26,Sahuwala BO,Odhan SO,,,,,,1,,8,,,,
,J3481,Apr-26,Sahuwala ii BO,Chopta Nathu Sari SO,,,1,3,,4,,19,,,,
,L6275,Apr-26,Sakta Khera BO,Mandi Dabwali SO,,,1,1,,1,,,,,,
,L4422,Apr-26,Salemgarh BO,Mandi Adampur SO,,,1,1,,2,,11,,,,
,G4793,Apr-26,Samain BO,Tohana Mandi SO,,,2,4,,2,,,,,,
,C2295,Apr-26,Sanchla BO,Bhuna SO,,,1,1,,,,16,,,,
,D3550,Apr-26,Sandlana BO,Barwala SO Hisar,,,12,,,,,,,,,
,B6641,Apr-26,Saniana BO,Uklana Mandi SO,,,2,,,2,,,,,,
,J6195,Apr-26,Sant Nagar BO,Siri Jiwan Nagar SO,,,,2,,,,8,,,,
,L3909,Apr-26,Sarsana BO,Ha U Hisar SO,,,2,1,,,,,,,,
,E1836,Apr-26,Sarsod BO,Barwala SO Hisar,,,1,,,,,2,,,,
,H8908,Apr-26,Satroad Kalan BO,Hisar Cantt SO,,,2,,,3,,,,,,
,12504401,Apr-26,Satroad Khurd SO,,1,1,4,6,,20,,24,,,,
,C0357,Apr-26,Shaharwa BO,Modle Town Hisar SO,,,3,,,1,,,,,,
,F9960,Apr-26,Shahpur Begu BO,Sirsa HO,,,2,1,,2,,,,,,
,L3910,Apr-26,Shahpur BO,Ha U Hisar SO,,,2,3,,3,,2,,,,
,G2171,Apr-26,Shaikhpura BO,Hansi SO,,,1,,,1,,2,,,,
,J3482,Apr-26,Shakar Mandori BO,Chopta Nathu Sari SO,,,2,,,,,5,,,,
,H9316,Apr-26,Shakarpura BO,Dharsul Kalan SO,,,,,,1,,4,,,,
,E0839,Apr-26,Shamsukh BO,Agroha SO,,,1,,,,,,,,,
,J6595,Apr-26,Sheikhpur Sotter BO,Rattia SO,,,,,,1,,,,,,
,J7274,Apr-26,Shekhupur Daroli B.O,Bhattu Kalan SO,,,,2,,3,,202,,,,
,L6276,Apr-26,Shergarh BO,Mandi Dabwali SO,,,,1,,,,,,,,
,J3483,Apr-26,Sherpura BO,Chopta Nathu Sari SO,,,1,1,,4,,,,,,
,L3895,Apr-26,Sidhani BO,Jakhal Mandi SO,,,,14,,,,2,,,,
,12506001,Apr-26,Sikander Pur SO,,,7,0,1,,0,,0,,,,
,E5429,Apr-26,Sindher BO,Hansi SO,,,,1,,3,,,,,,
,L5337,Apr-26,Singhpura BO,Kalanwali SO,,,,,,2,,,,,,
,D7108,Apr-26,Singhran BO,Modle Town Hisar SO,,,1,8,,,,,,,,
,F7583,Apr-26,Singhwa BO,Bass SO,,,4,1,,1,,5,,,,
,12507501,Apr-26,Siri Jiwan Nagar SO,,,,4,8,1,28,1,6,,,,
,12505500,Apr-26,Sirsa HO,,19,3,26,211,0,39,32,179,,36,81,
,12504901,Apr-26,Sisai SO Hisar,,,2,8,1,,12,1,11,,,,
,E0840,Apr-26,Siwani Bolan BO,Agroha SO,,,3,,,,,,,,,
,G2172,Apr-26,Sorkhi BO,Hansi SO,,,2,,,3,,1,,,,
,F1512,Apr-26,Suchan Kotli BO,Sirsa HO,,,2,1,,,,1,,,,
,L5338,Apr-26,Sukhchain BO,Kalanwali SO,,,,,,1,,,,,,
,J7275,Apr-26,Suli Khera BO,Bhattu Kalan SO,,,1,,,,,,,,,
,G2173,Apr-26,Sultanpur BO,Hansi SO,,,1,,,,,,,,,
,L6360,Apr-26,Sultanpuria BO,Rania SO,,,1,,,4,,,,,,
,L3911,Apr-26,Sundawas BO,Ha U Hisar SO,,,,,,,,2,,,,
,F8540,Apr-26,Surewala BO,Uklana Mandi SO,,,2,,,2,,2,,,,
,L5339,Apr-26,Surtia BO,Kalanwali SO,,,,1,,,,,,,,
,L5340,Apr-26,Takhatmal BO,Kalanwali SO,,,,4,,3,,3,,,,
,F3735,Apr-26,Talwandi Rana BO,Modle Town Hisar SO,,,1,,,1,,1,,,,
,B1925,Apr-26,Talwandi Rukka BO,Modle Town Hisar SO,,,8,,,,,,,,,
,L3896,Apr-26,Talwara BO,Jakhal Mandi SO,,,,2,,1,,1,,,,
,D5969,Apr-26,Talwara Khurd BO,Ellenabad SO,,,1,,,2,,5,,,,
,L5341,Apr-26,Taruana BO,Kalanwali SO,,,,2,,,,,,,,
,A7322,Apr-26,Thaska BO,Agroha SO,,,,,,3,,5,,,,
,E5432,Apr-26,Theri BO,Fatehabad SO Fatehabad,,,1,5,,1,,,,,,
,J6196,Apr-26,Thersahidan BO,Siri Jiwan Nagar SO,,,,,,1,,32,,,,
,F8285,Apr-26,Thiraj BO,Baragudha SO,,,3,3,,2,,10,,,,
,J7276,Apr-26,Thuiyan BO,Bhattu Kalan SO,,,2,,,,,,,,,
,C0335,Apr-26,Thurana BO,Hansi SO,,,1,,,1,,2,,,,
,12512001,Apr-26,Tohana Mandi SO,,13,2,16,91,,43,12,127,,15,20,
,12512002,Apr-26,Tohana SO,,32,5,5,72,,24,30,135,,1,4,
,L3912,Apr-26,Tokas BO,Ha U Hisar SO,,,2,,,,,,,,,
,J2179,Apr-26,Ugalan BO,Khanda Kheri SO,,,4,2,,,,1,,,,
,12511301,Apr-26,Uklana Mandi SO,,3,5,8,33,,26,10,58,,,6,
,F9961,Apr-26,Umedpura BO,Sirsa HO,,,4,,,4,,16,,,,
,12500502,Apr-26,Urban Estate  2 Hisar SO,,38,,3,25,,21,12,39,,3,4,
,12500503,Apr-26,Vidut Nagar Hisar SO,,7,2,1,4,,10,51,32,,1,7,
,M0899,Apr-26,A.K.G.V.Mormajra B.O,Salwan S.O,,,,,,,,2,,,,
,J6642,Apr-26,Achhanpur B.O,Nissing S.O,,,,,,5,,6,,,,
,M0942,Apr-26,Adyana B.O,Madlauda S.O,,,1,2,,1,,3,,,,
,J6643,Apr-26,Agongh B.O,Nissing S.O,,,5,1,,4,,,,,,
,M0983,Apr-26,Ahar B.O,Israna S.O,,,3,,,2,,1,,,,
,F1503,Apr-26,Ahirka B.O,Jind H.O,,,1,2,,5,,2,,,,
,M0918,Apr-26,Aibla B.O,Nigdhu S.O,,,,,,,,1,,,,
,12611101,Apr-26,Alewa S.O,,3,,12,4,,5,,5,,,,
,M0943,Apr-26,Allupur B.O,Madlauda S.O,,,4,,,3,,4,,,,
,G6871,Apr-26,Amargarh B.O,Narwana S.O,,,2,3,,,,,,,,
,J6644,Apr-26,Amupur B.O,Nissing S.O,,,2,5,,1,,1,,,,
,F0120,Apr-26,Anchra Kalan B.O,Safidon S.O,,,2,1,,4,,9,,,,
,L8183,Apr-26,Arainpura B.O,Gharunda S.O,,,,2,,1,,,,,,
,H2338,Apr-26,Ardhana B.O,Assandh S.O,,,6,4,,,,,,,,
,J2764,Apr-26,Arjheri B.O,Nilokheri S.O,,,2,12,,5,,,,,,
,M1461,Apr-26,Assan B.O,Pillukhera S.O,,,1,,,,,,,,,
,C7903,Apr-26,Assan Kalan B.O,Panipat Thermal Project S.O,,,1,,,2,,2,,,,
,13203901,Apr-26,Assandh S.O,,3,1,18,35,,25,1,29,,3,8,
,M0944,Apr-26,Ataula B.O,Madlauda S.O,,,3,3,,3,,5,,,,
,13212201,Apr-26,Atta S.O,,,,2,2,,8,,28,,,,
,D9415,Apr-26,Babail B.O,Panipat Khadi Ashram S.O,,,,1,,3,,6,,,,
,M1446,Apr-26,Babarpur B.O,Panipat Refinary S.O,,,1,1,,4,,2,,,,
,M0955,Apr-26,Badanpur B.O,Dhanoda Kalan S.O,,,1,36,,1,,,,,,
,M0902,Apr-26,Badhana B.O,Naguran S.O,,,1,,,1,,2,,,,
,B6642,Apr-26,Bagru Kalan B.O,Safidon S.O,,,1,2,,4,,2,,,,
,H2339,Apr-26,Bahari B.O,Assandh S.O,,,2,2,,,,2,,,,
,J2765,Apr-26,Bairsal B.O,Nilokheri S.O,,,4,1,,6,,35,,,,
,L9304,Apr-26,Bal Rangan B.O,Ballah S.O,,,3,,,12,,1,,,,
,13204001,Apr-26,Ballah S.O,,,,4,6,,9,,28,,,,
,J6645,Apr-26,Balu B.O,Nissing S.O,,,,,,2,,4,,,,
,M1462,Apr-26,Bambhewa B.O,Pillukhera S.O,,,4,4,,1,,2,,,,
,H2340,Apr-26,Bandarala B.O,Assandh S.O,,,3,,,,,,,,,
,M0984,Apr-26,Bandh B.O,Israna S.O,,,2,1,,3,,,,,,
,M0962,Apr-26,Baniya Khera B.O,Dharthrath S.O,,,4,1,,5,,4,,,,
,J7223,Apr-26,Bansa B.O,Jundla S.O,,,1,2,,3,,2,,,,
,E7848,Apr-26,Bapoli B.O,Panipat Khadi Ashram S.O,,,7,2,,2,,18,,,,
,M1021,Apr-26,Bara Gaon B.O,S.S. Kunjpura S.O,,,3,,,5,,1,,,,
,F6202,Apr-26,Barana B.O,Panipat Khadi Ashram S.O,,,6,,,7,,2,,,,
,M0995,Apr-26,Barauta B.O,Madhuban S.O (Karnal),,,,1,,1,,,,,,
,M7001,Apr-26,Baroda B.O,Uchana S.O,,,2,,,4,,8,,,,
,M0889,Apr-26,Baroli B.O,Shamlo Kalan S.O,,,1,,,1,,,,,,
,L8184,Apr-26,Barsat B.O,Gharunda S.O,,,5,3,,5,,9,,,,
,M7002,Apr-26,Barsola B.O,Uchana S.O,,,1,1,,2,,,,,,
,M1463,Apr-26,Barthana B.O,Pillukhera S.O,,,1,2,,3,,4,,,,
,J6646,Apr-26,Bastali B.O,Nissing S.O,,,2,4,,,,3,,,,
,L8185,Apr-26,Bastara B.O,Gharunda S.O,,,3,2,,,,9,,,,
,M0997,Apr-26,Beejna B.O,Madhuban S.O (Karnal),,,1,1,,,,,,,,
,D3199,Apr-26,Beholi B.O,Samalkha S.O,,,3,3,,4,,6,,,,
,F8312,Apr-26,Belarkhan B.O,Narwana S.O,,,3,,,1,,1,,,,
,C7904,Apr-26,Bhadar B.O,Panipat Thermal Project S.O,,,,,,,,1,,,,
,J2766,Apr-26,Bhadson B.O,Nilokheri S.O,,,3,,,4,,4,,,,
,M1032,Apr-26,Bhaini Khrud B.O,Taraori S.O,,,1,2,,5,,10,,,,
,F8313,Apr-26,Bhana Brahmana B.O,Narwana S.O,,,5,2,,1,,,,,,
,M0945,Apr-26,Bhandari B.O,Madlauda S.O,,,3,,,2,,1,,,,
,J9598,Apr-26,Bhodwal Majri B.O,Patti Kalyana S.O,,,,3,,1,,,,,,
,M7003,Apr-26,Bhongra B.O,Uchana S.O,,,,,,1,,,,,,
,C5077,Apr-26,Bhuslana Kalan B.O,Safidon S.O,,,1,,,,,,,,,
,M0968,Apr-26,Biana B.O,Garhi Birbal S.O,,,,4,,5,,,,,,
,H9712,Apr-26,Bibi Pur Jattan B.O,Indri S.O,,,3,3,,1,,,,,,
,F9945,Apr-26,Bibipur B.O,Jind H.O,,,12,,,2,,,,,,
,M0913,Apr-26,Bighana B.O,Alewa S.O,,,3,2,,2,,,,,,
,M0956,Apr-26,Bikhiwala B.O,Dhanoda Kalan S.O,,,2,,,1,,2,,,,
,H2341,Apr-26,Bilona B.O,Assandh S.O,,,,,,2,,1,,,,
,G1981,Apr-26,Binjhol B.O,Panipat NFL S.O,,,2,1,,2,,3,,,,
,M0890,Apr-26,Bishanpura B.O,Shamlo Kalan S.O,,,1,1,,2,,,,,,
,J6647,Apr-26,Brass B.O,Nissing S.O,,,9,3,,2,,1,,,,
,M0891,Apr-26,Buana B.O,Shamlo Kalan S.O,,,1,,,1,,,,,,
,M0985,Apr-26,Buana Lakhu B.O,Israna S.O,,,3,2,,3,,3,,,,
,M7004,Apr-26,Budain B.O,Uchana S.O,,,1,,,1,,3,,,,
,J1726,Apr-26,Budda Khera Lather B.O,Julana S.O,,,5,,,3,,5,,,,
,M1464,Apr-26,Budha Khera B.O,Pillukhera S.O,,,3,1,,,,,,,,
,D6907,Apr-26,Bursham B.O,Panipat NFL S.O,,,1,,,2,,3,,,,
,A8238,Apr-26,Butani B.O,Safidon S.O,,,1,,,1,,3,,,,
,G2019,Apr-26,Canal Colony B.O,Karnal Partap Pura S.O,,,,,,,,5,,,,
,F6203,Apr-26,Chandoli B.O,Panipat Khadi Ashram S.O,,,1,8,,1,,7,,,,
,L8186,Apr-26,Chaura B.O,Gharunda S.O,,,2,1,,7,,7,,,,
,G4794,Apr-26,Chhajpur Kalan B.O,Panipat Khadi Ashram S.O,,,,3,,2,,5,,,,
,M0903,Apr-26,Chhatar B.O,Naguran S.O,,,2,1,,1,,,,,,
,J7224,Apr-26,Chirao B.O,Jundla S.O,,,3,1,,1,,3,,,,
,H2342,Apr-26,Chochra B.O,Assandh S.O,,,3,2,,,,,,,,
,M0969,Apr-26,Chogawan B.O,Garhi Birbal S.O,,,1,,,1,,7,,,,
,M0904,Apr-26,Chuharpur B.O,Naguran S.O,,,3,,,,,,,,,
,C4869,Apr-26,Chulkana B.O,Samalkha S.O,,,1,2,,,,,,,,
,L8637,Apr-26,Cssri B.O,Karnal Ram Nagar S.O,,,3,,,1,,,,,,
,M0970,Apr-26,Dabkoli Kalan B.O,Garhi Birbal S.O,,,1,2,,2,,2,,,,
,G6873,Apr-26,Dablain Kalan B.O,Narwana S.O,,,3,,,1,,,,,,
,J6648,Apr-26,Dachar B.O,Nissing S.O,,,1,,,2,,,,,,
,M1447,Apr-26,Dadlana B.O,Panipat Refinary S.O,,,,,,1,,,,,,
,M1029,Apr-26,Dahar B.O,Neoltha S.O,,,5,4,,4,,14,,,,
,M0963,Apr-26,Dalamwala B.O,Dharthrath S.O,,,3,1,,5,,6,,,,
,H9713,Apr-26,Darar B.O,Indri S.O,,,4,5,,1,,2,,,,
,B8054,Apr-26,Dariyawala B.O,Jind H.O,,,2,1,,1,,1,,,,
,M0905,Apr-26,Dehola B.O,Naguran S.O,,,7,1,,1,,3,,,,
,L8765,Apr-26,Dehra B.O,Atta S.O,,,1,,,4,,1,,,,
,J1727,Apr-26,Deorer B.O,Julana S.O,,,1,,,1,,,,,,
,G6872,Apr-26,Dhabitek Singh B.O,Narwana S.O,,,4,6,,2,,,,,,
,F8314,Apr-26,Dhakal B.O,Narwana S.O,,,,1,,,,,,,,
,M0998,Apr-26,Dhakwala Gujran B.O,Madhuban S.O (Karnal),,,,4,,,,,,,,
,A7989,Apr-26,Dhamtan Sahib B.O,Narwana S.O,,,1,,,3,,,,,,
,12615201,Apr-26,Dhanoda Kalan S.O,,,5,16,2,,10,,6,,,1,
,C4882,Apr-26,Dhanori B.O,Narwana S.O,,,6,1,,1,,4,,,,
,C5078,Apr-26,Dharamgarh B.O,Safidon S.O,,,1,2,,2,,3,,,,
,M1465,Apr-26,DHARAULI,Pillukhera S.O,,,1,,,2,,,,,,
,C4883,Apr-26,Dharodi B.O,Narwana S.O,,,2,,,1,,7,,,,
,12611001,Apr-26,Dharthrath S.O,,,1,7,9,,8,,6,,,1,
,M0892,Apr-26,Dhigana B.O,Shamlo Kalan S.O,,,3,3,,2,,2,,,,
,M0914,Apr-26,Dhilluwal B.O,Alewa S.O,,,1,4,,4,,1,,,,
,D3456,Apr-26,Didwara B.O,Safidon S.O,,,2,1,,1,,,,,,
,M1030,Apr-26,Didwari B.O,Neoltha S.O,,,1,,,5,,7,,,,
,L8766,Apr-26,Dikadla B.O,Atta S.O,,,1,,,4,,5,,,,
,M0999,Apr-26,Dilawara B.O,Madhuban S.O (Karnal),,,3,5,,,,,,,,
,M1026,Apr-26,Diwana B.O,Panipat Beas Project S.O,,,3,,,1,,16,,,,
,E1531,Apr-26,Dumarkhan Kalan B.O,Narwana S.O,,,3,3,,7,,7,,,,
,M0915,Apr-26,Durana B.O,Alewa S.O,,,1,,,3,,20,,,,
,M0957,Apr-26,Durjanpur B.O,Dhanoda Kalan S.O,,,2,1,,1,,1,,,,
,L8187,Apr-26,Faridpur B.O,Gharunda S.O,,,1,,,3,,3,,,,
,J1728,Apr-26,Fateh Garh B.O,Julana S.O,,,1,2,,,,,,,,
,L8188,Apr-26,Gagsina B.O,Gharunda S.O,,,,,,2,,1,,,,
,M1466,Apr-26,Gangoli B.O,Pillukhera S.O,,,1,,,1,,,,,,
,M1000,Apr-26,Ganjogarhi B.O,Madhuban S.O (Karnal),,,1,,,1,,,,,,
,F8315,Apr-26,Garhi B.O,Narwana S.O,,,4,1,,2,,1,,,,
,C2822,Apr-26,Garhi Basic B.O,Panipat Khadi Ashram S.O,,,1,8,,,,,,,,
,13205401,Apr-26,Garhi Birbal S.O,,,4,4,9,,8,,4,,,,
,H9714,Apr-26,Garhi Jattan B.O,Indri S.O,,,2,,,4,,6,,,,
,M0894,Apr-26,Garhwali B.O,Shamlo Kalan S.O,,,2,,,1,,,,,,
,M0893,Apr-26,Gatauli B.O,Shamlo Kalan S.O,,,2,2,,1,,,,,,
,13211401,Apr-26,Gharunda S.O,,6,,14,89,,56,5,51,,11,12,
,G6874,Apr-26,Ghason Kalan B.O,Narwana S.O,,,1,2,,4,,4,,,,
,M1022,Apr-26,Gheer B.O,S.S. Kunjpura S.O,,,3,,,3,,7,,,,
,M1001,Apr-26,Ghogripur B.O,Madhuban S.O (Karnal),,,1,2,,3,,,,,,
,A5881,Apr-26,Goela Kalan B.O,Panipat Khadi Ashram S.O,,,6,3,,,,,,,,
,M7005,Apr-26,Gogrian B.O,Uchana S.O,,,1,,,1,,,,,,
,M0897,Apr-26,Goli B.O,Salwan S.O,,,1,2,,1,,8,,,,
,J6649,Apr-26,Gonder B.O,Nissing S.O,,,4,2,,7,,5,,,,
,L8189,Apr-26,Gudha B.O,Gharunda S.O,,,2,,,,,4,,,,
,A1150,Apr-26,Gulkani B.O,Jind H.O,,,3,,,3,,,,,,
,M1467,Apr-26,Hadwa B.O,Pillukhera S.O,,,,,,,,1,,,,
,A7990,Apr-26,Hamir Garh B.O,Narwana S.O,,,2,,,1,,,,,,
,H9715,Apr-26,Hanori B.O,Indri S.O,,,1,6,,,,1,,,,
,L8190,Apr-26,HARI SINGH PUNDRI,Gharunda S.O,,,1,1,,,,,,,,
,J1729,Apr-26,Hathwala B.O,Julana S.O,,,4,,,4,,4,,,,
,13211501,Apr-26,Hathwala S.O,,,,,2,,8,,26,,,,
,F0121,Apr-26,Hatt B.O,Safidon S.O,,,3,,,3,,,,,,
,A1151,Apr-26,Igrah B.O,Jind H.O,,,3,,,,,2,,,,
,F9946,Apr-26,Ikkas B.O,Jind H.O,,,3,1,,2,,4,,,,
,13204101,Apr-26,Indri S.O,,7,3,17,43,,48,1,70,,3,3,
,13204102,Apr-26,Indri Town S.O,,1,,4,38,,11,1,81,,,1,
,D4823,Apr-26,Intal Kalan B.O,Jind H.O,,,2,2,,1,,,,,,
,13210701,Apr-26,Israna S.O,,4,,7,17,,15,,21,,4,4,
,H2343,Apr-26,Jai Singh Pura B.O,Assandh S.O,,,1,2,,1,,3,,,,
,M0958,Apr-26,Jajanwala B.O,Dhanoda Kalan S.O,,,2,8,,1,,1,,,,
,F1504,Apr-26,Jajwan B.O,Jind H.O,,,1,,,,,,,,,
,F6204,Apr-26,Jalalpur B.O,Panipat Khadi Ashram S.O,,,4,,,1,,5,,,,
,H2344,Apr-26,Jalmana B.O,Assandh S.O,,,2,12,,2,,,,,,
,L8191,Apr-26,Jamalpur B.O,Gharunda S.O,,,1,1,,2,,,,,,
,M0919,Apr-26,Jamba B.O,Nigdhu S.O,,,1,6,,,,1,,,,
,M1468,Apr-26,Jamni B.O,Pillukhera S.O,,,1,1,,,,3,,,,
,J7225,Apr-26,Jani B.O,Jundla S.O,,,1,,,4,,,,,,
,G1467,Apr-26,Jattal B.O,Panipat Thermal Project S.O,,,2,2,,2,,3,,,,
,F8295,Apr-26,Jaurasi B.O,Samalkha S.O,,,1,1,,4,,2,,,,
,F9947,Apr-26,Jhanjkalan B.O,Jind H.O,,,4,,,,,,,,,
,G6875,Apr-26,Jheel B.O,Narwana S.O,,,3,,,3,,,,,,
,12610200,Apr-26,Jind H.O,,28,1,57,71,,72,26,204,,19,60,
,12610201,Apr-26,Jind Mini Sectt. S.O,,,1,1,8,,3,5,14,,2,,
,12610202,Apr-26,Jind Palika Bazar S.O,,7,,2,58,,23,2,113,,6,31,
,12610203,Apr-26,Jind Patiala Chowk S.O,,,3,3,57,,13,3,82,,2,8,
,12610204,Apr-26,Jind Punjabi Bazar S.O,,1,2,5,155,,19,4,240,,4,11,
,12610205,Apr-26,Jind Railway Station S.O,,4,,7,25,,14,3,46,,6,5,
,12610206,Apr-26,Jind Rohtak Road S.O,,,3,11,50,,5,1,41,,1,6,
,H9716,Apr-26,Johar Majra B.O,Indri S.O,,,,2,,8,,12,,,,
,M0986,Apr-26,Jondhan Kalan B.O,Israna S.O,,,1,,,,,,,,,
,M0946,Apr-26,Joshi B.O,Madlauda S.O,,,2,,,2,,,,,,
,12610101,Apr-26,Julana S.O,,4,3,17,31,,33,1,53,,4,8,
,A1152,Apr-26,Julani B.O,Jind H.O,,,1,1,,1,,2,,,,
,B1770,Apr-26,Jundla Gate B.O,Karnal Partap Pura S.O,,,,1,,,,10,,,,
,13203601,Apr-26,Jundla S.O,,3,2,9,27,,14,1,21,,,3,
,M7006,Apr-26,Kabarchha B.O,Uchana S.O,,,4,,,2,,,,,,
,M1449,Apr-26,Kabri B.O,Panipat Refinary S.O,,,6,3,,4,,12,,,,
,M1033,Apr-26,Kachwa B.O,Taraori S.O,,,4,1,,6,,7,,,,
,L8192,Apr-26,Kaimla B.O,Gharunda S.O,,,1,2,,,,4,,,,
,M7007,Apr-26,Kakrod B.O,Uchana S.O,,,2,4,,2,,2,,,,
,E4726,Apr-26,Kalkha B.O,Panipat Thermal Project S.O,,,1,2,,2,,6,,,,
,M0971,Apr-26,Kalri Jagir B.O,Garhi Birbal S.O,,,2,6,,6,,15,,,,
,L8193,Apr-26,Kalron B.O,Gharunda S.O,,,4,,,,,,,,,
,M0972,Apr-26,Kalsora B.O,Garhi Birbal S.O,,,3,,,2,,6,,,,
,M1469,Apr-26,Kalwa B.O,Pillukhera S.O,,,2,,,3,,3,,,,
,F8316,Apr-26,Kalwan B.O,Narwana S.O,,,5,,,4,,,,,,
,13200101,Apr-26,Kanral Industrial Area S.O,,5,6,3,16,,9,2,10,,,8,
,M0987,Apr-26,Karad B.O,Israna S.O,,,1,1,,3,,,,,,
,G6876,Apr-26,Karamgarh B.O,Narwana S.O,,,1,,,2,,2,,,,
,E1515,Apr-26,Karhans B.O,Samalkha S.O,,,2,1,,3,,,,,,
,C5079,Apr-26,Karkhana B.O,Safidon S.O,,,3,,,2,,7,,,,
,M1034,Apr-26,Karna Lake B.O,Taraori S.O,,,,1,,1,,,,,,
,13200103,Apr-26,Karnal GBS S.O,,,,1,14,,5,,13,,,2,
,13200100,Apr-26,Karnal H.O,,59,7,44,207,,114,24,376,,23,88,
,13200105,Apr-26,KARNAL KUTCHERY SO,,12,3,8,77,,13,9,65,,3,16,
,13200106,Apr-26,Karnal Model Town S.O,,8,1,6,33,,3,8,33,,6,8,
,13200107,Apr-26,Karnal NDRI S.O,,4,2,2,15,,4,5,18,,2,7,
,13200108,Apr-26,Karnal New Prem Nagar S.O,,9,4,3,31,,11,2,40,,6,20,
,13200109,Apr-26,Karnal Partap Pura S.O,,3,9,6,47,,15,6,49,,1,8,
,13200110,Apr-26,Karnal Railway Road S.O,,8,6,3,23,,10,5,28,,,6,
,13200111,Apr-26,Karnal Ram Nagar S.O,,9,,8,49,,40,9,162,,8,19,
,13200112,Apr-26,Karnal Sadar Bazar S.O,,4,,10,64,,26,3,95,,4,17,
,13200113,Apr-26,Karnal Sector 6 S.O,,8,2,3,70,,15,6,45,,3,22,
,H2345,Apr-26,Karsa Chor B.O,Assandh S.O,,,,1,,,,3,,,,
,M0920,Apr-26,Karsa Dod B.O,Nigdhu S.O,,,1,5,,,,,,,,
,J1730,Apr-26,Karsaula B.O,Julana S.O,,,2,,,1,,,,,,
,M7008,Apr-26,Karsindhu B.O,Uchana S.O,,,2,,,5,,6,,,,
,F0122,Apr-26,Karsindu B.O,Safidon S.O,,,,,,3,,,,,,
,M7009,Apr-26,Kasun B.O,Uchana S.O,,,1,,,1,,4,,,,
,J7226,Apr-26,Katleri B.O,Jundla S.O,,,1,,,2,,5,,,,
,M0906,Apr-26,Kendela B.O,Naguran S.O,,,,1,,,,,,,,
,J1731,Apr-26,Kerela B.O,Julana S.O,,,2,3,,2,,4,,,,
,M0916,Apr-26,Khanda B.O,Alewa S.O,,,3,,,2,,,,,,
,H9717,Apr-26,Khanpur B.O,Indri S.O,,,1,,,3,,4,,,,
,M7010,Apr-26,Kharakbhura B.O,Uchana S.O,,,1,,,2,,11,,,,
,F1505,Apr-26,Kharakramji B.O,Jind H.O,,,6,,,2,,,,,,
,C4884,Apr-26,Kharal B.O,Narwana S.O,,,2,3,,4,,2,,,,
,M7011,Apr-26,Khatkar B.O,Uchana S.O,,,2,4,,2,,5,,,,
,H9718,Apr-26,Khera B.O,Indri S.O,,,2,1,,3,,21,,,,
,H9719,Apr-26,Kheri Bhutan B.O,Indri S.O,,,,2,,4,,5,,,,
,A8239,Apr-26,Kheri Khermawati B.O,Safidon S.O,,,7,,,3,,2,,,,
,H9720,Apr-26,Kheri Man Singh B.O,Indri S.O,,,2,2,,1,,6,,,,
,J7227,Apr-26,Kheri Naroo B.O,Jundla S.O,,,1,,,3,,,,,,
,H2346,Apr-26,Kheri Sarf Ali B.O,Assandh S.O,,,2,1,,1,,,,,,
,L8258,Apr-26,Khirajpur B.O,Kunjpura S.O,,,,,,3,,,,,,
,L8767,Apr-26,Khojkipur B.O,Atta S.O,,,1,,,2,,,,,,
,L8194,Apr-26,Khora Kheri B.O,Gharunda S.O,,,4,1,,3,,5,,,,
,F8317,Apr-26,Khrindwal B.O,Narwana S.O,,,4,,,1,,,,,,
,M0964,Apr-26,Khunga Kothi B.O,Dharthrath S.O,,,1,4,,,,,,,,
,J1732,Apr-26,Kila Zaffargarh B.O,Julana S.O,,,4,,,1,,1,,,,
,M0895,Apr-26,Kinana B.O,Shamlo Kalan S.O,,,2,,,2,,2,,,,
,G6854,Apr-26,Kiwana B.O,Samalkha S.O,,,2,,,4,,4,,,,
,L8195,Apr-26,Kohand B.O,Gharunda S.O,,,4,5,,2,,2,,,,
,M0907,Apr-26,Kuchrana Kalan B.O,Naguran S.O,,,2,,,1,,,,,,
,13202201,Apr-26,Kunjpura S.O,,1,,6,21,,5,,19,,5,4,
,M0988,Apr-26,Kurana B.O,Israna S.O,,,3,1,,4,,,,,,
,A5882,Apr-26,Kurar B.O,Panipat Khadi Ashram S.O,,,3,5,,2,,5,,,,
,M0898,Apr-26,Kurlan B.O,Salwan S.O,,,1,,,1,,1,,,,
,M1035,Apr-26,Kuruk Jagir B.O,Taraori S.O,,,3,,,2,,,,,,
,M1002,Apr-26,Kutail B.O,Madhuban S.O (Karnal),,,4,6,,5,,,,,,
,J1733,Apr-26,Lajwan Kalan B.O,Julana S.O,,,1,1,,4,,,,,,
,L8196,Apr-26,Lalupura B.O,Gharunda S.O,,,7,1,,1,,,,,,
,M0908,Apr-26,Lodhar B.O,Naguran S.O,,,,,,1,,3,,,,
,F3017,Apr-26,Lohari B.O,Panipat Thermal Project S.O,,,1,,,4,,3,,,,
,G6877,Apr-26,Lowan B.O,Narwana S.O,,,5,1,,1,,,,,,
,M1470,Apr-26,Ludana B.O,Pillukhera S.O,,,1,,,,,,,,,
,G6855,Apr-26,Machhrauli B.O,Samalkha S.O,,,3,1,,4,,3,,,,
,13203701,Apr-26,Madhuban PTC S.O,,,1,3,6,,3,2,1,,2,1,
,13203702,Apr-26,Madhuban S.O (Karnal),,2,,4,15,,16,1,3,,,6,
,13211301,Apr-26,Madlauda S.O,,2,1,14,14,,23,2,24,,2,2,
,J9600,Apr-26,Mahoti B.O,Patti Kalyana S.O,,,1,5,,2,,2,,,,
,M0921,Apr-26,Majra Rodan B.O,Nigdhu S.O,,,1,,,1,,,,,,
,M7012,Apr-26,Makhand B.O,Uchana S.O,,,1,,,1,,,,,,
,F0123,Apr-26,Malar B.O,Safidon S.O,,,1,,,2,,,,,,
,F8541,Apr-26,Malikpur B.O,Safidon S.O,,,,,,1,,,,,,
,J1734,Apr-26,Malwi B.O,Julana S.O,,,3,,,2,,,,,,
,C4870,Apr-26,Manana B.O,Samalkha S.O,,,3,2,,3,,1,,,,
,M0989,Apr-26,Mandi B.O,Israna S.O,,,2,1,,7,,22,,,,
,M0909,Apr-26,Mandi Kalan B.O,Naguran S.O,,,1,2,,,,,,,,
,M0959,Apr-26,Mangalpur B.O,Dhanoda Kalan S.O,,,3,3,,3,,5,,,,
,J6650,Apr-26,Manjura B.O,Nissing S.O,,,5,,,,,,,,,
,E3162,Apr-26,Manohar Pur B.O,Jind H.O,,,4,,,1,,2,,,,
,H2347,Apr-26,Mardanheri B.O,Assandh S.O,,,1,4,,,,,,,,
,J6651,Apr-26,Mehmal B.O,Nissing S.O,,,1,,,3,,6,,,,
,J1735,Apr-26,Mehrara B.O,Julana S.O,,,2,1,,3,,3,,,,
,12611603,Apr-26,Mini secretriat Narwana S.O,,,,1,8,,2,,,,,,
,13200114,Apr-26,Mini sectt  sector 12 Kanral S.O,,,1,2,14,,,1,,,,,
,13210311,Apr-26,Mini Sectt Panipat,,,,4,4,,7,3,,,,,
,M0965,Apr-26,Mohammad Khera B.O,Dharthrath S.O,,,1,,,5,,,,,,
,M7013,Apr-26,Mohangarh B.O,Uchana S.O,,,5,,,1,,,,,,
,M1003,Apr-26,Mohidinpur B.O,Madhuban S.O (Karnal),,,3,2,,2,,,,,,
,M1471,Apr-26,Morkhi B.O,Pillukhera S.O,,,,2,,2,,1,,,,
,A8240,Apr-26,Mowana B.O,Safidon S.O,,,4,2,,2,,,,,,
,13204002,Apr-26,MUNAK,,,,7,10,,11,,4,,,,
,H9721,Apr-26,Muradhgarh B.O,Indri S.O,,,1,,,4,,4,,,,
,M1004,Apr-26,Nagla Megha B.O,Madhuban S.O (Karnal),,,10,,,2,,,,,,
,H9722,Apr-26,Nagla Roran B.O,Indri S.O,,,5,7,,3,,,,,,
,12612501,Apr-26,Naguran S.O,,2,4,8,6,,12,1,13,,3,1,
,L8259,Apr-26,Nalipar B.O,Kunjpura S.O,,,6,,,2,,,,,,
,E9900,Apr-26,Namunda B.O,Samalkha S.O,,,2,,,1,,1,,,,
,J1736,Apr-26,Nandgarh B.O,Julana S.O,,,1,,,,,,,,,
,M0973,Apr-26,Nangal B.O,Garhi Birbal S.O,,,1,1,,,,,,,,
,A5883,Apr-26,Nanhera B.O,Panipat Khadi Ashram S.O,,,2,8,,2,,4,,,,
,M0947,Apr-26,Nara B.O,Madlauda S.O,,,1,,,1,,,,,,
,B6409,Apr-26,Naraina B.O,Samalkha S.O,,,2,3,,1,,2,,,,
,M1036,Apr-26,Nariana B.O,Taraori S.O,,,1,,,,,1,,,,
,12611601,Apr-26,Narwana City S.O,,1,5,5,85,,37,2,119,,2,24,
,12611602,Apr-26,Narwana S.O,,8,4,26,97,,57,16,318,,9,40,
,13214501,Apr-26,Neoltha S.O,,2,2,2,35,,14,,38,,,,
,M0896,Apr-26,Nidana B.O,Shamlo Kalan S.O,,,4,2,,2,,1,,,,
,D4824,Apr-26,Nidani B.O,Jind H.O,,,2,,,1,,,,,,
,13215701,Apr-26,Nigdhu S.O,,,1,10,44,,13,2,4,,1,3,
,13211702,Apr-26,Nilokheri S.O,,2,2,17,87,,37,7,158,,10,20,
,C5080,Apr-26,Nimnabad B.O,Safidon S.O,,,3,,,,,,,,,
,E3163,Apr-26,Nirjan B.O,Jind H.O,,,3,1,,3,,,,,,
,13202401,Apr-26,Nissing S.O,,3,4,9,24,,11,,11,,2,3,
,D9416,Apr-26,Noorwala B.O,Panipat Khadi Ashram S.O,,,12,3,,9,,8,,,,
,J7228,Apr-26,Padha B.O,Jundla S.O,,,4,7,,4,,9,,,,
,M1037,Apr-26,Padhana B.O,Taraori S.O,,,,1,,3,,,,,,
,F8542,Apr-26,Paju Kalan B.O,Safidon S.O,,,1,,,,,,,,,
,M1031,Apr-26,Palri B.O,Neoltha S.O,,,2,1,,,,,,,,
,13210801,Apr-26,Panipat Beas Project S.O,,,1,4,6,,10,,16,,1,,
,13210302,Apr-26,Panipat City S.O,,7,1,5,22,,26,4,98,,8,12,
,13210303,Apr-26,Panipat GT Road S.O,,5,,15,15,,21,10,58,,,6,
,13210300,Apr-26,Panipat H.O,,35,1,48,90,,71,10,378,,44,68,
,D9417,Apr-26,Panipat Kathery (U) B.O,Panipat Khadi Ashram S.O,,,,11,,1,,9,,,,
,13210401,Apr-26,Panipat Khadi Ashram S.O,,1,,4,10,,9,2,2,,,1,
,13210304,Apr-26,Panipat Kishanpura S.O,,,2,10,20,,15,1,78,,9,5,
,13210305,Apr-26,Panipat Kranti Nagar S.O,,3,1,2,34,,20,2,110,,2,18,
,13210307,Apr-26,Panipat Model Town S.O,,9,1,3,6,,15,13,61,,4,21,
,13210308,Apr-26,Panipat N.S.M. S.O,,9,,17,27,,24,3,90,,4,25,
,13210601,Apr-26,Panipat NFL S.O,,7,,6,8,,4,2,33,,,2,
,13210309,Apr-26,Panipat Patel Nagar S.O,,6,,3,31,,22,2,168,,9,6,
,13214001,Apr-26,Panipat Refinary S.O,,1,3,3,2,,3,,0,,,,
,13210501,Apr-26,Panipat Thermal Project S.O,,2,4,4,12,,11,3,34,,2,5,
,M0990,Apr-26,Pardhana B.O,Israna S.O,,,2,1,,,,,,,,
,M1027,Apr-26,Pasina Kalan BO B.O,Panipat Beas Project S.O,,,1,,,3,,6,,,,
,H9723,Apr-26,Pathera B.O,Indri S.O,,,1,2,,5,,2,,,,
,13210201,Apr-26,Patti Kalyana S.O,,2,,1,32,,12,,30,,1,,
,J1737,Apr-26,Pauli B.O,Julana S.O,,,3,3,,1,,18,,,,
,M0917,Apr-26,Pegan B.O,Alewa S.O,,,2,1,,3,,10,,,,
,J7229,Apr-26,Peont B.O,Jundla S.O,,,3,,,2,,1,,,,
,M0900,Apr-26,Phaphrana B.O,Salwan S.O,,,,,,1,,4,,,,
,B6437,Apr-26,Pharain Kalan B.O,Narwana S.O,,,1,,,2,,2,,,,
,M1005,Apr-26,Phoosgarh B.O,Madhuban S.O (Karnal),,,,,,7,,,,,,
,E1532,Apr-26,Phullian Kalan B.O,Narwana S.O,,,1,6,,3,,10,,,,
,L8197,Apr-26,Phurlak B.O,Gharunda S.O,,,1,1,,,,5,,,,
,J7230,Apr-26,Picholia B.O,Jundla S.O,,,3,,,3,,,,,,
,12611301,Apr-26,Pillukhera S.O,,,,10,20,,8,,27,,4,3,
,B8055,Apr-26,Pindara B.O,Jind H.O,,,2,2,,2,,3,,,,
,A7991,Apr-26,Pipaltha B.O,Narwana S.O,,,3,,,2,,,,,,
,H2348,Apr-26,Popran B.O,Assandh S.O,,,1,1,,2,,7,,,,
,C2823,Apr-26,PPT Camp No. 2 B.O,Panipat Khadi Ashram S.O,,,,17,,,,,,,,
,M0991,Apr-26,Puther B.O,Israna S.O,,,2,2,,3,,,,,,
,M0948,Apr-26,Qawi B.O,Madlauda S.O,,,1,1,,1,,,,,,
,F9948,Apr-26,Radhana B.O,Jind H.O,,,1,2,,2,,3,,,,
,H2349,Apr-26,Rahra B.O,Assandh S.O,,,3,,,2,,2,,,,
,L8198,Apr-26,Raipur Jattan B.O,Gharunda S.O,,,1,4,,,,1,,,,
,M1450,Apr-26,Rair Kalan B.O,Panipat Refinary S.O,,,3,,,3,,,,,,
,M0922,Apr-26,Raison B.O,Nigdhu S.O,,,1,3,,5,,,,,,
,C4885,Apr-26,Rajgarh Gurthali B.O,Narwana S.O,,,,2,,,,,,,,
,D9418,Apr-26,Rajkheri B.O,Panipat Khadi Ashram S.O,,,1,,,2,,,,,,
,E1733,Apr-26,Ram Nagar B.O,Safidon S.O,,,2,2,,3,,8,,,,
,E3164,Apr-26,Ram Rai B.O,Jind H.O,,,5,,,3,,3,,,,
,M1038,Apr-26,Ramana Ramani B.O,Taraori S.O,,,1,2,,,,,,,,
,M1039,Apr-26,Ramba B.O,Taraori S.O,,,1,,,1,,,,,,
,M1006,Apr-26,Ranwar B.O,Madhuban S.O (Karnal),,,2,,,1,,2,,,,
,A7992,Apr-26,Rasidan B.O,Narwana S.O,,,2,,,1,,,,,,
,AL089,Apr-26,RASULPUR KHURD B.O,Madhuban S.O (Karnal),,,,1,,,,,,,,
,13214002,Apr-26,Refinery Township Panipat SO,,1,,1,2,,7,,4,,,4,
,D9419,Apr-26,Risalu B.O,Panipat Khadi Ashram S.O,,,3,1,,1,,,,,,
,M0966,Apr-26,Ritauli B.O,Dharthrath S.O,,,,,,,,2,,,,
,C5081,Apr-26,Rohar B.O,Safidon S.O,,,5,1,,2,,6,,,,
,A8241,Apr-26,Rojhla B.O,Safidon S.O,,,2,,,,,6,,,,
,B8056,Apr-26,Roop Garh B.O,Jind H.O,,,1,,,3,,2,,,,
,L8199,Apr-26,S.P. Khalsa B.O,Gharunda S.O,,,,2,,,,1,,,,
,M1007,Apr-26,S.P. Sohana B.O,Madhuban S.O (Karnal),,,1,1,,1,,14,,,,
,13202301,Apr-26,S.S. Kunjpura S.O,,,,2,3,,1,,6,,,1,
,M0960,Apr-26,Sachha Khera B.O,Dhanoda Kalan S.O,,,1,,,1,,,,,,
,12611201,Apr-26,Safidon City S.O,,2,,13,117,,39,8,150,,2,3,
,12611202,Apr-26,Safidon S.O,,2,1,17,23,,15,3,76,,2,18,
,M1040,Apr-26,Sagga B.O,Taraori S.O,,,,4,,2,,2,,,,
,M0961,Apr-26,Sainthali B.O,Dhanoda Kalan S.O,,,1,,,2,,,,,,
,13204601,Apr-26,Salwan S.O,,,,8,5,,16,,12,,,,
,13210101,Apr-26,Samalkha S.O,,10,2,18,42,,35,9,68,,3,21,
,J2767,Apr-26,Samana Bahu B.O,Nilokheri S.O,,,5,,,1,,2,,,,
,M0923,Apr-26,Samlbhi B.O,Nigdhu S.O,,,2,,,,,5,,,,
,C2824,Apr-26,Sanauli Khurd B.O,Panipat Khadi Ashram S.O,,,,,,,,15,,,,
,J2768,Apr-26,Sandhir B.O,Nilokheri S.O,,,2,,,3,,16,,,,
,M0910,Apr-26,Sandil B.O,Naguran S.O,,,,,,1,,1,,,,
,H9724,Apr-26,Sanghowa B.O,Indri S.O,,,5,1,,3,,,,,,
,M0924,Apr-26,Sanwat B.O,Nigdhu S.O,,,1,,,,,,,,,
,13200115,Apr-26,Sector 4 Karnal S.O,,,6,2,7,,8,3,21,,1,1,
,13200116,Apr-26,Sector 8 Karnal S.O,,2,,4,26,,13,8,80,,4,2,
,M0992,Apr-26,Seenk B.O,Israna S.O,,,2,,,2,,2,,,,
,M0993,Apr-26,Shahpur B.O,Israna S.O,,,2,,,4,,6,,,,
,M0911,Apr-26,Shahpur B.O,Naguran S.O,,,8,1,,,,6,,,,
,M1042,Apr-26,Shamgarh B.O,Taraori S.O,,,1,,,3,,6,,,,
,12611401,Apr-26,Shamlo Kalan S.O,,,3,2,6,,5,,11,,1,,
,M0949,Apr-26,Shera B.O,Madlauda S.O,,,2,,,2,,1,,,,
,F3018,Apr-26,Shodapur B.O,Panipat Thermal Project S.O,,,4,1,,12,,6,,,,
,J2769,Apr-26,Sidhpur B.O,Nilokheri S.O,,,1,3,,3,,,,,,
,J2770,Apr-26,Sikri B.O,Nilokheri S.O,,,1,1,,1,,36,,,,
,E1734,Apr-26,Silakheri B.O,Safidon S.O,,,3,1,,3,,,,,,
,A9642,Apr-26,Sindhwi Kheri B.O,Jind H.O,,,1,,,,,,,,,
,F0124,Apr-26,Singhana B.O,Safidon S.O,,,3,1,,,,1,,,,
,J6652,Apr-26,Singhra B.O,Nissing S.O,,,1,1,,,,,,,,
,D3216,Apr-26,Singhwal B.O,Narwana S.O,,,3,1,,1,,14,,,,
,G6878,Apr-26,Sinsar B.O,Narwana S.O,,,4,,,1,,,,,,
,J6653,Apr-26,Sirsi B.O,Nissing S.O,,,,4,,2,,2,,,,
,M0925,Apr-26,Sitamai B.O,Nigdhu S.O,,,,2,,,,,,,,
,M1028,Apr-26,Siwaha B.O,Panipat Beas Project S.O,,,2,2,,1,,3,,,,
,M1472,Apr-26,Siwaha B.O,Pillukhera S.O,,,1,1,,2,,,,,,
,C5082,Apr-26,Siwan Mal B.O,Safidon S.O,,,1,,,2,,,,,,
,L8200,Apr-26,Staundi B.O,Gharunda S.O,,,1,1,,1,,5,,,,
,M1023,Apr-26,Subri B.O,S.S. Kunjpura S.O,,,1,,,,,,,,,
,M7014,Apr-26,Sudkain Kalan B.O,Uchana S.O,,,1,1,,2,,,,,,
,F8318,Apr-26,Sudkain Khurd B.O,Narwana S.O,,,7,2,,1,,1,,,,
,E1533,Apr-26,Sulhera B.O,Narwana S.O,,,2,,,,,,,,,
,M1044,Apr-26,Sultanpur B.O,Taraori S.O,,,3,14,,3,,,,,,
,B1214,Apr-26,Sutana B.O,Panipat Thermal Project S.O,,,1,6,,1,,,,,,
,13211601,Apr-26,Taraori S.O,,2,,5,59,,23,1,36,,8,7,
,13211602,Apr-26,Taroari Mandi S.O,,,,5,15,,9,,4,,1,2,
,H2350,Apr-26,Thal B.O,Assandh S.O,,,1,2,,,,,,,,
,M0901,Apr-26,Thari B.O,Salwan S.O,,,2,2,,,,,,,,
,M0912,Apr-26,Thua B.O,Naguran S.O,,,5,,,,,,,,,
,M1024,Apr-26,Tikri B.O,S.S. Kunjpura S.O,,,3,1,,,,,,,,
,M1045,Apr-26,Uchana B.O,Taraori S.O,,,7,9,,1,,10,,,,
,M7015,Apr-26,Uchana Khrud B.O,Uchana S.O,,,2,,,1,,,,,,
,12611501,Apr-26,Uchana S.O,,5,1,24,8,,23,4,42,,4,4,
,J2771,Apr-26,Udana B.O,Nilokheri S.O,,,2,1,,2,,,,,,
,C2825,Apr-26,Ugra Kheri B.O,Panipat Khadi Ashram S.O,,,7,1,,1,,8,,,,
,E1534,Apr-26,Ujhana B.O,Narwana S.O,,,4,1,,5,,5,,,,
,M1008,Apr-26,Uncha Samana B.O,Madhuban S.O (Karnal),,,4,,,7,,1,,,,
,C7905,Apr-26,Untla B.O,Panipat Thermal Project S.O,,,4,2,,1,,9,,,,
,H2351,Apr-26,Uplana B.O,Assandh S.O,,,5,2,,5,,,,,,
,M0994,Apr-26,Urlana Kalan B.O,Israna S.O,,,1,1,,,,2,,,,
,M0950,Apr-26,Waisor B.O,Madlauda S.O,,,1,,,2,,,,,,
,M6992,Apr-26,Agondh B.O,Guhla S.O,,,1,,,1,,,,,,
,I3621,Apr-26,Ahun B.O,Kaul S.O,,,,,,3,,1,,,,
,D2685,Apr-26,Ajrana Kalan B.O,Jhansa S.O,,,1,1,,,,,,,,
,L5289,Apr-26,Ajrawar B.O,Thol S.O,,,,,,1,,,,,,
,13603801,Apr-26,Amin S.O,,2,1,6,5,,9,,4,,1,,
,13615601,Apr-26,Babain S.O,,2,,9,15,,17,1,42,,,2,
,L6311,Apr-26,Badsikri Kalan B.O,Kalayat S.O,,,3,,,3,,,,,,
,J3506,Apr-26,Badsui B.O,Chika S.O,,,3,,,3,,,,,,
,I5225,Apr-26,Bagthala B.O,Kurukshetra University S.O,,,,2,,1,,,,,,
,H9070,Apr-26,Bakal B.O,Pai S.O,,,2,,,1,,1,,,,
,H1134,Apr-26,Bakali B.O,Ladwa S.O,,,1,2,,3,,41,,,,
,B1172,Apr-26,Bakhli B.O,Pehowa S.O,,,1,,,3,,2,,,,
,L6312,Apr-26,Balu B.O,Kalayat S.O,,,8,9,,2,,6,,,,
,H1135,Apr-26,Ban B.O,Ladwa S.O,,,1,,,1,,9,,,,
,H1136,Apr-26,Bapdi B.O,Ladwa S.O,,,1,,,7,,4,,,,
,H3315,Apr-26,Bargat B.O,Babain S.O,,,5,6,,3,,3,,,,
,I5226,Apr-26,Barna B.O,Kurukshetra University S.O,,,6,6,,8,,5,,,,
,H1137,Apr-26,Barout B.O,Ladwa S.O,,,4,4,,1,,1,,,,
,L6351,Apr-26,Barsana B.O,Pundri S.O,,,,,,2,,4,,,,
,AM119,Apr-26,Barta BO,Kaithal S.O,,,3,2,,,,,,,,
,I5227,Apr-26,Barwa B.O,Kurukshetra University S.O,,,1,1,,5,,6,,,,
,L6258,Apr-26,Batheri B.O,Gumthala Garhu S.O,,,1,,,,,,,,,
,L6313,Apr-26,Batta B.O,Kalayat S.O,,,5,,,5,,5,,,,
,J3508,Apr-26,Baupur B.O,Chika S.O,,,,,,,,1,,,,
,H3316,Apr-26,Bhagwanpur B.O,Babain S.O,,,3,,,3,,4,,,,
,H9071,Apr-26,Bhana B.O,Pai S.O,,,2,1,,6,,4,,,,
,I5228,Apr-26,Bhor Saida B.O,Kurukshetra University S.O,,,,1,,3,,,,,,
,A2668,Apr-26,Bhorakh B.O,Pehowa S.O,,,1,,,,,1,,,,
,J3510,Apr-26,Bhuna B.O,Chika S.O,,,4,2,,7,,42,,,,
,J3511,Apr-26,Bhuslan B.O,Chika S.O,,,7,1,,1,,16,,,,
,F7829,Apr-26,Bhusthala B.O,Jhansa S.O,,,2,,,3,,15,,,,
,L6337,Apr-26,Bir Bangran B.O,Rajound S.O,,,3,6,,3,,18,,,,
,H3317,Apr-26,Bir Kalwa B.O,Babain S.O,,,,,,1,,6,,,,
,B1795,Apr-26,Bir Mathana B.O,Pipli S.O,,,8,1,,,,,,,,
,13611801,Apr-26,Birla Mandir S.O,,2,,,17,,5,2,41,,6,2,
,D6357,Apr-26,Bodhni B.O,Pehowa S.O,,,,,,,,2,,,,
,E5321,Apr-26,Bodla B.O,Pipli S.O,,,2,,,9,,4,,,,
,H1138,Apr-26,Brahan BO,Ladwa S.O,,,,5,,1,,7,,,,
,L5398,Apr-26,Budha Khera B.O,Kaithal S.O,,,3,1,,4,,18,,,,
,L4439,Apr-26,Chaduni Jattan B.O,Shahabad(M) S.O,,,,,,,,2,,,,
,H2808,Apr-26,Chammu Kalan B.O,Ismailabad S.O,,,2,5,,,,,,,,
,L5399,Apr-26,Chandana B.O,Kaithal S.O,,,3,2,,7,,20,,,,
,L6193,Apr-26,Chandlana B.O,Dhand S.O,,,,3,,,,9,,,,
,L6314,Apr-26,Chaushala B.O,Kalayat S.O,,,,3,,3,,9,,,,
,13603401,Apr-26,Chika S.O,,5,,26,68,,35,3,26,,1,5,
,J3512,Apr-26,Daba B.O,Chika S.O,,,,3,,1,,,,,,
,I5229,Apr-26,Dabkheri B.O,Kurukshetra University S.O,,,2,,,1,,1,,,,
,L4440,Apr-26,Deeg B.O,Shahabad(M) S.O,,,1,4,,13,,,,,,
,L6352,Apr-26,Deeg B.O,Pundri S.O,,,5,4,,5,,3,,,,
,L5400,Apr-26,Deoban B.O,Kaithal S.O,,,1,,,2,,3,,,,
,L5401,Apr-26,Deohera B.O,Kaithal S.O,,,1,,,5,,,,,,
,L5402,Apr-26,Dewal B.O,Kaithal S.O,,,,1,,2,,1,,,,
,13602001,Apr-26,Dhand S.O,,2,,8,13,,16,1,16,,,,
,L6316,Apr-26,Dhundwa B.O,Kalayat S.O,,,,2,,1,,22,,,,
,I5230,Apr-26,Dhurala B.O,Kurukshetra University S.O,,,1,1,,,,1,,,,
,L6315,Apr-26,Dubbal B.O,Kalayat S.O,,,1,1,,,,,,,,
,H3318,Apr-26,Dudhla B.O,Babain S.O,,,,,,3,,20,,,,
,M6993,Apr-26,Duserpur B.O,Guhla S.O,,,3,,,1,,1,,,,
,13604201,Apr-26,Fatehpur S.O (Kaithal),,1,2,2,22,,16,3,27,,2,2,
,J3513,Apr-26,Gaggarpur B.O,Chika S.O,,,1,4,,1,,1,,,,
,H1139,Apr-26,Gajlana B.O,Ladwa S.O,,,,,,8,,15,,,,
,L5403,Apr-26,Geong B.O,Kaithal S.O,,,7,,,4,,,,,,
,L4441,Apr-26,Golpura B.O,Shahabad(M) S.O,,,1,1,,1,,,,,,
,H1140,Apr-26,Gudha B.O,Ladwa S.O,,,,1,,13,,20,,,,
,13603501,Apr-26,Guhla S.O,,1,1,5,6,,18,,30,,,1,
,L5404,Apr-26,Guhna B.O,Kaithal S.O,,,2,,,3,,30,,,,
,L5405,Apr-26,Gulyana Songri B.O,Rajound S.O,,,,3,,2,,2,,,,
,13603001,Apr-26,Gumthala Garhu S.O,,,,3,8,,6,1,5,,,3,
,L6353,Apr-26,Habri B.O,Pundri S.O,,,1,1,,2,,11,,,,
,L6354,Apr-26,Hajwana B.O,Pundri S.O,,,,3,,5,,14,,,,
,J3514,Apr-26,Harigarh Kingan B.O,Chika S.O,,,1,1,,2,,17,,,,
,L4442,Apr-26,Haripur B.O,Shahabad(M) S.O,,,2,,,1,,2,,,,
,L6317,Apr-26,Haripura B.O,Kalayat S.O,,,2,4,,1,,2,,,,
,L5406,Apr-26,Harsola B.O,Kaithal S.O,,,1,16,,1,,13,,,,
,I5232,Apr-26,Hassanpur B.O,Kurukshetra University S.O,,,1,1,,2,,3,,,,
,I5233,Apr-26,Hathira B.O,Kurukshetra University S.O,,,,,,3,,12,,,,
,F2974,Apr-26,Ishaq B.O,Pehowa S.O,,,,4,,2,,,,,,
,13612901,Apr-26,Ismailabad S.O,,4,,9,51,,18,5,76,,5,6,
,L6194,Apr-26,Jadola B.O,Dhand S.O,,,1,,,2,,1,,,,
,L6195,Apr-26,Jajjanpur B.O,Dhand S.O,,,,20,,,,40,,,,
,L5407,Apr-26,Jakholi B.O,Rajound S.O,,,3,2,,2,,2,,,,
,H2809,Apr-26,Jalbehra B.O,Ismailabad S.O,,,2,,,,,1,,,,
,L4443,Apr-26,Jandheri B.O,Shahabad(M) S.O,,,4,1,,10,,14,,,,
,H3319,Apr-26,Jandola B.O,Babain S.O,,,,1,,1,,,,,,
,13613001,Apr-26,Jhansa S.O,,2,,3,21,,26,,49,,3,3,
,13611802,Apr-26,Judicial Complex Kurukshetra S.O,,2,,1,42,,11,4,47,,1,12,
,I5234,Apr-26,Jyotisar B.O,Kurukshetra University S.O,,,3,2,,3,,10,,,,
,L6318,Apr-26,Kailram B.O,Kalayat S.O,,,4,,,,,7,,,,
,13602701,Apr-26,Kaithal City S.O,,5,1,2,147,,40,1,56,,12,10,
,13602702,Apr-26,Kaithal S.O,,12,2,27,145,,58,8,124,,5,37,
,H9072,Apr-26,Kakot B.O,Pai S.O,,,,,,2,,,,,,
,L6259,Apr-26,Kakral Gujran B.O,Gumthala Garhu S.O,,,1,,,1,,,,,,
,I5447,Apr-26,Kakrala Inayat B.O,Siwan S.O,,,,,,3,,15,,,,
,H3320,Apr-26,Kalal Majra B.O,Babain S.O,,,4,1,,8,,,,,,
,L6319,Apr-26,Kalasar B.O,Kalayat S.O,,,2,1,,2,,,,,,
,L6320,Apr-26,Kalayat Mandi B.O,Kalayat S.O,,,,5,,,,,,,,
,13611701,Apr-26,Kalayat S.O,,8,1,9,30,,18,3,61,,1,13,
,H1141,Apr-26,Kalirano B.O,Ladwa S.O,,,1,2,,3,,,,,,
,L4444,Apr-26,Kalsana B.O,Shahabad(M) S.O,,,5,,,1,,14,,,,
,L4445,Apr-26,Kalyana B.O,Shahabad(M) S.O,,,,6,,1,,2,,,,
,I5235,Apr-26,Kamoda B.O,Kurukshetra University S.O,,,3,1,,3,,5,,,,
,I5448,Apr-26,Kangthali B.O,Siwan S.O,,,6,2,,2,,5,,,,
,E4672,Apr-26,Karah B.O,Pehowa S.O,,,,1,,,,7,,,,
,13602703,Apr-26,Karnal Road Kaithal S.O,,5,1,12,95,,24,9,50,,1,9,
,H9073,Apr-26,Karora B.O,Pai S.O,,,,1,,,,4,,,,
,L5408,Apr-26,Kassan B.O,Rajound S.O,,,1,,,4,,,,,,
,13602101,Apr-26,Kaul S.O,,,,7,0,,2,,1,,2,,
,I5449,Apr-26,Kawartan B.O,Siwan S.O,,,4,,,4,,1,,,,
,L5409,Apr-26,Keorak B.O,Kaithal S.O,,,,5,,3,,1,,,,
,A3299,Apr-26,Khanpur Kolian B.O,Pipli S.O,,,3,1,,1,,,,,,
,L6321,Apr-26,Kharak Pandwan B.O,Kalayat S.O,,,1,,,,,,,,,
,J3515,Apr-26,Kharaudi B.O,Chika S.O,,,,2,,4,,,,,,
,L4446,Apr-26,Kharindwa B.O,Shahabad(M) S.O,,,2,,,8,,17,,,,
,M6995,Apr-26,Kharkan B.O,Guhla S.O,,,,,,1,,1,,,,
,H1142,Apr-26,Kheri Dabdallan B.O,Ladwa S.O,,,4,,,12,,4,,,,
,I5450,Apr-26,Kheri Gulam Ali B.O,Siwan S.O,,,4,,,5,,6,,,,
,I5236,Apr-26,Kheri Ram Nagar B.O,Kurukshetra University S.O,,,1,,,,,2,,,,
,L5410,Apr-26,Kheri Simbal Wali B.O,Rajound S.O,,,3,,,4,,1,,,,
,L5411,Apr-26,Khurana B.O,Kaithal S.O,,,2,3,,,,5,,,,
,I5237,Apr-26,Kirmuch B.O,Kurukshetra University S.O,,,3,2,,1,,6,,,,
,L6338,Apr-26,Kithana B.O,Rajound S.O,,,,1,,2,,4,,,,
,F3607,Apr-26,Kohlapur B.O,Pipli S.O,,,1,1,,2,,2,,,,
,L6322,Apr-26,Kolekhan B.O,Kalayat S.O,,,1,20,,,,1,,,,
,H9074,Apr-26,Kotra B.O,Pai S.O,,,1,2,,2,,9,,,,
,L5413,Apr-26,Kultaran B.O,Kaithal S.O,,,1,,,2,,8,,,,
,L6323,Apr-26,Kurar B.O,Kalayat S.O,,,3,3,,1,,7,,,,
,13611800,Apr-26,Kurukshetra H.O,,40,8,32,142,,60,43,243,,11,76,
,13611901,Apr-26,Kurukshetra University S.O,,8,6,13,37,,37,15,67,,2,12,
,L5414,Apr-26,Ladana Baba B.O,Kaithal S.O,,,3,1,,1,,,,,,
,I5451,Apr-26,Ladana Chaku B.O,Siwan S.O,,,1,,,3,,,,,,
,13613201,Apr-26,Ladwa S.O,,11,3,9,81,,52,7,93,,5,27,
,H3321,Apr-26,Lakhmari B.O,Babain S.O,,,4,5,,8,,11,,,,
,L5415,Apr-26,Lander Keema B.O,Kaithal S.O,,,1,,,1,,2,,,,
,L4447,Apr-26,Landi B.O,Shahabad(M) S.O,,,1,,,26,,16,,,,
,H1143,Apr-26,Lohara B.O,Ladwa S.O,,,,4,,4,,9,,,,
,I5238,Apr-26,Lukhi B.O,Kurukshetra University S.O,,,2,1,,1,,2,,,,
,L4448,Apr-26,Madanpur B.O,Shahabad(M) S.O,,,,5,,2,,2,,,,
,L5416,Apr-26,Majra Nand Karan B.O,Pai S.O,,,1,,,2,,6,,,,
,13613501,Apr-26,Majri Mohalla Shahabad S.O,,3,9,4,14,,13,,9,,1,,
,B1173,Apr-26,Malikpur B.O,Pehowa S.O,,,,10,,1,,,,,,
,L5417,Apr-26,Manas B.O,Kaithal S.O,,,2,,,,,,,,,
,L5290,Apr-26,Mandheri B.O,Thol S.O,,,,,,2,,1,,,,
,I5452,Apr-26,Mandi Sadra B.O,Siwan S.O,,,,9,,,,,,,,
,L6339,Apr-26,Mandwal B.O,Rajound S.O,,,1,,,1,,1,,,,
,M6996,Apr-26,Mastgarh B.O,Guhla S.O,,,1,1,,1,,,,,,
,L6324,Apr-26,Mataur B.O,Kalayat S.O,,,4,1,,2,,,,,,
,F3608,Apr-26,Mathana B.O,Pipli S.O,,,,,,2,,3,,,,
,J3517,Apr-26,Mengran B.O,Chika S.O,,,,,,1,,,,,,
,13602705,Apr-26,Model Town Kaithal S.O,,,,1,2,,6,,5,,,2,
,13611803,Apr-26,Mohan Nagar S.O (Kurukshetra),,11,1,11,65,,25,12,46,,4,21,
,13613401,Apr-26,Mohri S.O,,1,2,3,6,,4,1,,,,,
,H9317,Apr-26,Mundri B.O,Fatehpur S.O (Kaithal),,,,,,,,1,,,,
,A2669,Apr-26,Murtzapur B.O,Pehowa S.O,,,,,,2,,1,,,,
,L4449,Apr-26,Nagla B.O,Shahabad(M) S.O,,,1,1,,1,,,,,,
,H9318,Apr-26,Naina Dhos B.O,Fatehpur S.O (Kaithal),,,,,,1,,3,,,,
,H2810,Apr-26,Naisi B.O,Ismailabad S.O,,,,,,3,,3,,,,
,L4450,Apr-26,Nalvi B.O,Shahabad(M) S.O,,,5,1,,10,,17,,,,
,L5418,Apr-26,Narar B.O,Kaithal S.O,,,3,4,,1,,22,,,,
,L5419,Apr-26,Nauch B.O,Kaithal S.O,,,1,,,3,,5,,,,
,13613202,Apr-26,Ngm Ladwa S.O,,4,,2,69,,15,,60,,1,14,
,H1144,Apr-26,Niwarsi B.O,Ladwa S.O,,,,,,3,,,,,,
,L6196,Apr-26,Pabnawa B.O,Dhand S.O,,,,13,,,,5,,,,
,L5420,Apr-26,Padla B.O,Kaithal S.O,,,5,,,11,,115,,,,
,13604301,Apr-26,Pai S.O,,2,2,4,17,,17,1,68,,11,1,
,G2047,Apr-26,Palwal B.O,Pipli S.O,,,,5,,3,,,,,,
,L5421,Apr-26,Patti Afgan B.O,Kaithal S.O,,,1,6,,8,,5,,,,
,J3518,Apr-26,Peedal B.O,Chika S.O,,,2,,,2,,,,,,
,13612801,Apr-26,Pehowa S.O,,8,4,20,45,,38,11,43,,19,36,
,L5422,Apr-26,Peoda B.O,Kaithal S.O,,,,5,,2,,3,,,,
,I3623,Apr-26,Pharal B.O,Kaul S.O,,,,2,,6,,2,,,,
,H9075,Apr-26,Pilni B.O,Pai S.O,,,,,,2,,12,,,,
,13613101,Apr-26,Pipli S.O,,13,,9,28,,40,8,42,,6,18,
,H1145,Apr-26,Prahladpur B.O,Ladwa S.O,,,2,,,5,,,,,,
,13602601,Apr-26,Pundri S.O,,,,12,34,,23,3,115,,14,6,
,13604401,Apr-26,Rajound S.O,,1,2,8,1,,14,,9,,,,
,L6325,Apr-26,Ram Garh Pandwa B.O,Kalayat S.O,,,,,,1,,,,,,
,H3322,Apr-26,Ram Saran Majra B.O,Babain S.O,,,2,,,3,,6,,,,
,L6260,Apr-26,Ramgarh Ror B.O,Gumthala Garhu S.O,,,1,1,,,,,,,,
,H9319,Apr-26,Rasina B.O,Fatehpur S.O (Kaithal),,,,1,,1,,,,,,
,L4452,Apr-26,Rawa B.O,Shahabad(M) S.O,,,,,,5,,,,,,
,L6340,Apr-26,Rohera B.O,Rajound S.O,,,4,,,4,,,,,,
,H2811,Apr-26,Rohti B.O,Ismailabad S.O,,,1,,,1,,,,,,
,I5453,Apr-26,Sair B.O,Siwan S.O,,,1,1,,5,,3,,,,
,L6326,Apr-26,Sajuma B.O,Kalayat S.O,,,,,,1,,,,,,
,I3624,Apr-26,Sakra B.O,Kaul S.O,,,1,2,,6,,6,,,,
,I5239,Apr-26,Salarpur B.O,Kurukshetra University S.O,,,,4,,,,,,,,
,L4453,Apr-26,Samalkhi B.O,Shahabad(M) S.O,,,1,2,,3,,2,,,,
,B1174,Apr-26,Sandholi B.O,Pehowa S.O,,,,2,,1,,1,,,,
,L6327,Apr-26,Sanghan B.O,Kalayat S.O,,,4,2,,3,,,,,,
,H3323,Apr-26,Sanghor B.O,Babain S.O,,,,,,6,,8,,,,
,I3625,Apr-26,Sanghrouli B.O,Kaul S.O,,,5,2,,9,,6,,,,
,L6341,Apr-26,Santokh Majra B.O,Rajound S.O,,,1,,,,,,,,,
,13612802,Apr-26,Saraswati Mandir Pehowa S.O,,1,8,5,6,,12,1,39,,,4,
,A2670,Apr-26,Sarsa B.O,Pehowa S.O,,,1,26,,3,,,,,,
,H9320,Apr-26,Saunch B.O,Fatehpur S.O (Kaithal),,,,,,4,,16,,,,
,13611804,Apr-26,Sector 3 U E KKR S.O,,7,9,2,6,,5,9,12,,,,
,M6997,Apr-26,Seonmajra B.O,Guhla S.O,,,,,,2,,3,,,,
,L6261,Apr-26,Seonsar B.O,Gumthala Garhu S.O,,,2,,,,,,,,,
,H9076,Apr-26,Serhda B.O,Pai S.O,,,4,5,,3,,3,,,,
,13613502,Apr-26,Shahabad(M) S.O,,17,2,12,104,,52,25,213,,15,65,
,L5291,Apr-26,Shanti Nagar B.O,Thol S.O,,,1,1,,3,,5,,,,
,L4454,Apr-26,Sharif Garh B.O,Shahabad(M) S.O,,,,4,,1,,,,,,
,L6328,Apr-26,Simla B.O,Kalayat S.O,,,,7,,1,,,,,,
,L6355,Apr-26,Sirsal B.O,Pundri S.O,,,2,4,,3,,5,,,,
,L5423,Apr-26,Sirta B.O,Kaithal S.O,,,,,,3,,3,,,,
,H9077,Apr-26,Sisla Sismore B.O,Pai S.O,,,3,,,4,,3,,,,
,13602704,Apr-26,Siwan Gate Kaithal S.O,,10,,8,69,,28,5,186,,10,15,
,13603301,Apr-26,Siwan S.O,,1,,19,59,,41,,65,,5,6,
,L5424,Apr-26,Songal B.O,Pai S.O,,,,,,,,3,,,,
,L4455,Apr-26,Sudpur B.O,Shahabad(M) S.O,,,,,,2,,,,,,
,G6385,Apr-26,Tangore B.O,Jhansa S.O,,,2,,,3,,10,,,,
,L5425,Apr-26,Teek B.O,Dhand S.O,,,4,1,,4,,,,,,
,H9321,Apr-26,Teontha B.O,Fatehpur S.O (Kaithal),,,5,1,,7,,,,,,
,L6262,Apr-26,Thana B.O,Gumthala Garhu S.O,,,2,11,,,,3,,,,
,13611805,Apr-26,Thanesar Town S.O,,14,1,8,150,,29,9,170,,13,19,
,H2812,Apr-26,Thaska Miranji B.O,Ismailabad S.O,,,2,4,,1,,,,,,
,13613601,Apr-26,Thol S.O,,3,5,9,18,,23,,7,,,2,
,L4456,Apr-26,Tigri B.O,Shahabad(M) S.O,,,,1,,1,,,,,,
,L5426,Apr-26,Titram B.O,Kaithal S.O,,,2,5,,6,,1,,,,
,C8496,Apr-26,Umri B.O,Pipli S.O,,,3,,,1,,,,,,
,E4673,Apr-26,Urnai B.O,Pehowa S.O,,,4,11,,5,,,,,,
,L4457,Apr-26,Yara B.O,Shahabad(M) S.O,,,,2,,6,,,,,,
,J7405,Apr-26,Achhej BO,Matanhail SO,,,,,,2,,,,,,
,J7826,Apr-26,Akheri Madanpur BO,Sahlawas SO,,,1,,,1,,4,,,,
,12441101,Apr-26,Anwal SO,,2,,,6,,3,,26,,1,2,
,H3438,Apr-26,Assan BO,Kansala SO,,,1,,,3,,5,,,,
,12450501,Apr-26,Assaudha SO,,1,,2,16,,5,,7,,,,
,12402101,Apr-26,Asthal Bohar SO,,,,4,11,,4,1,4,,1,1,
,L5365,Apr-26,Atail BO,Sampla SO,,,2,,,1,,2,,,,
,12410501,Apr-26,Badli SO Jhajjar,,1,,2,1,,8,1,5,,,,
,L6154,Apr-26,Badsa BO,Badli SO Jhajjar,,,2,,,,,,,,,
,D6994,Apr-26,Baghpur BO,Beri SO,,,,,,,,11,,,,
,12450700,Apr-26,Bahadurgarh HO,,30,4,30,74,,71,24,89,,14,35,
,12450801,Apr-26,Bahadurgarh Mandi SO,,8,,6,72,,23,12,53,,4,21,
,12450702,Apr-26,Bahadurgarh Sector 6 SO,,11,1,4,24,,12,15,32,,2,14,
,H8733,Apr-26,Bahu Akbarpur BO,Mokhra SO,,,2,,,4,,1,,,,
,12414201,Apr-26,Bahu SO,,6,,2,14,,10,5,15,,1,,
,G2018,Apr-26,Bainsi BO,Nindana SO,,,1,2,,4,,13,,,,
,H3439,Apr-26,Bakheta BO,Kansala SO,,,,,,1,,,,,,
,F3618,Apr-26,Bakra BO,Beri SO,,,1,,,2,,48,,,,
,O0155,Apr-26,Baland BO,Police Training Center Sunaria SO,,,2,5,,,,4,,,,
,J7277,Apr-26,Baliana BO,Bhalaut SO,,,4,34,,9,,5,,,,
,L6155,Apr-26,Bamnaula BO,Badli SO Jhajjar,,,,,,2,,,,,,
,N9644,Apr-26,Bamnoli BO,Assaudha SO,,,1,1,,,,4,,,,
,D2955,Apr-26,Banyani BO,Anwal SO,,,,1,,,,,,,,
,N9645,Apr-26,Barahi BO,Assaudha SO,,,,2,,,,,,,,
,H3215,Apr-26,Barhana BO,Dighal SO,,,7,5,,3,,,,,,
,H8734,Apr-26,Basana BO,Mokhra SO,,,2,1,,4,,3,,,,
,H9416,Apr-26,Basantpur BO,Sanghi SO,,,2,8,,2,,5,,,,
,12420101,Apr-26,Beri SO,,5,3,13,24,,25,1,85,,3,6,
,N9277,Apr-26,Bhadani BO,Nehru College Jhajjar SO,,,1,1,,,,,,,,
,E5293,Apr-26,Bhagwatipur BO,Lakhan Majra SO,,,1,1,,1,,,,,,
,J9565,Apr-26,Bhaini Bharon BO,Mehem SO,,,3,30,,,,,,,,
,J9566,Apr-26,Bhaini Chanderpal BO,Mehem SO,,,3,4,,2,,93,,,,
,J9568,Apr-26,Bhaini Maharajpur BO,Mehem SO,,,,,,,,1,,,,
,J9567,Apr-26,Bhaini Surjan BO,Mehem SO,,,,1,,,,,,,,
,12440101,Apr-26,Bhalaut SO,,1,,3,9,,7,,23,,,1,
,O0156,Apr-26,Bhali Anandpur BO,Police Training Center Sunaria SO,,,,,,5,,2,,,,
,J7014,Apr-26,Bhambhewa BO,Asthal Bohar SO,,,1,1,,2,,2,,,,
,L5366,Apr-26,Bhaproda BO,Sampla SO,,,,,,1,,5,,,,
,H8968,Apr-26,Bharan BO,Madina SO,,,5,,,3,,3,,,,
,L5367,Apr-26,Bhasro Kalan BO,Sampla SO,,,1,31,,1,,,,,,
,D8689,Apr-26,Bhatera BO,Machrauli SO,,,3,,,1,,,,,,
,J3748,Apr-26,Bhindawas BO,Dhakla SO,,,,,,7,,3,,,,
,L6156,Apr-26,Bhupnia BO,Badli SO Jhajjar,,,,1,,,,1,,,,
,J7827,Apr-26,Bhurawas BO,Sahlawas SO,,,1,,,4,,,,,,
,J3749,Apr-26,Bilochpura BO,Dhakla SO,,,,11,,4,,5,,,,
,J7828,Apr-26,Birar BO,Sahlawas SO,,,1,,,3,,1,,,,
,D7057,Apr-26,Birdhana BO,Dujana SO,,,4,3,,1,,,,,,
,J7406,Apr-26,Birohar BO,Matanhail SO,,,8,,,1,,1,,,,
,A3311,Apr-26,Bishan BO,Beri SO,,,,24,,3,,4,,,,
,J7015,Apr-26,Bohar BO,Asthal Bohar SO,,,1,,,2,,5,,,,
,12400112,Apr-26,Bus Stand,,,,2,1,,,,,,1,,
,C0295,Apr-26,Chamanpura BO,Dujana SO,,,,9,,2,,2,,,,
,H9417,Apr-26,Chamaria BO,Sanghi SO,,,1,,,4,,4,,,,
,F3581,Apr-26,Chandi BO,Lakhan Majra SO,,,,,,1,,1,,,,
,12450401,Apr-26,Charra SO,,4,,2,18,,14,,40,,4,,
,AM118,Apr-26,Chhadwana BO,Dhakla SO,,,1,2,,5,,1,,,,
,B3544,Apr-26,Chhappar BO,Machrauli SO,,,5,,,1,,3,,,,
,H3216,Apr-26,Chhochi BO,Dighal SO,,,1,,,,,,,,,
,J7407,Apr-26,Chhuchhakwas BO,Matanhail SO,,,3,,,,,1,,,,
,J8915,Apr-26,Chimni BO,Kahnaur SO,,,2,2,,4,,7,,,,
,D6955,Apr-26,Chiri BO,Lakhan Majra SO,,,,,,3,,2,,,,
,H0668,Apr-26,Chudani BO,Charra SO,,,,,,2,,,,,,
,L5368,Apr-26,Chuliyana BO,Sampla SO,,,2,2,,3,,,,,,
,12410301,Apr-26,Court Complex Jhajjar SO,,3,,3,10,,6,1,16,,2,,
,L9900,Apr-26,Daboda Khurd BO,Bahadurgarh Mandi SO,,,1,,,2,,,,,,
,F4661,Apr-26,Dadanpur BO,Jhajjar SO,,,3,,,2,,3,,,,
,D7943,Apr-26,Dadri Toe BO,Jhajjar SO,,,4,,,,,,,,,
,J3750,Apr-26,Darauli BO,Dhakla SO,,,,,,7,,3,,,,
,E6293,Apr-26,Dawla Raiya BO,Jhajjar SO,,,1,,,4,,2,,,,
,L5369,Apr-26,Dehkora BO,Sampla SO,,,,1,,,,,,,,
,L6157,Apr-26,Deverkhana BO,Badli SO Jhajjar,,,1,,,,,2,,,,
,12410901,Apr-26,Dhakla SO,,5,2,3,16,,7,5,17,,1,,
,J7278,Apr-26,Dhamar BO,Bhalaut SO,,,,22,,5,,3,,,,
,H3217,Apr-26,Dhandlan BO,Dighal SO,,,,1,,1,,2,,,,
,J8916,Apr-26,Dharana BO,Kahnaur SO,,,3,2,,2,,2,,,,
,D6995,Apr-26,Dhaur BO,Beri SO,,,,10,,1,,1,,,,
,12410701,Apr-26,Dighal SO,,4,,3,39,,21,,129,,1,57,
,12400101,Apr-26,DLF Colony Rohtak SO,,1,,1,57,,15,7,69,,3,9,
,O0157,Apr-26,Dobh BO,Police Training Center Sunaria SO,,,,,,3,,6,,,,
,12420201,Apr-26,Dubaldhan SO,,1,1,1,18,,15,,35,,0,,
,12410201,Apr-26,Dujana SO,,,1,2,4,,6,,11,,1,3,
,L9901,Apr-26,Dulhera BO,Bahadurgarh Mandi SO,,,1,12,,2,,,,,,
,J9569,Apr-26,Farmana BO,Mehem SO,,,3,1,,4,,1,,,,
,O0158,Apr-26,Gaddi Kheri BO,Police Training Center Sunaria SO,,,,1,,,,,,,,
,12400102,Apr-26,Gandhi Camp SO,,10,1,2,40,,19,5,64,,9,6,
,L5370,Apr-26,Gandhra BO,Sampla SO,,,,23,,4,,4,,,,
,G6638,Apr-26,Garhi Ballab BO,Anwal SO,,,,,,1,,2,,,,
,L5371,Apr-26,Garhi BO,Sampla SO,,,,1,,,,14,,,,
,J8917,Apr-26,Garnauthi BO,Kahnaur SO,,,4,2,,,,,,,,
,F4662,Apr-26,Gawalison BO,Jhajjar SO,,,1,1,,5,,1,,,,
,C8463,Apr-26,Gharauthi BO,Lakhan Majra SO,,,1,,,2,,,,,,
,H9418,Apr-26,Ghillaur Kalan BO,Sanghi SO,,,2,,,3,,1,,,,
,H8969,Apr-26,Girawar BO,Madina SO,,,,,,,,1,,,,
,H3218,Apr-26,Gochhi BO,Dighal SO,,,5,2,,2,,17,,,,
,L9902,Apr-26,Goela Kalan BO,Bahadurgarh Mandi SO,,,,,,1,,,,,,
,12400103,Apr-26,Gohana Road SO Rohtak,,6,,3,30,,4,6,36,,,1,
,G9342,Apr-26,Goria BO,Bahu SO,,,,,,1,,1,,,,
,L6158,Apr-26,Gubhana BO,Badli SO Jhajjar,,,1,6,,,,1,,,,
,D7944,Apr-26,Gudha BO,Jhajjar SO,,,1,1,,1,,,,,,
,B2757,Apr-26,Gurukul Jhajjar BO,Jhajjar SO,,,2,,,1,,4,,,,
,C9509,Apr-26,Hasanpur BO,Jhajjar SO,,,7,,,1,,,,,,
,12440401,Apr-26,Hassangarh SO,,,1,0,17,,8,,20,,1,,
,H3440,Apr-26,Humayunpur BO,Kansala SO,,,,,,1,,3,,,,
,12400115,Apr-26,Indra Colony Rohtak S.O,,,,9,9,,8,,10,,,2,
,L5373,Apr-26,Ismaila BO,Sampla SO,,,4,4,,2,,3,,,,
,N9278,Apr-26,Jahangirpur BO,Nehru College Jhajjar SO,,,1,13,,9,,8,,,,
,A4293,Apr-26,Jahazgarh BO,Jhajjar SO,,,,,,1,,9,,,,
,N9646,Apr-26,Jakhauda BO,Assaudha SO,,,,2,,1,,3,,,,
,12400104,Apr-26,Janta Colony Rohtak SO,,2,,,75,,16,1,76,,,12,
,N9647,Apr-26,Jassaur Kheri BO,Assaudha SO,,,3,3,,6,,2,,,,
,H9419,Apr-26,Jassia BO,Sanghi SO,,,2,1,,1,,4,,,,
,12400105,Apr-26,Jhajjar Road Rohtak SO,,3,,1,12,,2,,36,,3,7,
,12410302,Apr-26,Jhajjar SO,,25,4,26,249,,103,11,365,,7,25,
,G9343,Apr-26,Jhamri BO,Bahu SO,,,,,,1,,,,,,
,J7829,Apr-26,Jhanswa Kalan BO,Sahlawas SO,,,2,1,,3,,,,,,
,J7408,Apr-26,Jharli BO,Matanhail SO,,,2,,,1,,19,,,,
,H9420,Apr-26,Jindran BO,Sanghi SO,,,,1,,2,,5,,,,
,N9279,Apr-26,Jnv Kiloi BO,Nehru College Jhajjar SO,,,2,1,,2,,2,,,,
,F4663,Apr-26,Jondhi BO,Jhajjar SO,,,,,,1,,,,,,
,N9280,Apr-26,Kablana BO,Nehru College Jhajjar SO,,,,,,1,,1,,,,
,B1803,Apr-26,Kabulpur BO,Beri SO,,,1,51,,1,,,,,,
,12441201,Apr-26,Kahnaur SO,,2,1,5,15,,12,,95,,1,3,
,H9421,Apr-26,Kahni BO,Sanghi SO,,,2,,,,,1,,,,
,B3545,Apr-26,Kahri BO,Machrauli SO,,,6,,,2,,3,,,,
,12411301,Apr-26,Kalanaur SO Rohtak,,2,,12,21,,22,2,41,,,3,
,J7016,Apr-26,Kanheli BO,Asthal Bohar SO,,,,,,,,4,,,,
,N9648,Apr-26,KANONDA BO,Assaudha SO,,,,,,,,1,,,,
,12440601,Apr-26,Kansala SO,,,,0,4,,2,,9,,,,
,AK737,Apr-26,Karodha BO,Jhajjar SO,,,3,2,,1,,,,,,
,O0159,Apr-26,Karontha BO,Police Training Center Sunaria SO,,,2,4,,2,,,,,,
,J7017,Apr-26,Karor BO,Asthal Bohar SO,,,3,2,,,,9,,,,
,J3751,Apr-26,Kasni BO,Dhakla SO,,,1,1,,5,,4,,,,
,L9903,Apr-26,Kassar BO,Bahadurgarh Mandi SO,,,,1,,,,,,,,
,J2618,Apr-26,Katesra BO,Kalanaur SO Rohtak,,,1,,,,,,,,,
,J7409,Apr-26,Khachrauli BO,Matanhail SO,,,1,1,,1,,3,,,,
,J2619,Apr-26,Khairari BO,Kalanaur SO Rohtak,,,,2,,1,,80,,,,
,C0197,Apr-26,Kharainti BO,Lakhan Majra SO,,,5,1,,4,,1,,,,
,J7018,Apr-26,Kharawar BO,Asthal Bohar SO,,,1,4,,2,,18,,,,
,L5374,Apr-26,Kharhar BO,Sampla SO,,,,,,,,1,,,,
,H8970,Apr-26,Kharkhara BO,Madina SO,,,,,,3,,,,,,
,L9904,Apr-26,Kharman BO,Bahadurgarh Mandi SO,,,2,2,,1,,5,,,,
,E6294,Apr-26,Khatiwas BO,Jhajjar SO,,,,1,,,,2,,,,
,N9281,Apr-26,Kheri Asra BO,Nehru College Jhajjar SO,,,1,6,,2,,1,,,,
,J7019,Apr-26,Kheri Sadh BO,Asthal Bohar SO,,,1,2,,2,,,,,,
,J3752,Apr-26,Khetawas BO,Dhakla SO,,,1,1,,9,,2,,,,
,H9422,Apr-26,Khidwali BO,Sanghi SO,,,5,3,,4,,2,,,,
,G9345,Apr-26,Khorra BO,Bahu SO,,,,,,4,,,,,,
,C2008,Apr-26,Khudan BO,Machrauli SO,,,1,,,,,2,,,,
,N9282,Apr-26,Khungai BO,Nehru College Jhajjar SO,,,,1,,5,,,,,,
,J7279,Apr-26,Kiloi BO,Bhalaut SO,,,1,2,,2,,5,,,,
,N9649,Apr-26,Kulasi BO,Assaudha SO,,,1,,,2,,1,,,,
,L5375,Apr-26,Kultana BO,Sampla SO,,,,5,,5,,,,,,
,J7830,Apr-26,Ladain BO,Sahlawas SO,,,1,1,,3,,1,,,,
,J7280,Apr-26,Ladout BO,Bhalaut SO,,,,,,,,1,,,,
,N9650,Apr-26,LADRAWAN BO,Assaudha SO,,,,3,,2,,6,,,,
,A7770,Apr-26,Lahli BO,Anwal SO,,,,,,2,,2,,,,
,12451401,Apr-26,Lakhan Majra SO,,1,1,4,4,,4,2,5,,,1,
,L5376,Apr-26,Loharheri BO,Sampla SO,,,1,4,,2,,3,,,,
,A5091,Apr-26,Lohari BO,Machrauli SO,,,2,,,1,,1,,,,
,L9905,Apr-26,Lowa Kalan BO,Bahadurgarh Mandi SO,,,,,,,,3,,,,
,L9906,Apr-26,Luksar BO,Bahadurgarh Mandi SO,,,,1,,,,13,,,,
,12410801,Apr-26,Machrauli SO,,2,1,4,41,,14,,46,,1,1,
,D7058,Apr-26,Madana Kalan BO,Dujana SO,,,5,3,,1,,,,,,
,12411101,Apr-26,Madina SO,,,,2,13,,16,,38,,3,,
,12450705,Apr-26,Main Bazar Bahadurgarh  SO,,6,1,6,18,,15,1,54,,,11,
,J7020,Apr-26,Maina BO,Asthal Bohar SO,,,1,1,,2,,1,,,,
,J7210,Apr-26,Majra BO,Dubaldhan SO,,,2,3,,14,,8,,1,,
,J7281,Apr-26,Makrauli Kalan BO,Bhalaut SO,,,1,1,,2,,,,,,
,12450601,Apr-26,Mandothi SO,,2,,0,10,,5,,13,,,,
,O0160,Apr-26,Marodi Jatan BO,Police Training Center Sunaria SO,,,2,,,1,,,,,,
,J7410,Apr-26,Marot BO,Matanhail SO,,,2,4,,1,,3,,,,
,L5377,Apr-26,Matan BO,Sampla SO,,,1,,,,,,,,,
,12410601,Apr-26,Matanhail SO,,11,2,6,10,,21,1,38,,2,2,
,12400113,Apr-26,MD University Rohtak SO,,,,,1,,,,,,,,
,12400106,Apr-26,Medical College SO Rohtak,,5,1,3,24,,13,2,51,,,7,
,12411201,Apr-26,Mehem SO,,6,,15,22,,26,6,72,,4,14,
,C0296,Apr-26,Mehrana BO,Dujana SO,,,1,9,,2,,1,,,,
,12451501,Apr-26,MET Dadri Toe S.O,,,,,,,2,,,,,,
,12450706,Apr-26,Mini Secretariat Bahadurgarh S.O,,,,1,1,,,,,,,,
,12400107,Apr-26,Model Town SO Rohtak,,13,1,2,35,,17,3,117,,2,24,
,12402201,Apr-26,Mokhra SO,,,,3,7,,10,,12,,,,
,H3441,Apr-26,Morekheri BO,Kansala SO,,,,,,2,,,,,,
,D7945,Apr-26,MPMajra BO,Jhajjar SO,,,,,,3,,,,,,
,J7831,Apr-26,Mundahera BO,Sahlawas SO,,,1,2,,7,,1,,,,
,J7411,Apr-26,Mundsa BO,Matanhail SO,,,1,1,,,,,,,,
,J7282,Apr-26,Mungain BO,Bhalaut SO,,,,13,,,,,,,,
,C0198,Apr-26,Nandal BO,Lakhan Majra SO,,,1,1,,3,,,,,,
,L5379,Apr-26,Naya Bans BO,Sampla SO,,,,6,,1,,1,,,,
,12410401,Apr-26,Nehru College Jhajjar SO,,,1,1,3,,3,,28,,,,
,B1769,Apr-26,Nidana BO,Lakhan Majra SO,,,,,,1,,,,,,
,J2620,Apr-26,Nigana BO,Kalanaur SO Rohtak,,,,1,,6,,7,,,,
,J7832,Apr-26,Nilaheri BO,Sahlawas SO,,,5,5,,2,,1,,,,
,H7486,Apr-26,Nilothi BO,Hassangarh SO,,,2,,,1,,,,,,
,12451301,Apr-26,Nindana SO,,,1,6,6,,14,3,31,,,,
,J3753,Apr-26,Niwada BO,Dhakla SO,,,,,,5,,,,,,
,J7412,Apr-26,Nogawan BO,Matanhail SO,,,,,,1,,,,,,
,L5378,Apr-26,Nonaud BO,Sampla SO,,,1,12,,7,,,,,,
,L9907,Apr-26,Noona Majra BO,Bahadurgarh Mandi SO,,,3,24,,6,,4,,,,
,J7283,Apr-26,Paksma BO,Bhalaut SO,,,5,9,,3,,12,,,,
,A4292,Apr-26,Palra BO,Jhajjar SO,,,3,2,,2,,1,,,,
,G3970,Apr-26,Pataudah BO,Machrauli SO,,,3,1,,3,,2,,,,
,D2956,Apr-26,Patwapur BO,Anwal SO,,,,,,1,,2,,,,
,J7021,Apr-26,Pehrawar BO,Asthal Bohar SO,,,1,1,,,,3,,,,
,L6162,Apr-26,Pelpa BO,Badli SO Jhajjar,,,1,4,,3,,1,,,,
,J7211,Apr-26,Pilana BO,Dubaldhan SO,,,2,44,,7,,2,,,,
,12401001,Apr-26,Police Training Center Sunaria SO,,3,,0,0,,1,4,2,,,,
,12414101,Apr-26,Power Plant Jharli SO,,1,,,1,,37,,,,,,
,H0669,Apr-26,Rewari Khera BO,Charra SO,,,,2,,,,,,,,
,C0241,Apr-26,Ritauli BO,Beri SO,,,3,60,,1,,4,,,,
,H9423,Apr-26,Rithal BO,Sanghi SO,,,2,1,,5,,1,,,,
,L5380,Apr-26,Rohad BO,Sampla SO,,,2,29,,4,,1,,,,
,12400100,Apr-26,Rohtak HO,,55,5,40,153,,117,27,370,,21,75,
,12400108,Apr-26,Rohtak Sector I SO,,5,1,1,17,,11,1,12,,8,14,
,12400109,Apr-26,Rohtak Town SO,,10,1,4,69,,27,3,140,,9,21,
,J7285,Apr-26,Rurkee BO,Bhalaut SO,,,3,2,,2,,,,,,
,12414601,Apr-26,Sahlawas SO,,7,2,10,27,,16,2,41,,3,5,
,J9570,Apr-26,Saman BO,Mehem SO,,,4,7,,8,,29,,,,
,C8464,Apr-26,Samargopalpur BO,Lakhan Majra SO,,,,,,3,,,,,,
,J3754,Apr-26,Samaspur Majra BO,Dhakla SO,,,,,,9,,2,,,,
,H7487,Apr-26,Samchana BO,Hassangarh SO,,,1,1,,4,,,,,,
,J2621,Apr-26,Sampel BO,Kalanaur SO Rohtak,,,5,5,,5,,,,,,
,12450101,Apr-26,Sampla SO,,9,4,9,76,,28,3,63,,4,11,
,12430301,Apr-26,Sanghi SO,,1,3,8,7,,8,,27,,6,,
,L9908,Apr-26,Sankhol BO,Bahadurgarh Mandi SO,,,1,,,,,,,,,
,J7413,Apr-26,Sasroli BO,Matanhail SO,,,2,1,,2,,3,,,,
,J7414,Apr-26,Sehlenga BO,Matanhail SO,,,1,,,1,,,,,,
,B1870,Apr-26,Seria BO,Dujana SO,,,,,,,,3,,,,
,J7212,Apr-26,Sewana BO,Dubaldhan SO,,,,10,,,,,,,,
,12400111,Apr-26,Shivaji Colony SO,,19,3,5,59,,47,20,88,,8,31,
,C1194,Apr-26,Silani BO,Jhajjar SO,,,4,,,,,4,,,,
,C8462,Apr-26,Singhpura Kalan BO,Lakhan Majra SO,,,,1,,,,2,,,,
,J9571,Apr-26,Sisarkhas BO,Mehem SO,,,2,,,2,,1,,,,
,L9909,Apr-26,Soldha BO,Bahadurgarh Mandi SO,,,1,,,,,,,,,
,L6163,Apr-26,Sondhi BO,Badli SO Jhajjar,,,,,,,,10,,,,
,J3755,Apr-26,Subana BO,Dhakla SO,,,2,2,,7,,,,,,
,E6295,Apr-26,Sulodha BO,Jhajjar SO,,,,,,4,,,,,,
,O0161,Apr-26,Sunari Kalan BO,Police Training Center Sunaria SO,,,,73,,,,,,,,
,J8919,Apr-26,Sundana BO,Kahnaur SO,,,3,,,4,,2,,,,
,D6957,Apr-26,Sunderpur BO,Lakhan Majra SO,,,,,,1,,,,,,
,N9283,Apr-26,Surha BO,Nehru College Jhajjar SO,,,1,4,,2,,2,,,,
,J3756,Apr-26,Surheti BO,Dhakla SO,,,,2,,6,,,,,,
,C9510,Apr-26,Talao BO,Jhajjar SO,,,,,,2,,1,,,,
,H8553,Apr-26,Tandaheri BO,Mandothi SO,,,2,,,2,,,,,,
,F3582,Apr-26,Titauli BO,Lakhan Majra SO,,,3,2,,5,,3,,,,
,J3757,Apr-26,Tumbaheri BO,Dhakla SO,,,1,1,,7,,,,,,
,N9284,Apr-26,Ukhal Channa BO,Nehru College Jhajjar SO,,,,,,5,,,,,,
,E6296,Apr-26,Utlodha BO,Jhajjar SO,,,3,,,2,,,,,,
,B2758,Apr-26,Yakubpur BO,Jhajjar SO,,,,,,5,,,,,,
,A8170,Apr-26,AhulanaGannur BO,Ganaur SO,,,2,10,,3,,2,,,,
,L4458,Apr-26,AhulanaGohana BO,Gohana SO,,,,,,,,24,,,,
,M1777,Apr-26,Akabarpur Barota BO,Nahri SO,,,3,,,1,,,,,,
,B5942,Apr-26,Asadpur Nandnaur BO,Murthal SO,,,,94,,1,,,,,,
,M0979,Apr-26,Aterna BO,Jakhauli SO,,,1,,,,,,,,,
,13100101,Apr-26,Atlas Cycle SO,,6,,1,15,,6,5,33,,1,5,
,M0951,Apr-26,Badhana BO,Rohat SO Sonipat,,,1,1,,2,,,,,,
,13102101,Apr-26,Bahalgarh SO,,1,,6,3,,1,,3,,,1,
,F8471,Apr-26,Bali Qutubpur BO,Ganaur SO,,,1,,,2,,2,,,,
,J8898,Apr-26,Banwasa BO,Baroda SO,,,,1,,,,,,,,
,E1658,Apr-26,Bari BO,Ganaur SO,,,5,2,,5,,6,,,,
,13130401,Apr-26,Baroda SO,,1,,3,6,,10,,12,,1,1,
,O0184,Apr-26,Baroli BO,Bahalgarh SO,,,1,,,,,4,,,,
,J9551,Apr-26,Barona BO,Kharkhauda SO,,,2,1,,4,,1,,,,
,L4460,Apr-26,Barota BO,Gohana SO,,,7,15,,2,,,,,,
,C6242,Apr-26,Barwasni BO,Sonipat HO,,,,2,,2,,,,,,
,B7816,Apr-26,Bayanpur BO,Sonipat HO,,,1,2,,2,,5,,,,
,G7031,Apr-26,Bega BO,Ganaur SO,,,1,1,,1,,4,,,,
,J8902,Apr-26,Bhagan BO,Engg College Muthal SO,,,2,,,1,,,,,,
,13140901,Apr-26,Bhainswal Kalan SO,,3,,3,21,,8,2,22,,1,1,
,L4461,Apr-26,Bhainswan Khurd BO,Gohana SO,,,4,1,,1,,,,,,
,13102201,Apr-26,Bhatgaon SO Sonipat,,1,,1,3,,7,1,20,,,1,
,C4590,Apr-26,Bhawar BO,Butana SO,,,2,,,1,,,,,,
,A7692,Apr-26,Bichpari BO,Butana SO,,,,,,4,,,,,,
,L4462,Apr-26,Bidhal BO,Gohana SO,,,,1,,,,,,,,
,L4463,Apr-26,Bidhal Pinana BO,Gohana SO,,,4,2,,2,,46,,,,
,J9552,Apr-26,Bidhlan BO,Kharkhauda SO,,,1,,,1,,,,,,
,M0952,Apr-26,Bindroli BO,Rohat SO Sonipat,,,4,1,,4,,,,,,
,L8602,Apr-26,Bohla BO,Juan SO,,,,1,,,,,,,,
,13130101,Apr-26,Bus Stand Gohana SO,,3,1,4,24,,11,8,29,,1,1,
,L6252,Apr-26,Busana BO,Mundlana SO,,,,,,,,1,,,,
,13130201,Apr-26,Butana SO,,,,2,0,,9,,8,,1,,
,M1778,Apr-26,Chhetra Bhahadurpur BO,Nahri SO,,,1,23,,,,3,,,,
,L6253,Apr-26,Chhetra BO,Mundlana SO,,,1,,,1,,,,,,
,L4464,Apr-26,Chhichrana BO,Gohana SO,,,1,4,,4,,5,,,,
,L6254,Apr-26,Chirana BO,Mundlana SO,,,1,1,,1,,,,,,
,D3377,Apr-26,Datauli BO,Ganaur SO,,,2,,,7,,15,,,,
,O0185,Apr-26,Deepalpur BO,Bahalgarh SO,,,5,8,,2,,2,,,,
,B7817,Apr-26,Delhi Road BO,Sonipat HO,,,,,,5,,,,,,
,J8900,Apr-26,Dhanana Ahladpur BO,Baroda SO,,,1,1,,2,,3,,,,
,L6255,Apr-26,Dhurana BO,Mundlana SO,,,1,,,3,,3,,,,
,13103901,Apr-26,Engg College Muthal SO,,1,1,1,2,,4,1,2,,,,
,13140801,Apr-26,Farmana SO,,2,1,2,7,,5,,17,,,9,
,A9413,Apr-26,FAZILPUR,Sonipat HO,,,1,,,1,,4,,,,
,13110101,Apr-26,Ganaur City SO,,,,2,9,,3,,67,,,,
,13110102,Apr-26,Ganaur SO,,2,3,17,17,,28,1,124,,1,10,
,D2364,Apr-26,Ganewari BO,Kanyagurukul Khanpur SO,,,3,1,,1,,,,,,
,D2870,Apr-26,Gangana BO,Butana SO,,,3,,,5,,8,,,,
,13100103,Apr-26,Ganzbazar SO,,1,,,10,,18,,18,,2,4,
,E1659,Apr-26,Garhi Rajlu BO,Ganaur SO,,,4,1,,4,,,,,,
,M1772,Apr-26,Garhi Sisana ED BO,Farmana SO,,,5,1,,6,,,,,,
,E1208,Apr-26,Garhwal BO,Butana SO,,,1,11,,3,,,,,,
,F0052,Apr-26,Ghasauli BO,Ganaur SO,,,2,1,,1,,,,,,
,L6198,Apr-26,Giwana BO,Bhainswal Kalan SO,,,1,,,,,40,,,,
,J9553,Apr-26,GKMatindu BO,Kharkhauda SO,,,1,,,,,26,,,,
,13130102,Apr-26,Gohana Mandi SO,,,,7,18,,5,1,20,,,3,
,13100104,Apr-26,Gohana Road SO Sonipat,,1,,2,8,,6,2,7,,,1,
,13130103,Apr-26,Gohana SO,,18,1,20,76,,71,4,205,,10,30,
,J9554,Apr-26,Gopalpur BO,Kharkhauda SO,,,2,,,1,,5,,,,
,M1773,Apr-26,Gorar BO,Farmana SO,,,1,30,,2,,17,,,,
,M1774,Apr-26,Guhna BO,Farmana SO,,,2,1,,3,,2,,,,
,G7032,Apr-26,Gumar BO,Ganaur SO,,,3,,,3,,,,,,
,M1779,Apr-26,Halalpur BO,Nahri SO,,,,1,,1,,,,,,
,A0936,Apr-26,Harsana Kalan BO,Sonipat HO,,,,,,1,,,,,,
,13100105,Apr-26,HOUSING BOARD COLONY SONIPAT,,3,,9,1,,7,3,22,,,3,
,13102801,Apr-26,Industrial Estate Kundli SO,,2,,3,3,,7,,1,,,,
,L4465,Apr-26,Jagsi BO,Gohana SO,,,4,1,,3,,13,,,,
,E1023,Apr-26,Jainpur BO,Murthal SO,,,8,,,,,,,,,
,13102301,Apr-26,Jakhauli SO,,,,9,,,6,,2,,2,,
,F7688,Apr-26,Janti Kalan BO,Industrial Estate Kundli SO,,,2,12,,,,,,,,
,M1775,Apr-26,Jasrana BO,Farmana SO,,,,,,4,,86,,,,
,L4371,Apr-26,Jatheri BO,PSRai SO,,,,1,,1,,,,,,
,L4466,Apr-26,Jauli BO,Gohana SO,,,6,30,,3,,16,,,,
,L6256,Apr-26,Jawahra BO,Mundlana SO,,,2,1,,,,1,,,,
,M0953,Apr-26,Jharot BO,Rohat SO Sonipat,,,1,,,,,,,,,
,F7982,Apr-26,Jhs Butana BO,Butana SO,,,,12,,2,,,,,,
,M0980,Apr-26,Jhundpur BO,Jakhauli SO,,,1,,,1,,,,,,
,13102401,Apr-26,Juan SO,,,,1,8,,4,,78,,,,
,L8254,Apr-26,Kailana BO,Purkhas SO,,,1,,,2,,,,,,
,F1289,Apr-26,Kakroi BO,Sonipat HO,,,1,1,,1,,,,,,
,M0954,Apr-26,Kanwali BO,Rohat SO Sonipat,,,,5,,1,,,,,,
,13130501,Apr-26,Kanyagurukul Khanpur SO,,,,5,0,,13,,32,,,3,
,L8603,Apr-26,Karewari BO,Juan SO,,,,,,1,,2,,,,
,E0707,Apr-26,Kasandi BO,Kanyagurukul Khanpur SO,,,1,,,2,,,,,,
,L4467,Apr-26,Kathura Block BO,Gohana SO,,,,1,,,,,,,,
,L4468,Apr-26,Kathura BO,Gohana SO,,,2,2,,2,,8,,,,
,L6199,Apr-26,Katwal BO,Bhainswal Kalan SO,,,1,1,,3,,,,,,
,J9555,Apr-26,Khanda BO,Kharkhauda SO,,,4,6,,2,,17,,,,
,L4469,Apr-26,Khandrai BO,Gohana SO,,,4,2,,4,,1,,,,
,E0708,Apr-26,Khanpur Kalan BO,Kanyagurukul Khanpur SO,,,1,,,1,,5,,,,
,13140201,Apr-26,Kharkhauda SO,,12,1,14,17,1,29,5,42,,2,5,
,L4470,Apr-26,Kheri Damkan BO,Gohana SO,,,2,,,2,,,,,,
,D3378,Apr-26,Kheri Gujjar BO,Ganaur SO,,,7,1,,4,,4,,,,
,M1780,Apr-26,Kheri Manajat BO,Nahri SO,,,,,,3,,,,,,
,O0186,Apr-26,Khewra BO,Bahalgarh SO,,,7,,,4,,4,,,,
,D3379,Apr-26,Khizarpur Ahir BO,Ganaur SO,,,1,1,,4,,7,,,,
,E1660,Apr-26,Khubru BO,Ganaur SO,,,4,1,,5,,1,,,,
,G6563,Apr-26,Kohla BO,Butana SO,,,2,6,,1,,,,,,
,E0897,Apr-26,Kundli BO,Industrial Estate Kundli SO,,,1,5,,3,,16,,,,
,J8903,Apr-26,Kurar Brahimpur BO,Engg College Muthal SO,,,,,,1,,,,,,
,J8904,Apr-26,Larsauli BO,Engg College Muthal SO,,,1,,,4,,,,,,
,L4471,Apr-26,Lath BO,Gohana SO,,,,1,,,,,,,,
,C6243,Apr-26,Lehrara BO,Sonipat HO,,,1,2,,4,,,,,,
,L4472,Apr-26,Madina BO,Gohana SO,,,1,,,5,,6,,,,
,L8604,Apr-26,Mahra II BO,Juan SO,,,2,1,,5,,,,,,
,D2683,Apr-26,Malikpur BO,Murthal SO,,,5,,,7,,9,,,,
,M0981,Apr-26,Manauli BO,Jakhauli SO,,,3,,,1,,2,,,,
,M1781,Apr-26,Mandaura BO,Nahri SO,,,3,,,5,,4,,,,
,D4612,Apr-26,Mehlana BO,Sonipat HO,,,,1,,,,,,,,
,L4474,Apr-26,Mehmoodpur BO,Gohana SO,,,,,,,,7,,,,
,13130104,Apr-26,Mini Sectt Gohana,,,,,10,,2,,5,,,,
,13100107,Apr-26,Model Town Sonipat SO,,23,2,13,72,,49,21,142,,5,31,
,F9696,Apr-26,Mohana BO,Sonipat HO,,,,3,,,,1,,,,
,L4475,Apr-26,Moi Hooda BO,Gohana SO,,,,,,1,,,,,,
,L8255,Apr-26,Moi Majri BO,Purkhas SO,,,1,,,1,,2,,,,
,13130601,Apr-26,Mundlana SO,,,,2,1,,14,,18,,6,,
,13102701,Apr-26,Murthal SO,,,,3,2,,2,,32,,,,
,M1782,Apr-26,Nahra BO,Nahri SO,,,2,,,,,11,,,,
,13110301,Apr-26,Nahri SO,,,,3,16,,6,2,33,,3,1,
,M0982,Apr-26,Nangal Kalan BO,Jakhauli SO,,,2,,,1,,,,,,
,L4372,Apr-26,Nathupur BO,PSRai SO,,,2,1,,2,,13,,,,
,L4476,Apr-26,Nayat BO,Gohana SO,,,,41,,3,,2,,,,
,F7983,Apr-26,Nizampur BO,Butana SO,,,4,8,,,,,,,,
,F7984,Apr-26,Nuran Khera BO,Butana SO,,,1,1,,1,,1,,,,
,A8171,Apr-26,Panchi Gujjaran BO,Ganaur SO,,,,28,,5,,,,,,
,L8256,Apr-26,Panchijatan BO,Purkhas SO,,,,,,1,,4,,,,
,J9557,Apr-26,Pehladpur Kiroli BO,Kharkhauda SO,,,2,3,,3,,,,,,
,J9558,Apr-26,Pipli BO,Kharkhauda SO,,,1,16,,1,,,,,,
,J8905,Apr-26,Pipli Khera BO,Engg College Muthal SO,,,,,,1,,2,,,,
,L4373,Apr-26,Pritampura BO,PSRai SO,,,,1,,2,,2,,,,
,13102901,Apr-26,PSRai SO,,1,,8,1,,14,4,16,,,2,
,L8257,Apr-26,Pugthala BO,Purkhas SO,,,,,,,,2,,,,
,13110201,Apr-26,Purkhas SO,,,,7,3,,6,,4,,,,
,O0187,Apr-26,Qumaspur BO,Bahalgarh SO,,,5,,,,,,,,,
,F8472,Apr-26,Rajpur BO,Ganaur SO,,,,,,2,,47,,,,
,13100108,Apr-26,Ram BazarSonipat SO,,12,4,7,12,,4,2,36,,1,4,
,E2929,Apr-26,Rathdhana BO,Sonipat HO,,,,4,,1,,,,,,
,13100109,Apr-26,Rathdhana Road Sonipat SO,,,1,3,7,,5,2,4,,,,
,A9414,Apr-26,RATTANGARH,Sonipat HO,,,3,,,1,,,,,,
,J8901,Apr-26,Rindana BO,Baroda SO,,,2,,,1,,2,,,,
,D4613,Apr-26,Rishikul Vidyapeeth BO,Sonipat HO,,,,,,6,,,,,,
,L6200,Apr-26,Riwara BO,Bhainswal Kalan SO,,,,1,,1,,,,,,
,13140301,Apr-26,Rohat SO Sonipat,,,,1,11,,9,,8,,1,,
,J9559,Apr-26,Rohna BO,Kharkhauda SO,,,1,7,,3,,,,,,
,L8605,Apr-26,Rolad Latifpur BO,Juan SO,,,2,,,3,,,,,,
,L4479,Apr-26,Rukhi BO,Gohana SO,,,,1,,,,2,,,,
,J9560,Apr-26,Saidpur BO,Kharkhauda SO,,,1,11,,,,5,,,,
,L8181,Apr-26,Salimsar Majra BO,Bhatgaon SO Sonipat,,,1,6,,1,,1,,,,
,B7818,Apr-26,Sandal Kalan BO,Sonipat HO,,,,1,,1,,,,,,
,J8906,Apr-26,Sanpera BO,Engg College Muthal SO,,,2,,,3,,2,,,,
,A7184,Apr-26,Saragthal BO,Kanyagurukul Khanpur SO,,,4,2,,2,,11,,,,
,J9561,Apr-26,Sehri BO,Kharkhauda SO,,,,,,3,,4,,,,
,A7376,Apr-26,Sersa BO,Industrial Estate Kundli SO,,,,4,,2,,8,,,,
,D4614,Apr-26,Shapur Turk BO,Sonipat HO,,,2,,,3,,6,,,,
,E1661,Apr-26,Sheikhpura BO,Ganaur SO,,,2,4,,2,,24,,,,
,L4480,Apr-26,Sikenderpur Majra BO,Gohana SO,,,,10,,,,,,,,
,M1776,Apr-26,Silana BO,Farmana SO,,,,,,3,,,,,,
,L8606,Apr-26,Sitawali BO,Juan SO,,,2,1,,4,,7,,,,
,J9562,Apr-26,Sohti BO,Kharkhauda SO,,,1,11,,1,,3,,,,
,13100100,Apr-26,Sonipat HO,,30,6,25,75,,69,8,239,,26,86,
,13100110,Apr-26,Sonipat Kty SO,,,,1,3,,2,1,13,,,,
,13100111,Apr-26,Sonipat Mandi SO,,,,8,13,,9,9,24,,2,2,
,13100112,Apr-26,Sonipat Sector 14 SO,,3,,,4,,7,1,9,,1,4,
,J9563,Apr-26,Thanakalan BO,Kharkhauda SO,,,,17,,,,,,,,
,F9697,Apr-26,Tharuoldepur BO,Sonipat HO,,,3,9,,,,1,,,,
,L8182,Apr-26,Tihar Bagru BO,Bhatgaon SO Sonipat,,,,,,2,,12,,,,
,L4481,Apr-26,Tihar BO,Gohana SO,,,,,,2,,9,,,,
