Office_ID,SOL_ID_BO_ID,PLI_ID,Office_Name,AO_office_ID,AO_Name,Sub_Division_ID,Sub_Division,Division id,Division,Circle_ID,Circle_Name,office_type_code,net target,Accounts_opened
17100223,M6342,HR010238015,UDAIPUR B.O,17660024,Durga Nagar S.O,17640001,Ambala City Sub- Division,17530001,Ambala Division,17300001,Haryana Circle,BPO,600,
17100201,M6341,HR010238014,SEGTI B.O,17660024,Durga Nagar S.O,17640001,Ambala City Sub- Division,17530001,Ambala Division,17300001,Haryana Circle,BPO,600,
17100200,M6340,HR010238013,SAUNTA B.O,17660024,Durga Nagar S.O,17640001,Ambala City Sub- Division,17530001,Ambala Division,17300001,Haryana Circle,BPO,600,
17100168,M6339,HR010238016,NANEOLA B.O,17660024,Durga Nagar S.O,17640001,Ambala City Sub- Division,17530001,Ambala Division,17300001,Haryana Circle,BPO,600,
17100163,M6338,HR010238012,NAGGAL B.O,17660024,Durga Nagar S.O,17640001,Ambala City Sub- Division,17530001,Ambala Division,17300001,Haryana Circle,BPO,600,
17100150,M6337,HR010238011,MATHERI SEIKHAN,17660024,Durga Nagar S.O,17640001,Ambala City Sub- Division,17530001,Ambala Division,17300001,Haryana Circle,BPO,600,
17100110,M6336,HR010238010,Kathgarh Chhappar B.O,17660024,Durga Nagar S.O,17640001,Ambala City Sub- Division,17530001,Ambala Division,17300001,Haryana Circle,BPO,600,
17100092,M6335,HR010238008,Jansui B.O,17660024,Durga Nagar S.O,17640001,Ambala City Sub- Division,17530001,Ambala Division,17300001,Haryana Circle,BPO,600,
17100090,M6334,HR010238007,Jalbera B.O,17660024,Durga Nagar S.O,17640001,Ambala City Sub- Division,17530001,Ambala Division,17300001,Haryana Circle,BPO,600,
17100061,M6333,HR010238006,Dhurkara B.O,17660024,Durga Nagar S.O,17640001,Ambala City Sub- Division,17530001,Ambala Division,17300001,Haryana Circle,BPO,600,
17100051,M6332,HR010238005,Danipur B.O,17660024,Durga Nagar S.O,17640001,Ambala City Sub- Division,17530001,Ambala Division,17300001,Haryana Circle,BPO,600,
17100044,M6331,HR010238004,Chaurmastpur B.O,17660024,Durga Nagar S.O,17640001,Ambala City Sub- Division,17530001,Ambala Division,17300001,Haryana Circle,BPO,600,
17100040,M6330,HR010238009,Budhangpur B.O,17660024,Durga Nagar S.O,17640001,Ambala City Sub- Division,17530001,Ambala Division,17300001,Haryana Circle,BPO,600,
17100028,M6329,HR010238003,Bhanokheri B.O,17660024,Durga Nagar S.O,17640001,Ambala City Sub- Division,17530001,Ambala Division,17300001,Haryana Circle,BPO,600,
17100015,M6328,HR010238001,Ballana B.O,17660024,Durga Nagar S.O,17640001,Ambala City Sub- Division,17530001,Ambala Division,17300001,Haryana Circle,BPO,600,
17100011,M6327,HR010238002,Baknaur B.O,17660024,Durga Nagar S.O,17640001,Ambala City Sub- Division,17530001,Ambala Division,17300001,Haryana Circle,BPO,600,
17100221,M0023,HR010202007,Toda B.O,17660038,Jatwar S.O,17640003,Panchkula Sub Division,17530001,Ambala Division,17300001,Haryana Circle,BPO,600,
17100178,M0022,HR010202006,Patwi B.O,17660038,Jatwar S.O,17640003,Panchkula Sub Division,17530001,Ambala Division,17300001,Haryana Circle,BPO,600,
17100169,M0021,HR010202005,Nasrauli B.O,17660038,Jatwar S.O,17640003,Panchkula Sub Division,17530001,Ambala Division,17300001,Haryana Circle,BPO,600,
17100114,M0020,HR010202004,Khanpur Brahmana B.O,17660038,Jatwar S.O,17640003,Panchkula Sub Division,17530001,Ambala Division,17300001,Haryana Circle,BPO,600,
17100066,M0019,HR010202003,Fatehgarh B.O,17660038,Jatwar S.O,17640003,Panchkula Sub Division,17530001,Ambala Division,17300001,Haryana Circle,BPO,600,
17100057,M0018,HR010202002,Dhanana B.O,17660038,Jatwar S.O,17640003,Panchkula Sub Division,17530001,Ambala Division,17300001,Haryana Circle,BPO,600,
17100031,M0017,HR010202001,Bharog B.O,17660038,Jatwar S.O,17640003,Panchkula Sub Division,17530001,Ambala Division,17300001,Haryana Circle,BPO,600,
17100203,L7573,HR010314006,Shadi Pur B.O,17660080,Thermal Colony Yamuna Nagar S.O,17640004,Yamuna Nagar Sub Division,17530001,Ambala Division,17300001,Haryana Circle,BPO,600,
17100175,L7572,HR010314005,Pansra B.O,17660080,Thermal Colony Yamuna Nagar S.O,17640004,Yamuna Nagar Sub Division,17530001,Ambala Division,17300001,Haryana Circle,BPO,600,
17100165,L7571,HR010314003,Nahar Pur B.O,17660080,Thermal Colony Yamuna Nagar S.O,17640004,Yamuna Nagar Sub Division,17530001,Ambala Division,17300001,Haryana Circle,BPO,600,
17100162,L7570,HR010314004,Nagal Khajuri B.O,17660080,Thermal Colony Yamuna Nagar S.O,17640004,Yamuna Nagar Sub Division,17530001,Ambala Division,17300001,Haryana Circle,BPO,600,
17100119,L7569,HR010314002,Karera Khurd B.O,17660080,Thermal Colony Yamuna Nagar S.O,17640004,Yamuna Nagar Sub Division,17530001,Ambala Division,17300001,Haryana Circle,BPO,600,
17100099,L7568,HR010314001,Kalanaur B.O,17660080,Thermal Colony Yamuna Nagar S.O,17640004,Yamuna Nagar Sub Division,17530001,Ambala Division,17300001,Haryana Circle,BPO,600,
17100160,L7177,HR010309003,Muzafatkalan B.O,17660060,Partap Nagar S.O,17640004,Yamuna Nagar Sub Division,17530001,Ambala Division,17300001,Haryana Circle,BPO,600,
17100054,L7176,HR010309002,Deodhar B.O,17660060,Partap Nagar S.O,17640004,Yamuna Nagar Sub Division,17530001,Ambala Division,17300001,Haryana Circle,BPO,600,
17100010,L7175,HR010309001,Bakarwala B.O,17660060,Partap Nagar S.O,17640004,Yamuna Nagar Sub Division,17530001,Ambala Division,17300001,Haryana Circle,BPO,600,
17100197,L4931,HR010109004,Saran B.O,17660023,Dhin S.O,17640002,Ambala Sub-Division,17530001,Ambala Division,17300001,Haryana Circle,BPO,600,
17100145,L4930,HR010109003,Manka Manki B.O,17660023,Dhin S.O,17640002,Ambala Sub-Division,17530001,Ambala Division,17300001,Haryana Circle,BPO,600,
17100064,L4929,HR010109002,Duliani B.O,17660023,Dhin S.O,17640002,Ambala Sub-Division,17530001,Ambala Division,17300001,Haryana Circle,BPO,600,
17100004,L4928,HR010109005,Alipur Jahangir B.O,17660023,Dhin S.O,17640002,Ambala Sub-Division,17530001,Ambala Division,17300001,Haryana Circle,BPO,600,
17100226,L4402,HR010310011,Uncha Chandna B.O,17660072,Saraswati Nagar S.O,17640001,Ambala City Sub- Division,17530001,Ambala Division,17300001,Haryana Circle,BPO,600,
17100213,L4401,HR010310010,Talakaur B.O,17660072,Saraswati Nagar S.O,17640001,Ambala City Sub- Division,17530001,Ambala Division,17300001,Haryana Circle,BPO,600,
17100105,L4400,HR010310009,Kanhari Kalan B.O,17660072,Saraswati Nagar S.O,17640001,Ambala City Sub- Division,17530001,Ambala Division,17300001,Haryana Circle,BPO,600,
17100101,L4399,HR010310014,Kalawar B.O,17660072,Saraswati Nagar S.O,17640001,Ambala City Sub- Division,17530001,Ambala Division,17300001,Haryana Circle,BPO,600,
17100088,L4398,HR010310008,Jagdholi B.O,17660072,Saraswati Nagar S.O,17640001,Ambala City Sub- Division,17530001,Ambala Division,17300001,Haryana Circle,BPO,600,
17100082,L4397,HR010310007,Hangoli B.O,17660072,Saraswati Nagar S.O,17640001,Ambala City Sub- Division,17530001,Ambala Division,17300001,Haryana Circle,BPO,600,
17100076,L4396,HR010310006,Gundiana B.O,17660072,Saraswati Nagar S.O,17640001,Ambala City Sub- Division,17530001,Ambala Division,17300001,Haryana Circle,BPO,600,
17100069,L4395,HR010310004,Gadhaula B.O,17660072,Saraswati Nagar S.O,17640001,Ambala City Sub- Division,17530001,Ambala Division,17300001,Haryana Circle,BPO,600,
17100045,L4394,HR010310002,Chhappar B.O,17660072,Saraswati Nagar S.O,17640001,Ambala City Sub- Division,17530001,Ambala Division,17300001,Haryana Circle,BPO,600,
17100027,L4393,HR010310012,Bhambol B.O,17660072,Saraswati Nagar S.O,17640001,Ambala City Sub- Division,17530001,Ambala Division,17300001,Haryana Circle,BPO,600,
17100215,L4370,HR010117007,Tepla B.O,17660071,Saha S.O,17640002,Ambala Sub-Division,17530001,Ambala Division,17300001,Haryana Circle,BPO,600,
17100196,L4369,HR010117006,Samlerhi B.O,17660071,Saha S.O,17640002,Ambala Sub-Division,17530001,Ambala Division,17300001,Haryana Circle,BPO,600,
17100179,L4368,HR010117005,Pilkhani B.O,17660071,Saha S.O,17640002,Ambala Sub-Division,17530001,Ambala Division,17300001,Haryana Circle,BPO,600,
17100166,L4367,HR010117004,Nahoni B.O,17660071,Saha S.O,17640002,Ambala Sub-Division,17530001,Ambala Division,17300001,Haryana Circle,BPO,600,
17100154,L4366,HR010117003,Mehmoodpur B.O,17660071,Saha S.O,17640002,Ambala Sub-Division,17530001,Ambala Division,17300001,Haryana Circle,BPO,600,
17100121,L4365,HR010117002,Khudda Kalan B.O,17660071,Saha S.O,17640002,Ambala Sub-Division,17530001,Ambala Division,17300001,Haryana Circle,BPO,600,
17100103,L4364,HR010117001,Kalpi B.O,17660071,Saha S.O,17640002,Ambala Sub-Division,17530001,Ambala Division,17300001,Haryana Circle,BPO,600,
17100212,L4339,HR010301004,Tajewala B.O,17660012,Bhudkalan S.O,17640004,Yamuna Nagar Sub Division,17530001,Ambala Division,17300001,Haryana Circle,BPO,600,
17100180,L4338,HR010301002,Pipli Majra B.O,17660012,Bhudkalan S.O,17640004,Yamuna Nagar Sub Division,17530001,Ambala Division,17300001,Haryana Circle,BPO,600,
17100137,L4337,HR010301001,Malikpur Khadar B.O,17660012,Bhudkalan S.O,17640004,Yamuna Nagar Sub Division,17530001,Ambala Division,17300001,Haryana Circle,BPO,600,
17100102,L4336,HR010301005,Kalesar B.O,17660012,Bhudkalan S.O,17640004,Yamuna Nagar Sub Division,17530001,Ambala Division,17300001,Haryana Circle,BPO,600,
17100139,L3943,HR010208006,Manak Tabra B.O,17660067,Raipur Rani S.O,17640003,Panchkula Sub Division,17530001,Ambala Division,17300001,Haryana Circle,BPO,600,
17100120,L3942,HR010208005,Khetpurali B.O,17660067,Raipur Rani S.O,17640003,Panchkula Sub Division,17530001,Ambala Division,17300001,Haryana Circle,BPO,600,
17100106,L3941,HR010208004,Kandiwala B.O,17660067,Raipur Rani S.O,17640003,Panchkula Sub Division,17530001,Ambala Division,17300001,Haryana Circle,BPO,600,
17100083,L3940,HR010208003,Haripur B.O,17660067,Raipur Rani S.O,17640003,Panchkula Sub Division,17530001,Ambala Division,17300001,Haryana Circle,BPO,600,
17100081,L3939,HR010208002,Hangola B.O,17660067,Raipur Rani S.O,17640003,Panchkula Sub Division,17530001,Ambala Division,17300001,Haryana Circle,BPO,600,
17100072,L3938,HR010208001,Garhi Kotaha B.O,17660067,Raipur Rani S.O,17640003,Panchkula Sub Division,17530001,Ambala Division,17300001,Haryana Circle,BPO,600,
17100111,L3889,HR010105001,Keshopur Samalkha B.O,17660013,Bihta S.O Ambala,17640001,Ambala City Sub- Division,17530001,Ambala Division,17300001,Haryana Circle,BPO,600,
17100220,L3888,HR010204003,Tikkar B.O,17660050,Morni S.O,17640003,Panchkula Sub Division,17530001,Ambala Division,17300001,Haryana Circle,BPO,600,
17100218,L3887,HR010204004,Thendog B.O,17660050,Morni S.O,17640003,Panchkula Sub Division,17530001,Ambala Division,17300001,Haryana Circle,BPO,600,
17100140,L3886,HR010204002,Mandhana B.O,17660050,Morni S.O,17640003,Panchkula Sub Division,17530001,Ambala Division,17300001,Haryana Circle,BPO,600,
17100033,L3885,HR010204001,Bhojkoti B.O,17660050,Morni S.O,17640003,Panchkula Sub Division,17530001,Ambala Division,17300001,Haryana Circle,BPO,600,
17100177,J9671,HR010209006,Pathreri B.O,17660077,Shahzadpur S.O.,17640003,Panchkula Sub Division,17530001,Ambala Division,17300001,Haryana Circle,BPO,600,
17100124,J9670,HR010209005,Korwa Khurd B.O,17660077,Shahzadpur S.O.,17640003,Panchkula Sub Division,17530001,Ambala Division,17300001,Haryana Circle,BPO,600,
17100107,J9669,HR010209004,Karasan B.O,17660077,Shahzadpur S.O.,17640003,Panchkula Sub Division,17530001,Ambala Division,17300001,Haryana Circle,BPO,600,
17100097,J9668,HR010209003,Kakarmajra B.O,17660077,Shahzadpur S.O.,17640003,Panchkula Sub Division,17530001,Ambala Division,17300001,Haryana Circle,BPO,600,
17100071,J9667,HR010209002,Ganeshpur B.O,17660077,Shahzadpur S.O.,17640003,Panchkula Sub Division,17530001,Ambala Division,17300001,Haryana Circle,BPO,600,
17100024,J9666,HR010209001,Benaundi B.O,17660077,Shahzadpur S.O.,17640003,Panchkula Sub Division,17530001,Ambala Division,17300001,Haryana Circle,BPO,600,
17100211,J7333,HR010304007,Taharpur Kalan B.O,17660019,Chhachrauli S.O,17640004,Yamuna Nagar Sub Division,17530001,Ambala Division,17300001,Haryana Circle,BPO,600,
17100195,J7332,HR010304008,Salimpur Banger B.O,17660019,Chhachrauli S.O,17640004,Yamuna Nagar Sub Division,17530001,Ambala Division,17300001,Haryana Circle,BPO,600,
17100134,J7331,HR010304006,Ledi B.O,17660019,Chhachrauli S.O,17640004,Yamuna Nagar Sub Division,17530001,Ambala Division,17300001,Haryana Circle,BPO,600,
17100131,J7330,HR010304005,Lalheri Kalan B.O,17660019,Chhachrauli S.O,17640004,Yamuna Nagar Sub Division,17530001,Ambala Division,17300001,Haryana Circle,BPO,600,
17100126,J7329,HR010304004,Kot Kalsia B.O,17660019,Chhachrauli S.O,17640004,Yamuna Nagar Sub Division,17530001,Ambala Division,17300001,Haryana Circle,BPO,600,
17100052,J7328,HR010304003,Darpur B.O,17660019,Chhachrauli S.O,17640004,Yamuna Nagar Sub Division,17530001,Ambala Division,17300001,Haryana Circle,BPO,600,
17100035,J7327,HR010304002,Bilauli B.O,17660019,Chhachrauli S.O,17640004,Yamuna Nagar Sub Division,17530001,Ambala Division,17300001,Haryana Circle,BPO,600,
17100012,J7326,HR010304001,Balachaur B.O,17660019,Chhachrauli S.O,17640004,Yamuna Nagar Sub Division,17530001,Ambala Division,17300001,Haryana Circle,BPO,600,
17100176,J7222,HR010112006,Pasiala B.O,17660042,Kesri S.O,17640001,Ambala City Sub- Division,17530001,Ambala Division,17300001,Haryana Circle,BPO,600,
17100164,J7221,HR010112005,Nagla Jattan B.O,17660042,Kesri S.O,17640001,Ambala City Sub- Division,17530001,Ambala Division,17300001,Haryana Circle,BPO,600,
17100133,J7220,HR010112004,Landa B.O,17660042,Kesri S.O,17640001,Ambala City Sub- Division,17530001,Ambala Division,17300001,Haryana Circle,BPO,600,
17100113,J7219,HR010112003,Khanpur B.O,17660042,Kesri S.O,17640001,Ambala City Sub- Division,17530001,Ambala Division,17300001,Haryana Circle,BPO,600,
17100062,J7218,HR010112002,Dinarpur B.O,17660042,Kesri S.O,17640001,Ambala City Sub- Division,17530001,Ambala Division,17300001,Haryana Circle,BPO,600,
17100047,J7217,HR010112001,Chudiala B.O,17660042,Kesri S.O,17640001,Ambala City Sub- Division,17530001,Ambala Division,17300001,Haryana Circle,BPO,600,
17100189,I5073,HR010201008,Rattewali B.O,17660009,Barwala S.O,17640003,Panchkula Sub Division,17530001,Ambala Division,17300001,Haryana Circle,BPO,600,
17100186,I5072,HR010201011,Ramgarh B.O,17660009,Barwala S.O,17640003,Panchkula Sub Division,17530001,Ambala Division,17300001,Haryana Circle,BPO,600,
17100183,I5071,HR010201007,Raiwali B.O,17660009,Barwala S.O,17640003,Panchkula Sub Division,17530001,Ambala Division,17300001,Haryana Circle,BPO,600,
17100151,I5070,HR010201006,Mauli B.O,17660009,Barwala S.O,17640003,Panchkula Sub Division,17530001,Ambala Division,17300001,Haryana Circle,BPO,600,
17100125,I5069,HR010201005,Kot B.O,17660009,Barwala S.O,17640003,Panchkula Sub Division,17530001,Ambala Division,17300001,Haryana Circle,BPO,600,
17100117,I5068,HR010201004,Khatauli B.O,17660009,Barwala S.O,17640003,Panchkula Sub Division,17530001,Ambala Division,17300001,Haryana Circle,BPO,600,
17100091,I5067,HR010201003,Jaloli B.O,17660009,Barwala S.O,17640003,Panchkula Sub Division,17530001,Ambala Division,17300001,Haryana Circle,BPO,600,
17100036,I5066,HR010201002,Billa B.O,17660009,Barwala S.O,17640003,Panchkula Sub Division,17530001,Ambala Division,17300001,Haryana Circle,BPO,600,
17100029,I5065,HR010201001,Bhareli B.O,17660009,Barwala S.O,17640003,Panchkula Sub Division,17530001,Ambala Division,17300001,Haryana Circle,BPO,600,
17100222,I4691,HR010311018,Topra Kalan B.O,17660065,Radaur S.O,17640004,Yamuna Nagar Sub Division,17530001,Ambala Division,17300001,Haryana Circle,BPO,600,
17100207,I4690,HR010311017,Silikalan B.O,17660065,Radaur S.O,17640004,Yamuna Nagar Sub Division,17530001,Ambala Division,17300001,Haryana Circle,BPO,600,
17100161,I4689,HR010311016,Nachron B.O,17660065,Radaur S.O,17640004,Yamuna Nagar Sub Division,17530001,Ambala Division,17300001,Haryana Circle,BPO,600,
17100142,I4688,HR010311015,Mandhar B.O,17660065,Radaur S.O,17640004,Yamuna Nagar Sub Division,17530001,Ambala Division,17300001,Haryana Circle,BPO,600,
17100122,I4687,HR010311014,Khurdban B.O,17660065,Radaur S.O,17640004,Yamuna Nagar Sub Division,17530001,Ambala Division,17300001,Haryana Circle,BPO,600,
17100096,I4686,HR010311013,Jubbal B.O,17660065,Radaur S.O,17640004,Yamuna Nagar Sub Division,17530001,Ambala Division,17300001,Haryana Circle,BPO,600,
17100093,I4685,HR010311012,Jathlana B.O,17660065,Radaur S.O,17640004,Yamuna Nagar Sub Division,17530001,Ambala Division,17300001,Haryana Circle,BPO,600,
17100085,I4684,HR010311011,Hartan B.O,17660065,Radaur S.O,17640004,Yamuna Nagar Sub Division,17530001,Ambala Division,17300001,Haryana Circle,BPO,600,
17100077,I4683,HR010311010,Gumthala Rao B.O,17660065,Radaur S.O,17640004,Yamuna Nagar Sub Division,17530001,Ambala Division,17300001,Haryana Circle,BPO,600,
17100074,I4682,HR010311009,Ghillaur B.O,17660065,Radaur S.O,17640004,Yamuna Nagar Sub Division,17530001,Ambala Division,17300001,Haryana Circle,BPO,600,
17100042,I4681,HR010311008,Chamrori B.O,17660065,Radaur S.O,17640004,Yamuna Nagar Sub Division,17530001,Ambala Division,17300001,Haryana Circle,BPO,600,
17100039,I4680,HR010311007,Bubka B.O,17660065,Radaur S.O,17640004,Yamuna Nagar Sub Division,17530001,Ambala Division,17300001,Haryana Circle,BPO,600,
17100026,I4679,HR010311006,Bhagu Majra B.O,17660065,Radaur S.O,17640004,Yamuna Nagar Sub Division,17530001,Ambala Division,17300001,Haryana Circle,BPO,600,
17100021,I4678,HR010311005,Barsan B.O,17660065,Radaur S.O,17640004,Yamuna Nagar Sub Division,17530001,Ambala Division,17300001,Haryana Circle,BPO,600,
17100017,I4677,HR010311004,Bapa B.O,17660065,Radaur S.O,17640004,Yamuna Nagar Sub Division,17530001,Ambala Division,17300001,Haryana Circle,BPO,600,
17100016,I4676,HR010311002,Baindi B.O,17660065,Radaur S.O,17640004,Yamuna Nagar Sub Division,17530001,Ambala Division,17300001,Haryana Circle,BPO,600,
17100009,I4675,HR010311003,Bakana B.O,17660065,Radaur S.O,17640004,Yamuna Nagar Sub Division,17530001,Ambala Division,17300001,Haryana Circle,BPO,600,
17100003,I4674,HR010311001,Alahar B.O,17660065,Radaur S.O,17640004,Yamuna Nagar Sub Division,17530001,Ambala Division,17300001,Haryana Circle,BPO,600,
17100190,I3766,HR010303007,Sabapur B.O,17660015,Buriya S.O,17640004,Yamuna Nagar Sub Division,17530001,Ambala Division,17300001,Haryana Circle,BPO,600,
17100187,I3765,HR010303006,Rampur Khadar B.O,17660015,Buriya S.O,17640004,Yamuna Nagar Sub Division,17530001,Ambala Division,17300001,Haryana Circle,BPO,600,
17100152,I3764,HR010303005,Mehar Majra B.O,17660015,Buriya S.O,17640004,Yamuna Nagar Sub Division,17530001,Ambala Division,17300001,Haryana Circle,BPO,600,
17100112,I3763,HR010303004,Khadri B.O,17660015,Buriya S.O,17640004,Yamuna Nagar Sub Division,17530001,Ambala Division,17300001,Haryana Circle,BPO,600,
17100089,I3762,HR010303003,Jaidhari B.O,17660015,Buriya S.O,17640004,Yamuna Nagar Sub Division,17530001,Ambala Division,17300001,Haryana Circle,BPO,600,
17100068,I3761,HR010303002,Fatehpur B.O,17660015,Buriya S.O,17640004,Yamuna Nagar Sub Division,17530001,Ambala Division,17300001,Haryana Circle,BPO,600,
17100005,I3760,HR010303001,Amadalpur B.O,17660015,Buriya S.O,17640004,Yamuna Nagar Sub Division,17530001,Ambala Division,17300001,Haryana Circle,BPO,600,
17100167,I3642,HR010207005,Nanakpur B.O,17660061,Pinjore S.O,17640003,Panchkula Sub Division,17530001,Ambala Division,17300001,Haryana Circle,BPO,600,
17100138,I3641,HR010207004,Mallah B.O,17660061,Pinjore S.O,17640003,Panchkula Sub Division,17530001,Ambala Division,17300001,Haryana Circle,BPO,600,
17100049,I3640,HR010207003,Damaloan B.O,17660061,Pinjore S.O,17640003,Panchkula Sub Division,17530001,Ambala Division,17300001,Haryana Circle,BPO,600,
17100046,I3639,HR010207002,Chiken B.O,17660061,Pinjore S.O,17640003,Panchkula Sub Division,17530001,Ambala Division,17300001,Haryana Circle,BPO,600,
17100023,I3638,HR010207001,Basolan B.O,17660061,Pinjore S.O,17640003,Panchkula Sub Division,17530001,Ambala Division,17300001,Haryana Circle,BPO,600,
17100214,I1912,HR010103004,Tandwal B.O,17660008,Barara S.O,17640001,Ambala City Sub- Division,17530001,Ambala Division,17300001,Haryana Circle,BPO,600,
17100209,I1911,HR010103006,Sohata B.O,17660008,Barara S.O,17640001,Ambala City Sub- Division,17530001,Ambala Division,17300001,Haryana Circle,BPO,600,
17100185,I1910,HR010103003,Rajouli B.O,17660008,Barara S.O,17640001,Ambala City Sub- Division,17530001,Ambala Division,17300001,Haryana Circle,BPO,600,
17100184,I1909,HR010103002,Rajo Kheri B.O,17660008,Barara S.O,17640001,Ambala City Sub- Division,17530001,Ambala Division,17300001,Haryana Circle,BPO,600,
17100087,I1908,HR010103001,Holi B.O,17660008,Barara S.O,17640001,Ambala City Sub- Division,17530001,Ambala Division,17300001,Haryana Circle,BPO,600,
17100055,I1907,HR010103005,Derasalimpur B.O,17660008,Barara S.O,17640001,Ambala City Sub- Division,17530001,Ambala Division,17300001,Haryana Circle,BPO,600,
17100225,I1901,HR010102007,Ugala B.O,17660001,Adhoya S.O,17640001,Ambala City Sub- Division,17530001,Ambala Division,17300001,Haryana Circle,BPO,600,
17100219,I1900,HR010102006,Thumber B.O,17660001,Adhoya S.O,17640001,Ambala City Sub- Division,17530001,Ambala Division,17300001,Haryana Circle,BPO,600,
17100202,I1899,HR010102004,Sewan Majra B.O,17660001,Adhoya S.O,17640001,Ambala City Sub- Division,17530001,Ambala Division,17300001,Haryana Circle,BPO,600,
17100146,I1898,HR010102005,Manu Majra B.O,17660001,Adhoya S.O,17640001,Ambala City Sub- Division,17530001,Ambala Division,17300001,Haryana Circle,BPO,600,
17100108,I1897,HR010102003,Kaserla Kalan B.O,17660001,Adhoya S.O,17640001,Ambala City Sub- Division,17530001,Ambala Division,17300001,Haryana Circle,BPO,600,
17100104,I1896,HR010102002,Kambassi B.O,17660001,Adhoya S.O,17640001,Ambala City Sub- Division,17530001,Ambala Division,17300001,Haryana Circle,BPO,600,
17100001,I1895,HR010102001,Adhoyi B.O,17660001,Adhoya S.O,17640001,Ambala City Sub- Division,17530001,Ambala Division,17300001,Haryana Circle,BPO,600,
17100158,G9902,HR010302011,Mughalwali B.O,17660014,Bilaspur S.O Yamunanagar,17640002,Ambala Sub-Division,17530001,Ambala Division,17300001,Haryana Circle,BPO,600,
17100149,G9901,HR010302008,Marwa Khurd B.O,17660014,Bilaspur S.O Yamunanagar,17640002,Ambala Sub-Division,17530001,Ambala Division,17300001,Haryana Circle,BPO,600,
17100148,G9900,HR010302009,Marwa Kalan B.O,17660014,Bilaspur S.O Yamunanagar,17640002,Ambala Sub-Division,17530001,Ambala Division,17300001,Haryana Circle,BPO,600,
17100144,G9899,HR010302010,Manglore B.O,17660014,Bilaspur S.O Yamunanagar,17640002,Ambala Sub-Division,17530001,Ambala Division,17300001,Haryana Circle,BPO,600,
17100156,G9898,HR010302007,Malikpur Banger B.O,17660014,Bilaspur S.O Yamunanagar,17640002,Ambala Sub-Division,17530001,Ambala Division,17300001,Haryana Circle,BPO,600,
17100136,G9897,HR010302006,Machrauli B.O,17660014,Bilaspur S.O Yamunanagar,17640002,Ambala Sub-Division,17530001,Ambala Division,17300001,Haryana Circle,BPO,600,
17100123,G9896,HR010302005,Kopal Mochan B.O,17660014,Bilaspur S.O Yamunanagar,17640002,Ambala Sub-Division,17530001,Ambala Division,17300001,Haryana Circle,BPO,600,
17100053,G9895,HR010302004,Dayalgarh B.O,17660014,Bilaspur S.O Yamunanagar,17640002,Ambala Sub-Division,17530001,Ambala Division,17300001,Haryana Circle,BPO,600,
17100043,G9894,HR010302003,Chauli B.O,17660014,Bilaspur S.O Yamunanagar,17640002,Ambala Sub-Division,17530001,Ambala Division,17300001,Haryana Circle,BPO,600,
17100041,G9893,HR010302002,Changnauli B.O,17660014,Bilaspur S.O Yamunanagar,17640002,Ambala Sub-Division,17530001,Ambala Division,17300001,Haryana Circle,BPO,600,
17100022,G9892,HR010302001,Basatianwala B.O,17660014,Bilaspur S.O Yamunanagar,17640002,Ambala Sub-Division,17530001,Ambala Division,17300001,Haryana Circle,BPO,600,
17100058,G7187,HR010114001,Dhanaura B.O,17660052,Mullana S.O,17640002,Ambala Sub-Division,17530001,Ambala Division,17300001,Haryana Circle,BPO,600,
17100174,G7114,HR010231021,Panjokhara Sahib B.O,17660007,Baldev Nagar S.O,17640001,Ambala City Sub- Division,17530001,Ambala Division,17300001,Haryana Circle,BPO,600,
17100063,G7014,HR010101002,Dukheri B.O,17660043,Kuldeep Nagar S.O,17640002,Ambala Sub-Division,17530001,Ambala Division,17300001,Haryana Circle,BPO,600,
17100018,G7013,HR010101008,Bara B.O,17660043,Kuldeep Nagar S.O,17640002,Ambala Sub-Division,17530001,Ambala Division,17300001,Haryana Circle,BPO,600,
17100205,G6217,HR010313007,Shahpur Nurd B.O,17660073,Sarawan S.O,17640002,Ambala Sub-Division,17530001,Ambala Division,17300001,Haryana Circle,BPO,600,
17100210,G5269,HR010206003,Suketri B.O,17660058,Panchkula Sector 8 S.O,17640003,Panchkula Sub Division,17530001,Ambala Division,17300001,Haryana Circle,BPO,600,
17100048,G5048,HR010305003,Dadupur B.O,17660034,Jagadhri S.O,17640004,Yamuna Nagar Sub Division,17530001,Ambala Division,17300001,Haryana Circle,BPO,600,
17100030,G3614,HR010205004,Bhareri Kalan B.O,17660053,Naraingarh S.O,17640003,Panchkula Sub Division,17530001,Ambala Division,17300001,Haryana Circle,BPO,600,
17100025,G3613,HR010205003,Bhadauli B.O,17660053,Naraingarh S.O,17640003,Panchkula Sub Division,17530001,Ambala Division,17300001,Haryana Circle,BPO,600,
17100059,F8558,HR010231005,Dhankaur B.O,17660007,Baldev Nagar S.O,17640001,Ambala City Sub- Division,17530001,Ambala Division,17300001,Haryana Circle,BPO,600,
17100204,F8449,HR010101006,Shah Pur B.O,17660043,Kuldeep Nagar S.O,17640002,Ambala Sub-Division,17530001,Ambala Division,17300001,Haryana Circle,BPO,600,
17100188,F7643,HR010312006,Rasulpur B.O,17660070,Sadhaura S.O,17640002,Ambala Sub-Division,17530001,Ambala Division,17300001,Haryana Circle,BPO,600,
17100129,F7642,HR010312002,Laharpur B.O,17660070,Sadhaura S.O,17640002,Ambala Sub-Division,17530001,Ambala Division,17300001,Haryana Circle,BPO,600,
17100037,F7637,HR010313002,Binjalpur B.O,17660073,Sarawan S.O,17640002,Ambala Sub-Division,17530001,Ambala Division,17300001,Haryana Circle,BPO,600,
17100128,F5105,HR010205012,Laha B.O,17660053,Naraingarh S.O,17640003,Panchkula Sub Division,17530001,Ambala Division,17300001,Haryana Circle,BPO,600,
17100127,F5104,HR010205011,Kurali B.O,17660053,Naraingarh S.O,17640003,Panchkula Sub Division,17530001,Ambala Division,17300001,Haryana Circle,BPO,600,
17100094,F5103,HR010205009,Jeoli B.O,17660053,Naraingarh S.O,17640003,Panchkula Sub Division,17530001,Ambala Division,17300001,Haryana Circle,BPO,600,
17100086,E9263,HR010312001,Haveli B.O,17660070,Sadhaura S.O,17640002,Ambala Sub-Division,17530001,Ambala Division,17300001,Haryana Circle,BPO,600,
17100193,E9254,HR010313005,Sahela B.O,17660073,Sarawan S.O,17640002,Ambala Sub-Division,17530001,Ambala Division,17300001,Haryana Circle,BPO,600,
17100079,E9253,HR010313004,Haibatpur B.O,17660073,Sarawan S.O,17640002,Ambala Sub-Division,17530001,Ambala Division,17300001,Haryana Circle,BPO,600,
17100078,E8776,HR010306001,Hafizpur B.O,17660036,Jagdhari Work Shop S.O,17640004,Yamuna Nagar Sub Division,17530001,Ambala Division,17300001,Haryana Circle,BPO,600,
17100034,E6740,HR010205006,Bhurewala B.O,17660053,Naraingarh S.O,17640003,Panchkula Sub Division,17530001,Ambala Division,17300001,Haryana Circle,BPO,600,
17100002,E6739,HR010205001,Akbarpur B.O,17660053,Naraingarh S.O,17640003,Panchkula Sub Division,17530001,Ambala Division,17300001,Haryana Circle,BPO,600,
17100216,E1838,HR010114004,Thakar Pura B.O,17660052,Mullana S.O,17640002,Ambala Sub-Division,17530001,Ambala Division,17300001,Haryana Circle,BPO,600,
17100208,E1837,HR010114003,Sohana B.O,17660052,Mullana S.O,17640002,Ambala Sub-Division,17530001,Ambala Division,17300001,Haryana Circle,BPO,600,
17100098,E1760,HR010231012,Kakroo B.O,17660007,Baldev Nagar S.O,17640001,Ambala City Sub- Division,17530001,Ambala Division,17300001,Haryana Circle,BPO,600,
17100060,E1759,HR010231007,Dhulkot B.O,17660007,Baldev Nagar S.O,17640001,Ambala City Sub- Division,17530001,Ambala Division,17300001,Haryana Circle,BPO,600,
17100065,E1639,HR010101003,Durana B.O,17660046,Majri S.O,17640002,Ambala Sub-Division,17530001,Ambala Division,17300001,Haryana Circle,BPO,600,
17100100,E1024,HR010119002,Kalarehri B.O,17660022,Defence Colony S.O,17640002,Ambala Sub-Division,17530001,Ambala Division,17300001,Haryana Circle,BPO,600,
17100191,E0841,HR010312009,Sadiqpur B.O,17660070,Sadhaura S.O,17640002,Ambala Sub-Division,17530001,Ambala Division,17300001,Haryana Circle,BPO,600,
17100198,E0832,HR010313006,Sardaheri B.O,17660073,Sarawan S.O,17640002,Ambala Sub-Division,17530001,Ambala Division,17300001,Haryana Circle,BPO,600,
17100073,D3475,HR010231009,Ghail B.O,17660007,Baldev Nagar S.O,17640001,Ambala City Sub- Division,17530001,Ambala Division,17300001,Haryana Circle,BPO,600,
17100199,D2684,HR010119001,Sarsehri B.O,17660006,Babyal S.O,17640002,Ambala Sub-Division,17530001,Ambala Division,17300001,Haryana Circle,BPO,600,
17100170,D2500,HR010312004,Noshera B.O,17660070,Sadhaura S.O,17640002,Ambala Sub-Division,17530001,Ambala Division,17300001,Haryana Circle,BPO,600,
17100155,D2499,HR010312003,Mehmoodpur B.O,17660070,Sadhaura S.O,17640002,Ambala Sub-Division,17530001,Ambala Division,17300001,Haryana Circle,BPO,600,
17100206,D2489,HR010313011,Sherpur Sulkhani B.O,17660073,Sarawan S.O,17640002,Ambala Sub-Division,17530001,Ambala Division,17300001,Haryana Circle,BPO,600,
17100050,D2044,HR010306003,Damla B.O,17660036,Jagdhari Work Shop S.O,17640004,Yamuna Nagar Sub Division,17530001,Ambala Division,17300001,Haryana Circle,BPO,600,
17100224,D1365,HR010305010,Udhamgarh B.O,17660034,Jagadhri S.O,17640004,Yamuna Nagar Sub Division,17530001,Ambala Division,17300001,Haryana Circle,BPO,600,
17100095,D1364,HR010305004,Jroda B.O,17660034,Jagadhri S.O,17640004,Yamuna Nagar Sub Division,17530001,Ambala Division,17300001,Haryana Circle,BPO,600,
17100080,D0005,HR010205008,Hamidpur B.O,17660053,Naraingarh S.O,17640003,Panchkula Sub Division,17530001,Ambala Division,17300001,Haryana Circle,BPO,600,
17100143,C5102,HR010231015,Mandhaur B.O,17660007,Baldev Nagar S.O,17640001,Ambala City Sub- Division,17530001,Ambala Division,17300001,Haryana Circle,BPO,600,
17100217,C5003,HR010101007,Tharwa B.O,17660046,Majri S.O,17640002,Ambala Sub-Division,17530001,Ambala Division,17300001,Haryana Circle,BPO,600,
17100157,C5002,HR010101005,Mohra B.O,17660043,Kuldeep Nagar S.O,17640002,Ambala Sub-Division,17530001,Ambala Division,17300001,Haryana Circle,BPO,600,
17100038,C4406,HR010119003,Boh B.O,17660022,Defence Colony S.O,17640002,Ambala Sub-Division,17530001,Ambala Division,17300001,Haryana Circle,BPO,600,
17100194,C4202,HR010312008,Salehpur B.O,17660070,Sadhaura S.O,17640002,Ambala Sub-Division,17530001,Ambala Division,17300001,Haryana Circle,BPO,600,
17100067,C4196,HR010313003,Fatehgarh Tumbi B.O,17660073,Sarawan S.O,17640002,Ambala Sub-Division,17530001,Ambala Division,17300001,Haryana Circle,BPO,600,
17100007,C3780,HR010306004,Aurangabad B.O,17660036,Jagdhari Work Shop S.O,17640004,Yamuna Nagar Sub Division,17530001,Ambala Division,17300001,Haryana Circle,BPO,600,
17100172,C3071,HR010305009,Pabni Kalan B.O,17660034,Jagadhri S.O,17640004,Yamuna Nagar Sub Division,17530001,Ambala Division,17300001,Haryana Circle,BPO,600,
17100153,C3070,HR010305007,Mehlanwali B.O,17660034,Jagadhri S.O,17640004,Yamuna Nagar Sub Division,17530001,Ambala Division,17300001,Haryana Circle,BPO,600,
17100132,C1670,HR010205014,Lalpur B.O,17660053,Naraingarh S.O,17640003,Panchkula Sub Division,17530001,Ambala Division,17300001,Haryana Circle,BPO,600,
17100147,B6563,HR010101004,Mardon Sahib B.O,17660046,Majri S.O,17640002,Ambala Sub-Division,17530001,Ambala Division,17300001,Haryana Circle,BPO,600,
17100020,B6562,HR010101001,Baraula B.O,17660046,Majri S.O,17640002,Ambala Sub-Division,17530001,Ambala Division,17300001,Haryana Circle,BPO,600,
17100192,B5747,HR010312007,Safilpur B.O,17660070,Sadhaura S.O,17640002,Ambala Sub-Division,17530001,Ambala Division,17300001,Haryana Circle,BPO,600,
17100182,B4769,HR010206002,Railly B.O,17660058,Panchkula Sector 8 S.O,17640003,Panchkula Sub Division,17530001,Ambala Division,17300001,Haryana Circle,BPO,600,
17100159,B4563,HR010305008,Mussimbal B.O,17660034,Jagadhri S.O,17640004,Yamuna Nagar Sub Division,17530001,Ambala Division,17300001,Haryana Circle,BPO,600,
17100141,B4562,HR010305006,Mandhar B.O,17660034,Jagadhri S.O,17640004,Yamuna Nagar Sub Division,17530001,Ambala Division,17300001,Haryana Circle,BPO,600,
17100118,B4561,HR010305005,Khera B.O,17660034,Jagadhri S.O,17640004,Yamuna Nagar Sub Division,17530001,Ambala Division,17300001,Haryana Circle,BPO,600,
17100130,B3220,HR010205013,Lakhnaura B.O,17660053,Naraingarh S.O,17640003,Panchkula Sub Division,17530001,Ambala Division,17300001,Haryana Circle,BPO,600,
17100109,B3219,HR010205010,Kathe Majra B.O,17660053,Naraingarh S.O,17640003,Panchkula Sub Division,17530001,Ambala Division,17300001,Haryana Circle,BPO,600,
17100019,B3218,HR010205005,Baragaon B.O,17660053,Naraingarh S.O,17640003,Panchkula Sub Division,17530001,Ambala Division,17300001,Haryana Circle,BPO,600,
17100013,AP186,HR010208704,Baladwala B.O,17660067,Raipur Rani S.O,17640003,Panchkula Sub Division,17530001,Ambala Division,17300001,Haryana Circle,BPO,600,
17100135,AM125,0,Lohgarh B.O,17660007,Baldev Nagar S.O,17640001,Ambala City Sub- Division,17530001,Ambala Division,17300001,Haryana Circle,BPO,600,
17100075,A8327,HR010114002,Gokal Garh B.O,17660052,Mullana S.O,17640002,Ambala Sub-Division,17530001,Ambala Division,17300001,Haryana Circle,BPO,600,
17100181,A7323,HR010312005,Pipliwala B.O,17660070,Sadhaura S.O,17640002,Ambala Sub-Division,17530001,Ambala Division,17300001,Haryana Circle,BPO,600,
17100227,A7316,HR010313010,Zaffarpur B.O,17660073,Sarawan S.O,17640002,Ambala Sub-Division,17530001,Ambala Division,17300001,Haryana Circle,BPO,600,
17100008,A7315,HR010313001,Azizpur B.O,17660073,Sarawan S.O,17640002,Ambala Sub-Division,17530001,Ambala Division,17300001,Haryana Circle,BPO,600,
17100084,A6845,HR010306005,Harnaul B.O,17660036,Jagdhari Work Shop S.O,17640004,Yamuna Nagar Sub Division,17530001,Ambala Division,17300001,Haryana Circle,BPO,600,
17100056,A6320,HR010206001,Devi Nagar B.O,17660058,Panchkula Sector 8 S.O,17640003,Panchkula Sub Division,17530001,Ambala Division,17300001,Haryana Circle,BPO,600,
17100116,A6105,HR010305011,Kharwan B.O,17660034,Jagadhri S.O,17640004,Yamuna Nagar Sub Division,17530001,Ambala Division,17300001,Haryana Circle,BPO,600,
17100032,A6104,HR010305002,Bherthal B.O,17660034,Jagadhri S.O,17640004,Yamuna Nagar Sub Division,17530001,Ambala Division,17300001,Haryana Circle,BPO,600,
17100014,A6103,HR010305001,Balchhapar B.O,17660034,Jagadhri S.O,17640004,Yamuna Nagar Sub Division,17530001,Ambala Division,17300001,Haryana Circle,BPO,600,
17100115,A5884,HR010203001,Kharanwali B.O,17660041,Kalka S.O,17640003,Panchkula Sub Division,17530001,Ambala Division,17300001,Haryana Circle,BPO,600,
17100173,A4740,HR010205015,Panjlasa B.O,17660053,Naraingarh S.O,17640003,Panchkula Sub Division,17530001,Ambala Division,17300001,Haryana Circle,BPO,600,
17100070,A4739,HR010205007,Gadhauli B.O,17660053,Naraingarh S.O,17640003,Panchkula Sub Division,17530001,Ambala Division,17300001,Haryana Circle,BPO,600,
17100006,A4738,HR010205002,Ambli B.O,17660053,Naraingarh S.O,17640003,Panchkula Sub Division,17530001,Ambala Division,17300001,Haryana Circle,BPO,600,
17660065,13513301,HR010311000,Radaur S.O,17360002,Yamunanagar H.O,17640004,Yamuna Nagar Sub Division,17530001,Ambala Division,17300001,Haryana Circle,SPO,3600,
17660012,13510601,HR010301000,Bhudkalan S.O,17360002,Yamunanagar H.O,17640004,Yamuna Nagar Sub Division,17530001,Ambala Division,17300001,Haryana Circle,SPO,1200,
17660019,13510301,HR010304000,Chhachrauli S.O,17360002,Yamunanagar H.O,17640004,Yamuna Nagar Sub Division,17530001,Ambala Division,17300001,Haryana Circle,SPO,3600,
17660014,13510201,HR010302000,Bilaspur S.O Yamunanagar,17360002,Yamunanagar H.O,17640002,Ambala Sub-Division,17530001,Ambala Division,17300001,Haryana Circle,SPO,2640,
17660015,13510101,HR010303000,Buriya S.O,17360002,Yamunanagar H.O,17640004,Yamuna Nagar Sub Division,17530001,Ambala Division,17300001,Haryana Circle,SPO,1800,
17660060,13502101,HR010309000,Partap Nagar S.O,17360002,Yamunanagar H.O,17640004,Yamuna Nagar Sub Division,17530001,Ambala Division,17300001,Haryana Circle,SPO,1800,
17660080,13500401,HR010314000,Thermal Colony Yamuna Nagar S.O,17360002,Yamunanagar H.O,17640004,Yamuna Nagar Sub Division,17530001,Ambala Division,17300001,Haryana Circle,SPO,1800,
17660059,13500304,HR010322000,Parkash Chowk S.O,17360002,Yamunanagar H.O,17640004,Yamuna Nagar Sub Division,17530001,Ambala Division,17300001,Haryana Circle,SPO,1200,
17660035,13500303,HR010323000,Jagadhri Town S.O,17360002,Yamunanagar H.O,17640004,Yamuna Nagar Sub Division,17530001,Ambala Division,17300001,Haryana Circle,SPO,1800,
17660034,13500302,HR010305000,Jagadhri S.O,17360002,Yamunanagar H.O,17640004,Yamuna Nagar Sub Division,17530001,Ambala Division,17300001,Haryana Circle,SPO,3600,
17660033,13500301,HR010324000,Jagadhri Court S.O,17360002,Yamunanagar H.O,17640004,Yamuna Nagar Sub Division,17530001,Ambala Division,17300001,Haryana Circle,SPO,1800,
17660036,13500201,HR010306000,Jagdhari Work Shop S.O,17360002,Yamunanagar H.O,17640004,Yamuna Nagar Sub Division,17530001,Ambala Division,17300001,Haryana Circle,SPO,3600,
17660079,13500106,HR010316000,Hamida S.O,17360002,Yamunanagar H.O,17640004,Yamuna Nagar Sub Division,17530001,Ambala Division,17300001,Haryana Circle,SPO,1800,
17660068,13500105,HR010318000,Ram Pura Colony S.O,17360002,Yamunanagar H.O,17640004,Yamuna Nagar Sub Division,17530001,Ambala Division,17300001,Haryana Circle,SPO,1200,
17660051,13500104,HR010320000,Mud Hut Colony S.O,17360002,Yamunanagar H.O,17640004,Yamuna Nagar Sub Division,17530001,Ambala Division,17300001,Haryana Circle,SPO,1200,
17660049,13500103,HR010315000,Model Town S.O (Yamuna Nagar),17360002,Yamunanagar H.O,17640004,Yamuna Nagar Sub Division,17530001,Ambala Division,17300001,Haryana Circle,SPO,2640,
17660011,13500101,HR010319000,Bhatia Nagar S.O,17360002,Yamunanagar H.O,17640004,Yamuna Nagar Sub Division,17530001,Ambala Division,17300001,Haryana Circle,SPO,2640,
17360002,13500100,HR010300000,Yamunanagar H.O,17360002,Yamunanagar H.O,17640004,Yamuna Nagar Sub Division,17530001,Ambala Division,17300001,Haryana Circle,HPO,10200,
17660050,13420501,HR010204000,Morni S.O,17360001,Ambala City H.O,17640003,Panchkula Sub Division,17530001,Ambala Division,17300001,Haryana Circle,SPO,1200,
17660067,13420401,HR010208000,Raipur Rani S.O,17360001,Ambala City H.O,17640003,Panchkula Sub Division,17530001,Ambala Division,17300001,Haryana Circle,SPO,1800,
17660053,13420301,HR010205000,Naraingarh S.O,17360001,Ambala City H.O,17640003,Panchkula Sub Division,17530001,Ambala Division,17300001,Haryana Circle,SPO,3600,
17660077,13420201,HR010209000,Shahzadpur S.O.,17360001,Ambala City H.O,17640003,Panchkula Sub Division,17530001,Ambala Division,17300001,Haryana Circle,SPO,2640,
17660038,13420101,HR010202000,Jatwar S.O,17360001,Ambala City H.O,17640003,Panchkula Sub Division,17530001,Ambala Division,17300001,Haryana Circle,SPO,1800,
17660009,13411801,HR010201000,Barwala S.O,17360001,Ambala City H.O,17640003,Panchkula Sub Division,17530001,Ambala Division,17300001,Haryana Circle,SPO,2640,
17660075,13411701,HR010218000,Sector 20 Panchkula S.O,17360001,Ambala City H.O,17640003,Panchkula Sub Division,17530001,Ambala Division,17300001,Haryana Circle,SPO,2640,
17660076,13411601,HE010219000,Sector 26 Panchkula S.O,17360001,Ambala City H.O,17640003,Panchkula Sub Division,17530001,Ambala Division,17300001,Haryana Circle,SPO,1800,
17660047,13411401,HR010236000,Mansa Devi Sec 5 S.O,17360001,Ambala City H.O,17640003,Panchkula Sub Division,17530001,Ambala Division,17300001,Haryana Circle,SPO,1200,
17660074,13411302,HR010210000,Sector 15 Panchkula S.O,17360001,Ambala City H.O,17640003,Panchkula Sub Division,17530001,Ambala Division,17300001,Haryana Circle,SPO,3600,
17660057,13411202,HR010212000,Panchkula Sector 4 S.O,17360001,Ambala City H.O,17640003,Panchkula Sub Division,17530001,Ambala Division,17300001,Haryana Circle,SPO,3600,
17660056,13411201,HR010220000,Panchkula Sector 12 S.O,17360001,Ambala City H.O,17640003,Panchkula Sub Division,17530001,Ambala Division,17300001,Haryana Circle,SPO,1200,
17660058,13410901,HR010206000,Panchkula Sector 8 S.O,17360001,Ambala City H.O,17640003,Panchkula Sub Division,17530001,Ambala Division,17300001,Haryana Circle,SPO,8400,
17660025,13410801,HR010213000,Judicial Complex Panchkula S.O,17360001,Ambala City H.O,17640003,Panchkula Sub Division,17530001,Ambala Division,17300001,Haryana Circle,SPO,1200,
17660018,13410702,HR010215000,Chandi Mandir S.O,17360001,Ambala City H.O,17640003,Panchkula Sub Division,17530001,Ambala Division,17300001,Haryana Circle,SPO,1200,
17660017,13410701,HR010214000,Chandi Mandir Cantt S.O,17360001,Ambala City H.O,17640003,Panchkula Sub Division,17530001,Ambala Division,17300001,Haryana Circle,SPO,2640,
17660003,13410501,HR010306101,Amravati Enclave SO,17360001,Ambala City H.O,17640003,Panchkula Sub Division,17530001,Ambala Division,17300001,Haryana Circle,SPO,1200,
17660016,13410401,HR010216000,C.R.P.F. Pinjore S.O,17360001,Ambala City H.O,17640003,Panchkula Sub Division,17530001,Ambala Division,17300001,Haryana Circle,SPO,1200,
17660030,13410301,HR010217000,I.T.B.P. Bhanu S.O,17360001,Ambala City H.O,17640003,Panchkula Sub Division,17530001,Ambala Division,17300001,Haryana Circle,SPO,1200,
17660061,13410201,HR010207000,Pinjore S.O,17360001,Ambala City H.O,17640003,Panchkula Sub Division,17530001,Ambala Division,17300001,Haryana Circle,SPO,2640,
17660028,13410101,HR010211000,H.M.T.Pinjore S.O,17360001,Ambala City H.O,17640003,Panchkula Sub Division,17530001,Ambala Division,17300001,Haryana Circle,SPO,2640,
17660024,13400801,HR010238000,Durga Nagar S.O,17360001,Ambala City H.O,17640001,Ambala City Sub- Division,17530001,Ambala Division,17300001,Haryana Circle,SPO,2640,
17660026,13400702,HR010232000,Geeta Nagri S.O,17360001,Ambala City H.O,17640001,Ambala City Sub- Division,17530001,Ambala Division,17300001,Haryana Circle,SPO,1200,
17660007,13400701,HR010231000,Baldev Nagar S.O,17360001,Ambala City H.O,17640001,Ambala City Sub- Division,17530001,Ambala Division,17300001,Haryana Circle,SPO,3600,
17660037,13400501,HR010222000,Jandli S.O,17360001,Ambala City H.O,17640001,Ambala City Sub- Division,17530001,Ambala Division,17300001,Haryana Circle,SPO,1200,
17660078,13400311,HR010230000,Subzi Mandi S.O,17360001,Ambala City H.O,17640001,Ambala City Sub- Division,17530001,Ambala Division,17300001,Haryana Circle,SPO,1800,
17660066,13400310,HR010229000,Railway Road Ambala City S.O,17360001,Ambala City H.O,17640001,Ambala City Sub- Division,17530001,Ambala Division,17300001,Haryana Circle,SPO,1800,
17660063,13400309,HR010226000,Prem Nagar S.O (Ambala),17360001,Ambala City H.O,17640001,Ambala City Sub- Division,17530001,Ambala Division,17300001,Haryana Circle,SPO,1800,
17660062,13400308,HR010227000,Preet Nagar S.O (Ambala),17360001,Ambala City H.O,17640001,Ambala City Sub- Division,17530001,Ambala Division,17300001,Haryana Circle,SPO,1200,
17660048,13400306,HR010228000,Model Town Ambala City S.O,17360001,Ambala City H.O,17640001,Ambala City Sub- Division,17530001,Ambala Division,17300001,Haryana Circle,SPO,2640,
17660021,13400305,HR010224000,D.A.V.College S.O,17360001,Ambala City H.O,17640001,Ambala City Sub- Division,17530001,Ambala Division,17300001,Haryana Circle,SPO,1800,
17660010,13400304,HR010223000,Bazar Basti Ram S.O,17360001,Ambala City H.O,17640001,Ambala City Sub- Division,17530001,Ambala Division,17300001,Haryana Circle,SPO,2640,
17660004,13400303,HR010234000,Anaj Mandi S.O Ambala,17360001,Ambala City H.O,17640001,Ambala City Sub- Division,17530001,Ambala Division,17300001,Haryana Circle,SPO,2640,
17660002,13400302,HR010225000,Ambala City Kucthery S.O,17360001,Ambala City H.O,17640001,Ambala City Sub- Division,17530001,Ambala Division,17300001,Haryana Circle,SPO,2640,
17360001,13400300,HR010200000,Ambala City H.O,17360001,Ambala City H.O,17640001,Ambala City Sub- Division,17530001,Ambala Division,17300001,Haryana Circle,HPO,10200,
17660041,13330202,HR010203000,Kalka S.O,17360001,Ambala City H.O,17640003,Panchkula Sub Division,17530001,Ambala Division,17300001,Haryana Circle,SPO,3600,
17660040,13330201,HR010235000,Kalka R.S. S.O,17360001,Ambala City H.O,17640003,Panchkula Sub Division,17530001,Ambala Division,17300001,Haryana Circle,SPO,1200,
17660005,13330101,HR010233000,B.C.W. Suraj Pur S.O,17360001,Ambala City H.O,17640003,Panchkula Sub Division,17530001,Ambala Division,17300001,Haryana Circle,SPO,1200,
17660044,13320701,HR010118000,M.M.E.Complex Mulana S.O,17350001,Ambala G.P.O.,17640002,Ambala Sub-Division,17530001,Ambala Division,17300001,Haryana Circle,SPO,1200,
17660073,13320601,HR010313000,Sarawan S.O,17360002,Yamunanagar H.O,17640002,Ambala Sub-Division,17530001,Ambala Division,17300001,Haryana Circle,SPO,1800,
17660001,13320501,HY010102000,Adhoya S.O,17350001,Ambala G.P.O.,17640001,Ambala City Sub- Division,17530001,Ambala Division,17300001,Haryana Circle,SPO,1800,
17660070,13320401,HR010312000,Sadhaura S.O,17360002,Yamunanagar H.O,17640002,Ambala Sub-Division,17530001,Ambala Division,17300001,Haryana Circle,SPO,2640,
17660052,13320302,HR010114000,Mullana S.O,17350001,Ambala G.P.O.,17640002,Ambala Sub-Division,17530001,Ambala Division,17300001,Haryana Circle,SPO,2640,
17660023,13320201,HR010109000,Dhin S.O,17350001,Ambala G.P.O.,17640002,Ambala Sub-Division,17530001,Ambala Division,17300001,Haryana Circle,SPO,1800,
17660008,13320101,HR010103000,Barara S.O,17350001,Ambala G.P.O.,17640001,Ambala City Sub- Division,17530001,Ambala Division,17300001,Haryana Circle,SPO,3600,
17660071,13310401,HR010117000,Saha S.O,17350001,Ambala G.P.O.,17640002,Ambala Sub-Division,17530001,Ambala Division,17300001,Haryana Circle,SPO,1800,
17660072,13310301,HR010310000,Saraswati Nagar S.O,17360002,Yamunanagar H.O,17640001,Ambala City Sub- Division,17530001,Ambala Division,17300001,Haryana Circle,SPO,3600,
17660042,13310201,HR010112000,Kesri S.O,17350001,Ambala G.P.O.,17640001,Ambala City Sub- Division,17530001,Ambala Division,17300001,Haryana Circle,SPO,1800,
17660013,13310101,HR010105000,Bihta S.O Ambala,17350001,Ambala G.P.O.,17640001,Ambala City Sub- Division,17530001,Ambala Division,17300001,Haryana Circle,SPO,1200,
17660022,13301001,HR010133000,Defence Colony S.O,17350001,Ambala G.P.O.,17640002,Ambala Sub-Division,17530001,Ambala Division,17300001,Haryana Circle,SPO,1200,
17660046,13300801,HR010132000,Majri S.O,17350001,Ambala G.P.O.,17640002,Ambala Sub-Division,17530001,Ambala Division,17300001,Haryana Circle,SPO,1200,
17660031,13300601,HR010130000,Ind estate S.O,17350001,Ambala G.P.O.,17640002,Ambala Sub-Division,17530001,Ambala Division,17300001,Haryana Circle,SPO,1200,
17660006,13300501,HR010119000,Babyal S.O,17350001,Ambala G.P.O.,17640002,Ambala Sub-Division,17530001,Ambala Division,17300001,Haryana Circle,SPO,1800,
17660043,13300401,HR010101000,Kuldeep Nagar S.O,17350001,Ambala G.P.O.,17640002,Ambala Sub-Division,17530001,Ambala Division,17300001,Haryana Circle,SPO,1800,
17660081,13300111,HR010123000,Top Khana Bazar S.O,17350001,Ambala G.P.O.,17640002,Ambala Sub-Division,17530001,Ambala Division,17300001,Haryana Circle,SPO,1200,
17660069,13300110,HR010122000,Sadar Bazar S.O (Ambala),17350001,Ambala G.P.O.,17640002,Ambala Sub-Division,17530001,Ambala Division,17300001,Haryana Circle,SPO,3600,
17660064,13300109,HR010121000,Punjabi Mohalla S.O,17350001,Ambala G.P.O.,17640002,Ambala Sub-Division,17530001,Ambala Division,17300001,Haryana Circle,SPO,1800,
17660055,13300108,HR010129000,Palam Vihar S.O (Ambala),17350001,Ambala G.P.O.,17640002,Ambala Sub-Division,17530001,Ambala Division,17300001,Haryana Circle,SPO,1200,
17660045,13300107,HR010128000,Mahesh Nagar S.O,17350001,Ambala G.P.O.,17640002,Ambala Sub-Division,17530001,Ambala Division,17300001,Haryana Circle,SPO,1800,
17660039,13300105,HR010120000,Kacha Bazar S.O,17350001,Ambala G.P.O.,17640002,Ambala Sub-Division,17530001,Ambala Division,17300001,Haryana Circle,SPO,1800,
17660029,13300104,HR010127000,Hargolal S.O,17350001,Ambala G.P.O.,17640002,Ambala Sub-Division,17530001,Ambala Division,17300001,Haryana Circle,SPO,1800,
17660027,13300103,HR010126000,Gobind Nagar S.O,17350001,Ambala G.P.O.,17640002,Ambala Sub-Division,17530001,Ambala Division,17300001,Haryana Circle,SPO,1800,
17660020,13300102,HR010125000,Commissioner Court S.O,17350001,Ambala G.P.O.,17640002,Ambala Sub-Division,17530001,Ambala Division,17300001,Haryana Circle,SPO,1200,
17350001,13300100,HR010100000,Ambala G.P.O.,17350001,Ambala G.P.O.,17640002,Ambala Sub-Division,17530001,Ambala Division,17300001,Haryana Circle,HPO,10200,
17102200,0,0,Brahman Majra B.O,17660031,Ind estate S.O,17640002,Ambala Sub-Division,17530001,Ambala Division,17300001,Haryana Circle,BPO,600,
17100397,N9292,HR020118008,Sandawa BO,17660113,Rodhan SO,17640005,Bhiwani 1st Sub Division,17530002,Bhiwani Division,17300001,Haryana Circle,BPO,600,
17100351,N9291,HR020118006,Mandholi Kalan BO,17660113,Rodhan SO,17640005,Bhiwani 1st Sub Division,17530002,Bhiwani Division,17300001,Haryana Circle,BPO,600,
17100348,N9290,HR020118007,Mandhan BO,17660113,Rodhan SO,17640005,Bhiwani 1st Sub Division,17530002,Bhiwani Division,17300001,Haryana Circle,BPO,600,
17100317,N9289,HR020118005,Jhully BO,17660113,Rodhan SO,17640005,Bhiwani 1st Sub Division,17530002,Bhiwani Division,17300001,Haryana Circle,BPO,600,
17100311,N9288,HR020118004,Isharwal BO,17660113,Rodhan SO,17640005,Bhiwani 1st Sub Division,17530002,Bhiwani Division,17300001,Haryana Circle,BPO,600,
17100253,N9287,HR020118003,Bhushan BO,17660113,Rodhan SO,17640005,Bhiwani 1st Sub Division,17530002,Bhiwani Division,17300001,Haryana Circle,BPO,600,
17100251,N9286,HR020118002,Bhera BO,17660113,Rodhan SO,17640005,Bhiwani 1st Sub Division,17530002,Bhiwani Division,17300001,Haryana Circle,BPO,600,
17100250,N9285,HR020118001,Bhariwas BO,17660113,Rodhan SO,17640005,Bhiwani 1st Sub Division,17530002,Bhiwani Division,17300001,Haryana Circle,BPO,600,
17100828,L9952,HR040214015,Tajpur BO,17660204,Mandi Ateli SO,17640012,Narnaul Sub Division,17530002,Bhiwani Division,17300001,Haryana Circle,BPO,600,
17100797,L9951,HR040214014,Sarai Bahadur BO,17660204,Mandi Ateli SO,17640012,Narnaul Sub Division,17530002,Bhiwani Division,17300001,Haryana Circle,BPO,600,
17100785,L9950,HR040214013,Rattan Kalan BO,17660204,Mandi Ateli SO,17640012,Narnaul Sub Division,17530002,Bhiwani Division,17300001,Haryana Circle,BPO,600,
17100666,L9949,HR040214012,Kanti Kheri BO,17660204,Mandi Ateli SO,17640012,Narnaul Sub Division,17530002,Bhiwani Division,17300001,Haryana Circle,BPO,600,
17100665,L9948,HR040214011,Kanti BO,17660204,Mandi Ateli SO,17640012,Narnaul Sub Division,17530002,Bhiwani Division,17300001,Haryana Circle,BPO,600,
17100624,L9947,HR040214010,Gujarwas BO,17660204,Mandi Ateli SO,17640012,Narnaul Sub Division,17530002,Bhiwani Division,17300001,Haryana Circle,BPO,600,
17100616,L9946,HR040214009,Gokalpur BO,17660204,Mandi Ateli SO,17640012,Narnaul Sub Division,17530002,Bhiwani Division,17300001,Haryana Circle,BPO,600,
17100609,L9945,HR040214008,Garhi BO,17660204,Mandi Ateli SO,17640012,Narnaul Sub Division,17530002,Bhiwani Division,17300001,Haryana Circle,BPO,600,
17100608,L9944,HR040214007,Ganiar BO,17660204,Mandi Ateli SO,17640012,Narnaul Sub Division,17530002,Bhiwani Division,17300001,Haryana Circle,BPO,600,
17100602,L9943,HR040214006,Dulat Jat BO,17660204,Mandi Ateli SO,17640012,Narnaul Sub Division,17530002,Bhiwani Division,17300001,Haryana Circle,BPO,600,
17100599,L9942,HR040214005,Dongra Ahir BO,17660204,Mandi Ateli SO,17640012,Narnaul Sub Division,17530002,Bhiwani Division,17300001,Haryana Circle,BPO,600,
17100550,L9941,HR040214004,Bhocharia BO,17660204,Mandi Ateli SO,17640012,Narnaul Sub Division,17530002,Bhiwani Division,17300001,Haryana Circle,BPO,600,
17100541,L9939,HR040214003,Bewal BO,17660204,Mandi Ateli SO,17640012,Narnaul Sub Division,17530002,Bhiwani Division,17300001,Haryana Circle,BPO,600,
17100539,L9938,HR040214002,Behali BO,17660204,Mandi Ateli SO,17640012,Narnaul Sub Division,17530002,Bhiwani Division,17300001,Haryana Circle,BPO,600,
17100516,L9936,HR040214001,Bachhod BO,17660204,Mandi Ateli SO,17640012,Narnaul Sub Division,17530002,Bhiwani Division,17300001,Haryana Circle,BPO,600,
17100410,L4392,HR020115016,Sohansara BO,17660107,Loharu SO,17640006,Bhiwani 2nd Sub Division,17530002,Bhiwani Division,17300001,Haryana Circle,BPO,600,
17100406,L4391,HR020115018,Singhani BO,17660107,Loharu SO,17640006,Bhiwani 2nd Sub Division,17530002,Bhiwani Division,17300001,Haryana Circle,BPO,600,
17100403,L4390,HR020115017,Sehar BO,17660107,Loharu SO,17640006,Bhiwani 2nd Sub Division,17530002,Bhiwani Division,17300001,Haryana Circle,BPO,600,
17100378,L4389,HR020115015,Parvezpur BO,17660107,Loharu SO,17640006,Bhiwani 2nd Sub Division,17530002,Bhiwani Division,17300001,Haryana Circle,BPO,600,
17100365,L4388,HR020115014,Nakipur BO,17660107,Loharu SO,17640006,Bhiwani 2nd Sub Division,17530002,Bhiwani Division,17300001,Haryana Circle,BPO,600,
17100338,L4387,HR020115013,Kural BO,17660107,Loharu SO,17640006,Bhiwani 2nd Sub Division,17530002,Bhiwani Division,17300001,Haryana Circle,BPO,600,
17100329,L4386,HR020115012,Kharkari BO,17660107,Loharu SO,17640006,Bhiwani 2nd Sub Division,17530002,Bhiwani Division,17300001,Haryana Circle,BPO,600,
17100315,L4385,HR020115011,Jhanjra Sheoran BO,17660107,Loharu SO,17640006,Bhiwani 2nd Sub Division,17530002,Bhiwani Division,17300001,Haryana Circle,BPO,600,
17100300,L4384,HR020115010,Gignow BO,17660107,Loharu SO,17640006,Bhiwani 2nd Sub Division,17530002,Bhiwani Division,17300001,Haryana Circle,BPO,600,
17100294,L4383,HR020115009,Fartia Bhima BO,17660107,Loharu SO,17640006,Bhiwani 2nd Sub Division,17530002,Bhiwani Division,17300001,Haryana Circle,BPO,600,
17100286,L4382,HR020115008,Dhighawa Jattan BO,17660107,Loharu SO,17640006,Bhiwani 2nd Sub Division,17530002,Bhiwani Division,17300001,Haryana Circle,BPO,600,
17100281,L4381,HR020115007,Dhani Dhola BO,17660107,Loharu SO,17640006,Bhiwani 2nd Sub Division,17530002,Bhiwani Division,17300001,Haryana Circle,BPO,600,
17100260,L4380,HR020115005,Chahar Khurd BO,17660107,Loharu SO,17640006,Bhiwani 2nd Sub Division,17530002,Bhiwani Division,17300001,Haryana Circle,BPO,600,
17100259,L4379,HR020115006,Chahar Kalan BO,17660107,Loharu SO,17640006,Bhiwani 2nd Sub Division,17530002,Bhiwani Division,17300001,Haryana Circle,BPO,600,
17100258,L4378,HR020115002,Budhera BO,17660107,Loharu SO,17640006,Bhiwani 2nd Sub Division,17530002,Bhiwani Division,17300001,Haryana Circle,BPO,600,
17100257,L4377,HR020115003,Bisalwas BO,17660107,Loharu SO,17640006,Bhiwani 2nd Sub Division,17530002,Bhiwani Division,17300001,Haryana Circle,BPO,600,
17100244,L4376,HR020115004,Barwas BO,17660107,Loharu SO,17640006,Bhiwani 2nd Sub Division,17530002,Bhiwani Division,17300001,Haryana Circle,BPO,600,
17100241,L4375,HR020115001,Bardu Chaina BO,17660107,Loharu SO,17640006,Bhiwani 2nd Sub Division,17530002,Bhiwani Division,17300001,Haryana Circle,BPO,600,
17100409,L4333,HR020106007,Siwara BO,17660088,Bawani Khera SO,17640006,Bhiwani 2nd Sub Division,17530002,Bhiwani Division,17300001,Haryana Circle,BPO,600,
17100383,L4332,HR020106006,Pur BO,17660088,Bawani Khera SO,17640006,Bhiwani 2nd Sub Division,17530002,Bhiwani Division,17300001,Haryana Circle,BPO,600,
17100358,L4331,HR020106005,Milkpur BO,17660088,Bawani Khera SO,17640006,Bhiwani 2nd Sub Division,17530002,Bhiwani Division,17300001,Haryana Circle,BPO,600,
17100349,L4330,HR020106008,Mandhana BO,17660088,Bawani Khera SO,17640006,Bhiwani 2nd Sub Division,17530002,Bhiwani Division,17300001,Haryana Circle,BPO,600,
17100344,L4329,HR020106004,Lohari Jatu BO,17660088,Bawani Khera SO,17640006,Bhiwani 2nd Sub Division,17530002,Bhiwani Division,17300001,Haryana Circle,BPO,600,
17100293,L4328,HR020106003,Durjanpur BO,17660088,Bawani Khera SO,17640006,Bhiwani 2nd Sub Division,17530002,Bhiwani Division,17300001,Haryana Circle,BPO,600,
17100243,L4327,HR020106002,Barsi BO,17660088,Bawani Khera SO,17640006,Bhiwani 2nd Sub Division,17530002,Bhiwani Division,17300001,Haryana Circle,BPO,600,
17100239,L4326,HR020106001,Baliali BO,17660088,Bawani Khera SO,17640006,Bhiwani 2nd Sub Division,17530002,Bhiwani Division,17300001,Haryana Circle,BPO,600,
17100395,J9573,HR020109002,Sai BO,17660094,Chang SO,17640006,Bhiwani 2nd Sub Division,17530002,Bhiwani Division,17300001,Haryana Circle,BPO,600,
17100390,J9572,HR020109001,Rewari Khera BO,17660094,Chang SO,17640006,Bhiwani 2nd Sub Division,17530002,Bhiwani Division,17300001,Haryana Circle,BPO,600,
17100414,J7457,HR020117005,Talu BO,17660110,Mundhal Khurd SO,17640006,Bhiwani 2nd Sub Division,17530002,Bhiwani Division,17300001,Haryana Circle,BPO,600,
17100408,J7456,HR020117004,Siwana BO,17660110,Mundhal Khurd SO,17640006,Bhiwani 2nd Sub Division,17530002,Bhiwani Division,17300001,Haryana Circle,BPO,600,
17100337,J7455,HR020117003,Kungar BO,17660110,Mundhal Khurd SO,17640006,Bhiwani 2nd Sub Division,17530002,Bhiwani Division,17300001,Haryana Circle,BPO,600,
17100312,J7454,HR020117002,Jatai BO,17660110,Mundhal Khurd SO,17640006,Bhiwani 2nd Sub Division,17530002,Bhiwani Division,17300001,Haryana Circle,BPO,600,
17100248,J7453,HR020117001,Bhaini Kungar BO,17660110,Mundhal Khurd SO,17640006,Bhiwani 2nd Sub Division,17530002,Bhiwani Division,17300001,Haryana Circle,BPO,600,
17100322,J7390,HR020123001,Kalinga BO,17660105,Kharak Kalan SO,17640006,Bhiwani 2nd Sub Division,17530002,Bhiwani Division,17300001,Haryana Circle,BPO,600,
17100240,J7389,HR020123002,Bamla BO,17660105,Kharak Kalan SO,17640006,Bhiwani 2nd Sub Division,17530002,Bhiwani Division,17300001,Haryana Circle,BPO,600,
17100833,J7252,HR040217003,Thanwas BO,17660212,Nangal Chaudhry SO,17640012,Narnaul Sub Division,17530002,Bhiwani Division,17300001,Haryana Circle,BPO,600,
17100814,J7251,HR040217007,Sirohi Behali BO,17660212,Nangal Chaudhry SO,17640012,Narnaul Sub Division,17530002,Bhiwani Division,17300001,Haryana Circle,BPO,600,
17100798,J7250,HR040217006,Sareli BO,17660212,Nangal Chaudhry SO,17640012,Narnaul Sub Division,17530002,Bhiwani Division,17300001,Haryana Circle,BPO,600,
17100756,J7249,HR040217005,Niamatpur BO,17660212,Nangal Chaudhry SO,17640012,Narnaul Sub Division,17530002,Bhiwani Division,17300001,Haryana Circle,BPO,600,
17100742,J7248,HR040200025,Nangal Dargu BO,17660212,Nangal Chaudhry SO,17640012,Narnaul Sub Division,17530002,Bhiwani Division,17300001,Haryana Circle,BPO,600,
17100737,J7247,HR040217004,Nagal Nunia BO,17660212,Nangal Chaudhry SO,17640012,Narnaul Sub Division,17530002,Bhiwani Division,17300001,Haryana Circle,BPO,600,
17100617,J7246,HR040217008,Golwa BO,17660212,Nangal Chaudhry SO,17640012,Narnaul Sub Division,17530002,Bhiwani Division,17300001,Haryana Circle,BPO,600,
17100594,J7245,HR040217002,Dholera BO,17660212,Nangal Chaudhry SO,17640012,Narnaul Sub Division,17530002,Bhiwani Division,17300001,Haryana Circle,BPO,600,
17100567,J7244,HR040217001,Budhwal BO,17660212,Nangal Chaudhry SO,17640012,Narnaul Sub Division,17530002,Bhiwani Division,17300001,Haryana Circle,BPO,600,
17100554,J7243,HR040217011,Bhungerka BO,17660212,Nangal Chaudhry SO,17640012,Narnaul Sub Division,17530002,Bhiwani Division,17300001,Haryana Circle,BPO,600,
17100538,J7242,HR040217010,Bayal BO,17660212,Nangal Chaudhry SO,17640012,Narnaul Sub Division,17530002,Bhiwani Division,17300001,Haryana Circle,BPO,600,
17100508,J7241,HR040217009,Akbarpur BO,17660212,Nangal Chaudhry SO,17640012,Narnaul Sub Division,17530002,Bhiwani Division,17300001,Haryana Circle,BPO,600,
17100417,J3504,HR020113007,Umarwas BO,17660103,Jui Khurd SO,17640006,Bhiwani 2nd Sub Division,17530002,Bhiwani Division,17300001,Haryana Circle,BPO,600,
17100381,J3503,HR020113006,Pohkarwas BO,17660103,Jui Khurd SO,17640006,Bhiwani 2nd Sub Division,17530002,Bhiwani Division,17300001,Haryana Circle,BPO,600,
17100302,J3502,HR020113005,Golpura BO,17660103,Jui Khurd SO,17640006,Bhiwani 2nd Sub Division,17530002,Bhiwani Division,17300001,Haryana Circle,BPO,600,
17100301,J3501,HR020113004,Golagarh BO,17660103,Jui Khurd SO,17640006,Bhiwani 2nd Sub Division,17530002,Bhiwani Division,17300001,Haryana Circle,BPO,600,
17100276,J3500,HR020113002,Dhabdhani BO,17660103,Jui Khurd SO,17640006,Bhiwani 2nd Sub Division,17530002,Bhiwani Division,17300001,Haryana Circle,BPO,600,
17100271,J3499,HR020113003,Dandama BO,17660103,Jui Khurd SO,17640006,Bhiwani 2nd Sub Division,17530002,Bhiwani Division,17300001,Haryana Circle,BPO,600,
17100249,J3498,HR020113008,Bhangarh BO,17660103,Jui Khurd SO,17640006,Bhiwani 2nd Sub Division,17530002,Bhiwani Division,17300001,Haryana Circle,BPO,600,
17100230,J3497,HR020113001,Asalwas Marheta BO,17660103,Jui Khurd SO,17640006,Bhiwani 2nd Sub Division,17530002,Bhiwani Division,17300001,Haryana Circle,BPO,600,
17100398,J3469,HR020116005,Sanga BO,17660108,Manheru SO,17640006,Bhiwani 2nd Sub Division,17530002,Bhiwani Division,17300001,Haryana Circle,BPO,600,
17100335,J3467,HR020136007,Kitlana BO,17660111,Neemariwali PO,17640006,Bhiwani 2nd Sub Division,17530002,Bhiwani Division,17300001,Haryana Circle,BPO,600,
17100327,J3466,HR020116008,Kaunt BO,17660108,Manheru SO,17640006,Bhiwani 2nd Sub Division,17530002,Bhiwani Division,17300001,Haryana Circle,BPO,600,
17100320,J3465,HR020116003,Kaila BO,17660108,Manheru SO,17640006,Bhiwani 2nd Sub Division,17530002,Bhiwani Division,17300001,Haryana Circle,BPO,600,
17100295,J3464,HR020116002,Fatehgarh Haryana BO,17660108,Manheru SO,17640006,Bhiwani 2nd Sub Division,17530002,Bhiwani Division,17300001,Haryana Circle,BPO,600,
17100285,J3463,HR020116001,Dhareru BO,17660108,Manheru SO,17640006,Bhiwani 2nd Sub Division,17530002,Bhiwani Division,17300001,Haryana Circle,BPO,600,
17100228,J3462,HR020116007,Ajitpura BO,17660108,Manheru SO,17640006,Bhiwani 2nd Sub Division,17530002,Bhiwani Division,17300001,Haryana Circle,BPO,600,
17100766,J2230,HR040215018,Palri Panihara BO,17660209,Mohindergarh SO,17640036,Mohindergarh Sub division,17530002,Bhiwani Division,17300001,Haryana Circle,BPO,600,
17100764,J2229,HR040215017,Pali BO,17660209,Mohindergarh SO,17640036,Mohindergarh Sub division,17530002,Bhiwani Division,17300001,Haryana Circle,BPO,600,
17100758,J2228,HR040215016,Nimbi BO,17660209,Mohindergarh SO,17640036,Mohindergarh Sub division,17530002,Bhiwani Division,17300001,Haryana Circle,BPO,600,
17100720,J2227,HR040215015,Mandola BO,17660209,Mohindergarh SO,17640036,Mohindergarh Sub division,17530002,Bhiwani Division,17300001,Haryana Circle,BPO,600,
17100703,J2226,HR040215014,Lawan BO,17660209,Mohindergarh SO,17640036,Mohindergarh Sub division,17530002,Bhiwani Division,17300001,Haryana Circle,BPO,600,
17100700,J2225,HR040215011,Kurawata BO,17660209,Mohindergarh SO,17640036,Mohindergarh Sub division,17530002,Bhiwani Division,17300001,Haryana Circle,BPO,600,
17100690,J2224,HR040215013,Khudana BO,17660209,Mohindergarh SO,17640036,Mohindergarh Sub division,17530002,Bhiwani Division,17300001,Haryana Circle,BPO,600,
17100683,J2223,HR040215012,Khatod BO,17660209,Mohindergarh SO,17640036,Mohindergarh Sub division,17530002,Bhiwani Division,17300001,Haryana Circle,BPO,600,
17100656,J2222,HR040215010,Jhook BO,17660209,Mohindergarh SO,17640036,Mohindergarh Sub division,17530002,Bhiwani Division,17300001,Haryana Circle,BPO,600,
17100604,J2221,HR040215008,Dulot Ahir BO,17660209,Mohindergarh SO,17640036,Mohindergarh Sub division,17530002,Bhiwani Division,17300001,Haryana Circle,BPO,600,
17100601,J2220,HR040215009,Dulana BO,17660209,Mohindergarh SO,17640036,Mohindergarh Sub division,17530002,Bhiwani Division,17300001,Haryana Circle,BPO,600,
17100586,J2219,HR040215007,Dhadhot BO,17660209,Mohindergarh SO,17640036,Mohindergarh Sub division,17530002,Bhiwani Division,17300001,Haryana Circle,BPO,600,
17100564,J2217,HR040215004,Buddin BO,17660209,Mohindergarh SO,17640036,Mohindergarh Sub division,17530002,Bhiwani Division,17300001,Haryana Circle,BPO,600,
17100540,J2216,HR040215005,Beri BO,17660209,Mohindergarh SO,17640036,Mohindergarh Sub division,17530002,Bhiwani Division,17300001,Haryana Circle,BPO,600,
17100536,J2215,HR040215003,Bawana BO,17660209,Mohindergarh SO,17640036,Mohindergarh Sub division,17530002,Bhiwani Division,17300001,Haryana Circle,BPO,600,
17100529,J2214,HR040215002,Basai BO,17660209,Mohindergarh SO,17640036,Mohindergarh Sub division,17530002,Bhiwani Division,17300001,Haryana Circle,BPO,600,
17100511,J2213,HR040215001,Akoda BO,17660209,Mohindergarh SO,17640036,Mohindergarh Sub division,17530002,Bhiwani Division,17300001,Haryana Circle,BPO,600,
17100366,J2212,HR020119012,Naloi BO,17660115,Siwani SO,17640005,Bhiwani 1st Sub Division,17530002,Bhiwani Division,17300001,Haryana Circle,BPO,600,
17100359,J2211,HR020119011,Miran BO,17660115,Siwani SO,17640005,Bhiwani 1st Sub Division,17530002,Bhiwani Division,17300001,Haryana Circle,BPO,600,
17100352,J2210,HR020119010,Mandholi Khurd BO,17660115,Siwani SO,17640005,Bhiwani 1st Sub Division,17530002,Bhiwani Division,17300001,Haryana Circle,BPO,600,
17100342,J2209,HR020119009,Lilas BO,17660115,Siwani SO,17640005,Bhiwani 1st Sub Division,17530002,Bhiwani Division,17300001,Haryana Circle,BPO,600,
17100331,J2208,HR020119007,Khera BO,17660115,Siwani SO,17640005,Bhiwani 1st Sub Division,17530002,Bhiwani Division,17300001,Haryana Circle,BPO,600,
17100323,J2207,HR020119006,Kalod BO,17660115,Siwani SO,17640005,Bhiwani 1st Sub Division,17530002,Bhiwani Division,17300001,Haryana Circle,BPO,600,
17100318,J2206,HR020119008,Jhumpa Kalan BO,17660115,Siwani SO,17640005,Bhiwani 1st Sub Division,17530002,Bhiwani Division,17300001,Haryana Circle,BPO,600,
17100306,J2205,HR020119004,Gurera BO,17660115,Siwani SO,17640005,Bhiwani 1st Sub Division,17530002,Bhiwani Division,17300001,Haryana Circle,BPO,600,
17100298,J2204,HR020119003,Ghanghala BO,17660115,Siwani SO,17640005,Bhiwani 1st Sub Division,17530002,Bhiwani Division,17300001,Haryana Circle,BPO,600,
17100296,J2203,HR020119005,Gainadawas BO,17660115,Siwani SO,17640005,Bhiwani 1st Sub Division,17530002,Bhiwani Division,17300001,Haryana Circle,BPO,600,
17100283,J2202,HR020119002,Dhani Miran BO,17660115,Siwani SO,17640005,Bhiwani 1st Sub Division,17530002,Bhiwani Division,17300001,Haryana Circle,BPO,600,
17100254,J2201,HR020119001,Bidhwan BO,17660115,Siwani SO,17640005,Bhiwani 1st Sub Division,17530002,Bhiwani Division,17300001,Haryana Circle,BPO,600,
17100820,I2958,HR040203007,Sundrah BO,17660166,Bawania SO,17640036,Mohindergarh Sub division,17530002,Bhiwani Division,17300001,Haryana Circle,BPO,600,
17100768,I2957,HR040203006,Pathera BO,17660166,Bawania SO,17640036,Mohindergarh Sub division,17530002,Bhiwani Division,17300001,Haryana Circle,BPO,600,
17100650,I2956,HR040203005,Jhagroli BO,17660166,Bawania SO,17640036,Mohindergarh Sub division,17530002,Bhiwani Division,17300001,Haryana Circle,BPO,600,
17100587,I2955,HR040203004,Dhana BO,17660166,Bawania SO,17640036,Mohindergarh Sub division,17530002,Bhiwani Division,17300001,Haryana Circle,BPO,600,
17100585,I2954,HR040203003,Dewas BO,17660166,Bawania SO,17640036,Mohindergarh Sub division,17530002,Bhiwani Division,17300001,Haryana Circle,BPO,600,
17100553,I2953,HR040203002,Bhucholi BO,17660166,Bawania SO,17640036,Mohindergarh Sub division,17530002,Bhiwani Division,17300001,Haryana Circle,BPO,600,
17100551,I2952,HR040203001,Bhojawas BO,17660166,Bawania SO,17640036,Mohindergarh Sub division,17530002,Bhiwani Division,17300001,Haryana Circle,BPO,600,
17100416,H9255,HR020104006,Tiwala BO,17660090,Birhi Kalan SO,17640007,Charkhi Dadri Sub Division,17530002,Bhiwani Division,17300001,Haryana Circle,BPO,600,
17100407,H9254,HR020104005,Siswala BO,17660090,Birhi Kalan SO,17640007,Charkhi Dadri Sub Division,17530002,Bhiwani Division,17300001,Haryana Circle,BPO,600,
17100387,H9253,HR020104008,Rasiwas BO,17660090,Birhi Kalan SO,17640007,Charkhi Dadri Sub Division,17530002,Bhiwani Division,17300001,Haryana Circle,BPO,600,
17100357,H9252,HR020104004,Mehera BO,17660090,Birhi Kalan SO,17640007,Charkhi Dadri Sub Division,17530002,Bhiwani Division,17300001,Haryana Circle,BPO,600,
17100290,H9251,HR020104003,Dohka Harya BO,17660090,Birhi Kalan SO,17640007,Charkhi Dadri Sub Division,17530002,Bhiwani Division,17300001,Haryana Circle,BPO,600,
17100265,H9250,HR020104009,Chappar BO,17660090,Birhi Kalan SO,17640007,Charkhi Dadri Sub Division,17530002,Bhiwani Division,17300001,Haryana Circle,BPO,600,
17100242,H9249,HR020104002,Barsana BO,17660090,Birhi Kalan SO,17640007,Charkhi Dadri Sub Division,17530002,Bhiwani Division,17300001,Haryana Circle,BPO,600,
17100234,H9248,HR020104007,Badal BO,17660090,Birhi Kalan SO,17640007,Charkhi Dadri Sub Division,17530002,Bhiwani Division,17300001,Haryana Circle,BPO,600,
17100231,H9247,HR020104001,Atela Khurd BO,17660090,Birhi Kalan SO,17640007,Charkhi Dadri Sub Division,17530002,Bhiwani Division,17300001,Haryana Circle,BPO,600,
17100385,H3228,HR020124009,Rambass BO,17660112,Nihalgard PO,17640007,Charkhi Dadri Sub Division,17530002,Bhiwani Division,17300001,Haryana Circle,BPO,600,
17100380,H3227,HR020124008,Pichopa Kalan BO,17660102,Jhojhu SO,17640007,Charkhi Dadri Sub Division,17530002,Bhiwani Division,17300001,Haryana Circle,BPO,600,
17100375,H3226,HR020124007,Palari BO,17660102,Jhojhu SO,17640007,Charkhi Dadri Sub Division,17530002,Bhiwani Division,17300001,Haryana Circle,BPO,600,
17100369,H3225,HR020124006,Naurangabass Jattan BO,17660102,Jhojhu SO,17640007,Charkhi Dadri Sub Division,17530002,Bhiwani Division,17300001,Haryana Circle,BPO,600,
17100313,H3224,HR020124005,Jawa BO,17660102,Jhojhu SO,17640007,Charkhi Dadri Sub Division,17530002,Bhiwani Division,17300001,Haryana Circle,BPO,600,
17100304,H3223,HR020124004,Gudana Kalan BO,17660102,Jhojhu SO,17640007,Charkhi Dadri Sub Division,17530002,Bhiwani Division,17300001,Haryana Circle,BPO,600,
17100277,H3222,HR020124003,Dhadhi Adampur BO,17660102,Jhojhu SO,17640007,Charkhi Dadri Sub Division,17530002,Bhiwani Division,17300001,Haryana Circle,BPO,600,
17100262,H3221,HR020124002,Chandeni BO,17660102,Jhojhu SO,17640007,Charkhi Dadri Sub Division,17530002,Bhiwani Division,17300001,Haryana Circle,BPO,600,
17100236,H3220,HR020124001,Badhawana BO,17660102,Jhojhu SO,17640007,Charkhi Dadri Sub Division,17530002,Bhiwani Division,17300001,Haryana Circle,BPO,600,
17100233,H3219,HR020124010,Aun BO,17660102,Jhojhu SO,17640007,Charkhi Dadri Sub Division,17530002,Bhiwani Division,17300001,Haryana Circle,BPO,600,
17100822,H0369,HR040221010,Sureti Kalan BO,17660231,Satnali SO,17640036,Mohindergarh Sub division,17530002,Bhiwani Division,17300001,Haryana Circle,BPO,600,
17100805,H0368,HR040221009,Shyampura BO,17660231,Satnali SO,17640036,Mohindergarh Sub division,17530002,Bhiwani Division,17300001,Haryana Circle,BPO,600,
17100753,H0366,HR040221007,Nawan BO,17660231,Satnali SO,17640036,Mohindergarh Sub division,17530002,Bhiwani Division,17300001,Haryana Circle,BPO,600,
17100748,H0365,HR040221006,Nangalmala BO,17660231,Satnali SO,17640036,Mohindergarh Sub division,17530002,Bhiwani Division,17300001,Haryana Circle,BPO,600,
17100712,H0364,HR040221005,Madhogarh BO,17660231,Satnali SO,17640036,Mohindergarh Sub division,17530002,Bhiwani Division,17300001,Haryana Circle,BPO,600,
17100643,H0363,HR040221004,Jarwa BO,17660231,Satnali SO,17640036,Mohindergarh Sub division,17530002,Bhiwani Division,17300001,Haryana Circle,BPO,600,
17100596,H0362,HR040221002,Digrota BO,17660231,Satnali SO,17640036,Mohindergarh Sub division,17530002,Bhiwani Division,17300001,Haryana Circle,BPO,600,
17100578,H0361,HR040221001,Dalanwas BO,17660231,Satnali SO,17640036,Mohindergarh Sub division,17530002,Bhiwani Division,17300001,Haryana Circle,BPO,600,
17100527,H0360,HR040221003,Barda BO,17660231,Satnali SO,17640036,Mohindergarh Sub division,17530002,Bhiwani Division,17300001,Haryana Circle,BPO,600,
17100413,G9004,HR020107006,Surpura Khurd BO,17660089,Behl SO,17640005,Bhiwani 1st Sub Division,17530002,Bhiwani Division,17300001,Haryana Circle,BPO,600,
17100405,G9003,HR020107007,Sidhanwa BO,17660089,Behl SO,17640005,Bhiwani 1st Sub Division,17530002,Bhiwani Division,17300001,Haryana Circle,BPO,600,
17100404,G9002,HR020107008,Serla BO,17660089,Behl SO,17640005,Bhiwani 1st Sub Division,17530002,Bhiwani Division,17300001,Haryana Circle,BPO,600,
17100379,G9001,HR020107005,Patwan BO,17660089,Behl SO,17640005,Bhiwani 1st Sub Division,17530002,Bhiwani Division,17300001,Haryana Circle,BPO,600,
17100372,G9000,HR020107009,Obra BO,17660089,Behl SO,17640005,Bhiwani 1st Sub Division,17530002,Bhiwani Division,17300001,Haryana Circle,BPO,600,
17100371,G8999,HR020107004,Noonsar BO,17660089,Behl SO,17640005,Bhiwani 1st Sub Division,17530002,Bhiwani Division,17300001,Haryana Circle,BPO,600,
17100363,G8998,HR020107001,Morka BO,17660089,Behl SO,17640005,Bhiwani 1st Sub Division,17530002,Bhiwani Division,17300001,Haryana Circle,BPO,600,
17100362,G8997,HR020107002,Mithi BO,17660089,Behl SO,17640005,Bhiwani 1st Sub Division,17530002,Bhiwani Division,17300001,Haryana Circle,BPO,600,
17100355,G8996,HR020107003,Matani BO,17660089,Behl SO,17640005,Bhiwani 1st Sub Division,17530002,Bhiwani Division,17300001,Haryana Circle,BPO,600,
17100336,G7113,HR020133012,Kohar BO,17660085,Bapora SO,17640005,Bhiwani 1st Sub Division,17530002,Bhiwani Division,17300001,Haryana Circle,BPO,600,
17100307,G7112,HR020136004,Haluwas BO,17660111,Neemariwali PO,17640006,Bhiwani 2nd Sub Division,17530002,Bhiwani Division,17300001,Haryana Circle,BPO,600,
17100287,G7111,HR020136001,Dhirana BO,17660111,Neemariwali PO,17640006,Bhiwani 2nd Sub Division,17530002,Bhiwani Division,17300001,Haryana Circle,BPO,600,
17100256,G7110,HR020133009,Biran BO,17660085,Bapora SO,17640005,Bhiwani 1st Sub Division,17530002,Bhiwani Division,17300001,Haryana Circle,BPO,600,
17100808,G6903,HR040209015,Sihore BO,17660196,Kanina SO,17640036,Mohindergarh Sub division,17530002,Bhiwani Division,17300001,Haryana Circle,BPO,600,
17100521,G6902,HR040209001,Baghot BO,17660196,Kanina SO,17640036,Mohindergarh Sub division,17530002,Bhiwani Division,17300001,Haryana Circle,BPO,600,
17100350,G6836,HR020103015,Mandhi Harya BO,17660112,Nihalgard PO,17640007,Charkhi Dadri Sub Division,17530002,Bhiwani Division,17300001,Haryana Circle,BPO,600,
17100340,G6835,HR020103014,Lad BO,17660084,Badhara SO,17640007,Charkhi Dadri Sub Division,17530002,Bhiwani Division,17300001,Haryana Circle,BPO,600,
17100326,G6834,HR020103012,Kario Baniawalij BO,17660084,Badhara SO,17640007,Charkhi Dadri Sub Division,17530002,Bhiwani Division,17300001,Haryana Circle,BPO,600,
17100321,G6833,HR020103011,Kakroli Sardara BO,17660084,Badhara SO,17640007,Charkhi Dadri Sub Division,17530002,Bhiwani Division,17300001,Haryana Circle,BPO,600,
17100237,G6832,HR020103003,Badrai BO,17660112,Nihalgard PO,17640007,Charkhi Dadri Sub Division,17530002,Bhiwani Division,17300001,Haryana Circle,BPO,600,
17100297,G6216,HR020121006,Garanpura Kalan BO,17660117,Tosham SO,17640005,Bhiwani 1st Sub Division,17530002,Bhiwani Division,17300001,Haryana Circle,BPO,600,
17100800,G5053,HR040218005,Sehma BO,17660213,Nangal Sirohi SO,17640012,Narnaul Sub Division,17530002,Bhiwani Division,17300001,Haryana Circle,BPO,600,
17100388,G4112,HR020112004,Ratera BO,17660100,Jamalpur SO Bhiwani,17640005,Bhiwani 1st Sub Division,17530002,Bhiwani Division,17300001,Haryana Circle,BPO,600,
17100252,G4111,HR020112001,Bhurtana BO,17660100,Jamalpur SO Bhiwani,17640005,Bhiwani 1st Sub Division,17530002,Bhiwani Division,17300001,Haryana Circle,BPO,600,
17100347,G3971,HR020102002,Malkosh BO,17660087,Baund SO,17640007,Charkhi Dadri Sub Division,17530002,Bhiwani Division,17300001,Haryana Circle,BPO,600,
17100370,G3119,HR020110009,Neemli BO,17660095,Charkhi Dadri Hsgii SO,17640007,Charkhi Dadri Sub Division,17530002,Bhiwani Division,17300001,Haryana Circle,BPO,600,
17100299,G3118,HR020110004,Ghasola BO,17660095,Charkhi Dadri Hsgii SO,17640007,Charkhi Dadri Sub Division,17530002,Bhiwani Division,17300001,Haryana Circle,BPO,600,
17100755,G3096,HR040200027,Neerpur BO,17360006,Narnaul HO,17640012,Narnaul Sub Division,17530002,Bhiwani Division,17300001,Haryana Circle,BPO,600,
17100600,G3095,HR040200013,Dublana BO,17360006,Narnaul HO,17640012,Narnaul Sub Division,17530002,Bhiwani Division,17300001,Haryana Circle,BPO,600,
17100597,G3094,HR040200011,Dochana BO,17360006,Narnaul HO,17640012,Narnaul Sub Division,17530002,Bhiwani Division,17300001,Haryana Circle,BPO,600,
17100528,G3093,HR040200003,Barkoda BO,17360006,Narnaul HO,17640012,Narnaul Sub Division,17530002,Bhiwani Division,17300001,Haryana Circle,BPO,600,
17100235,G2046,HR020122001,Badesera BO,17660116,Tigrana SO,17640006,Bhiwani 2nd Sub Division,17530002,Bhiwani Division,17300001,Haryana Circle,BPO,600,
17100360,G1000,HR020120001,Misri BO,17660114,Sanwar SO Bhiwani,17640007,Charkhi Dadri Sub Division,17530002,Bhiwani Division,17300001,Haryana Circle,BPO,600,
17100806,F8351,HR040209016,Siana BO,17660196,Kanina SO,17640036,Mohindergarh Sub division,17530002,Bhiwani Division,17300001,Haryana Circle,BPO,600,
17100773,F8350,HR040209011,Pota BO,17660196,Kanina SO,17640036,Mohindergarh Sub division,17530002,Bhiwani Division,17300001,Haryana Circle,BPO,600,
17100697,F8349,HR040209009,Kotia BO,17660196,Kanina SO,17640036,Mohindergarh Sub division,17530002,Bhiwani Division,17300001,Haryana Circle,BPO,600,
17100368,F8283,HR020103016,Nandha BO,17660084,Badhara SO,17640007,Charkhi Dadri Sub Division,17530002,Bhiwani Division,17300001,Haryana Circle,BPO,600,
17100325,F8282,HR020103013,Kari Dharani BO,17660084,Badhara SO,17640007,Charkhi Dadri Sub Division,17530002,Bhiwani Division,17300001,Haryana Circle,BPO,600,
17100314,F8281,HR020103009,Jewali BO,17660084,Badhara SO,17640007,Charkhi Dadri Sub Division,17530002,Bhiwani Division,17300001,Haryana Circle,BPO,600,
17100270,F8280,HR020103006,Dalawas BO,17660084,Badhara SO,17640007,Charkhi Dadri Sub Division,17530002,Bhiwani Division,17300001,Haryana Circle,BPO,600,
17100245,F8279,HR020103002,Berla BO,17660112,Nihalgard PO,17640007,Charkhi Dadri Sub Division,17530002,Bhiwani Division,17300001,Haryana Circle,BPO,600,
17100229,F8278,HR020103001,Arya Nagar BO,17660084,Badhara SO,17640007,Charkhi Dadri Sub Division,17530002,Bhiwani Division,17300001,Haryana Circle,BPO,600,
17100316,F7828,HR020101003,Jhijhar BO,17660083,Achina SO,17640007,Charkhi Dadri Sub Division,17530002,Bhiwani Division,17300001,Haryana Circle,BPO,600,
17100757,F6456,HR040218004,Nihalawas BO,17660213,Nangal Sirohi SO,17640012,Narnaul Sub Division,17530002,Bhiwani Division,17300001,Haryana Circle,BPO,600,
17100523,F6455,HR040218001,Bairawas BO,17660213,Nangal Sirohi SO,17640012,Narnaul Sub Division,17530002,Bhiwani Division,17300001,Haryana Circle,BPO,600,
17100392,F5581,HR020112005,Rohnat BO,17660100,Jamalpur SO Bhiwani,17640005,Bhiwani 1st Sub Division,17530002,Bhiwani Division,17300001,Haryana Circle,BPO,600,
17100402,F4634,HR020110012,Sarupgarh BO,17660095,Charkhi Dadri Hsgii SO,17640007,Charkhi Dadri Sub Division,17530002,Bhiwani Division,17300001,Haryana Circle,BPO,600,
17100389,F4633,HR020110011,Rawaldhi BO,17660095,Charkhi Dadri Hsgii SO,17640007,Charkhi Dadri Sub Division,17530002,Bhiwani Division,17300001,Haryana Circle,BPO,600,
17100776,F4602,HR040200029,Raghunathpura BO,17360006,Narnaul HO,17640012,Narnaul Sub Division,17530002,Bhiwani Division,17300001,Haryana Circle,BPO,600,
17100760,F4601,HR040200028,Nizampur RS BO,17360006,Narnaul HO,17640012,Narnaul Sub Division,17530002,Bhiwani Division,17300001,Haryana Circle,BPO,600,
17100699,F4600,HR040200022,Kultazpur BO,17360006,Narnaul HO,17640012,Narnaul Sub Division,17530002,Bhiwani Division,17300001,Haryana Circle,BPO,600,
17100668,F4599,HR040200020,Kanwi BO,17360006,Narnaul HO,17640012,Narnaul Sub Division,17530002,Bhiwani Division,17300001,Haryana Circle,BPO,600,
17100633,F4598,HR040200016,Hudina BO,17360006,Narnaul HO,17640012,Narnaul Sub Division,17530002,Bhiwani Division,17300001,Haryana Circle,BPO,600,
17100592,F4597,HR040200010,Dharson BO,17360006,Narnaul HO,17640012,Narnaul Sub Division,17530002,Bhiwani Division,17300001,Haryana Circle,BPO,600,
17100574,F4596,HR040200008,Chillro BO,17360006,Narnaul HO,17640012,Narnaul Sub Division,17530002,Bhiwani Division,17300001,Haryana Circle,BPO,600,
17100514,F4595,HR040200002,Azamabad Mukhota BO,17360006,Narnaul HO,17640012,Narnaul Sub Division,17530002,Bhiwani Division,17300001,Haryana Circle,BPO,600,
17100412,F3606,HR020114007,Sungarpur BO,17660104,Kairu SO,17640005,Bhiwani 1st Sub Division,17530002,Bhiwani Division,17300001,Haryana Circle,BPO,600,
17100354,F3605,HR020114006,Mansarbass BO,17660104,Kairu SO,17640005,Bhiwani 1st Sub Division,17530002,Bhiwani Division,17300001,Haryana Circle,BPO,600,
17100261,F3604,HR020114001,Chandawas BO,17660104,Kairu SO,17640005,Bhiwani 1st Sub Division,17530002,Bhiwani Division,17300001,Haryana Circle,BPO,600,
17100400,F2537,HR020120002,Sankror BO,17660114,Sanwar SO Bhiwani,17640007,Charkhi Dadri Sub Division,17530002,Bhiwani Division,17300001,Haryana Circle,BPO,600,
17100367,F0144,HR020136006,Nandgaon BO,17660111,Neemariwali PO,17640006,Bhiwani 2nd Sub Division,17530002,Bhiwani Division,17300001,Haryana Circle,BPO,600,
17100238,F0143,HR020133008,Bajina BO,17660085,Bapora SO,17640005,Bhiwani 1st Sub Division,17530002,Bhiwani Division,17300001,Haryana Circle,BPO,600,
17100799,E9940,HR040209014,Sehlang BO,17660196,Kanina SO,17640036,Mohindergarh Sub division,17530002,Bhiwani Division,17300001,Haryana Circle,BPO,600,
17100752,E9939,HR040209010,Nautana BO,17660196,Kanina SO,17640036,Mohindergarh Sub division,17530002,Bhiwani Division,17300001,Haryana Circle,BPO,600,
17100628,E9938,HR040209005,Gurha BO,17660196,Kanina SO,17640036,Mohindergarh Sub division,17530002,Bhiwani Division,17300001,Haryana Circle,BPO,600,
17100546,E9937,HR040209002,Bharaf BO,17660196,Kanina SO,17640036,Mohindergarh Sub division,17530002,Bhiwani Division,17300001,Haryana Circle,BPO,600,
17100269,E9884,HR020103005,Dagroli BO,17660112,Nihalgard PO,17640007,Charkhi Dadri Sub Division,17530002,Bhiwani Division,17300001,Haryana Circle,BPO,600,
17100377,E7196,HR020112003,Paposa BO,17660100,Jamalpur SO Bhiwani,17640005,Bhiwani 1st Sub Division,17530002,Bhiwani Division,17300001,Haryana Circle,BPO,600,
17100334,E7195,HR020112002,Kirawar BO,17660100,Jamalpur SO Bhiwani,17640005,Bhiwani 1st Sub Division,17530002,Bhiwani Division,17300001,Haryana Circle,BPO,600,
17100353,E6273,HR020110008,Mankawas BO,17660095,Charkhi Dadri Hsgii SO,17640007,Charkhi Dadri Sub Division,17530002,Bhiwani Division,17300001,Haryana Circle,BPO,600,
17100662,E6244,HR040200017,Kamania BO,17360006,Narnaul HO,17640012,Narnaul Sub Division,17530002,Bhiwani Division,17300001,Haryana Circle,BPO,600,
17100595,E6243,HR040200012,Dhor Kalan BO,17360006,Narnaul HO,17640012,Narnaul Sub Division,17530002,Bhiwani Division,17300001,Haryana Circle,BPO,600,
17100361,E5320,HR020122004,Mitathal BO,17660116,Tigrana SO,17640006,Bhiwani 2nd Sub Division,17530002,Bhiwani Division,17300001,Haryana Circle,BPO,600,
17100343,E5319,HR020114005,Lohani BO,17660104,Kairu SO,17640005,Bhiwani 1st Sub Division,17530002,Bhiwani Division,17300001,Haryana Circle,BPO,600,
17100386,E4234,HR020120004,Ranila BO,17660114,Sanwar SO Bhiwani,17640007,Charkhi Dadri Sub Division,17530002,Bhiwani Division,17300001,Haryana Circle,BPO,600,
17100289,E1758,HR020133011,Dinod BO,17660085,Bapora SO,17640005,Bhiwani 1st Sub Division,17530002,Bhiwani Division,17300001,Haryana Circle,BPO,600,
17100279,E1757,HR020136003,Dhana Ladan Pur BO,17660111,Neemariwali PO,17640006,Bhiwani 2nd Sub Division,17530002,Bhiwani Division,17300001,Haryana Circle,BPO,600,
17100685,E1552,HR040209008,Kheri BO,17660196,Kanina SO,17640036,Mohindergarh Sub division,17530002,Bhiwani Division,17300001,Haryana Circle,BPO,600,
17100255,E1022,HR020101001,Bigowa BO,17660083,Achina SO,17640007,Charkhi Dadri Sub Division,17530002,Bhiwani Division,17300001,Haryana Circle,BPO,600,
17100415,E0831,HR020121012,Thilod BO,17660117,Tosham SO,17640005,Bhiwani 1st Sub Division,17530002,Bhiwani Division,17300001,Haryana Circle,BPO,600,
17100268,E0830,HR020121002,Dadam BO,17660117,Tosham SO,17640005,Bhiwani 1st Sub Division,17530002,Bhiwani Division,17300001,Haryana Circle,BPO,600,
17100356,E0620,HR020108003,Mauri BO,17660097,Chiriya SO,17640007,Charkhi Dadri Sub Division,17530002,Bhiwani Division,17300001,Haryana Circle,BPO,600,
17100696,D9660,HR040218003,Kothal Khurd BO,17660213,Nangal Sirohi SO,17640012,Narnaul Sub Division,17530002,Bhiwani Division,17300001,Haryana Circle,BPO,600,
17100232,D8690,HR020102001,Aun BO,17660087,Baund SO,17640007,Charkhi Dadri Sub Division,17530002,Bhiwani Division,17300001,Haryana Circle,BPO,600,
17100373,D7911,HR020110010,Paitawas Kalan BO,17660095,Charkhi Dadri Hsgii SO,17640007,Charkhi Dadri Sub Division,17530002,Bhiwani Division,17300001,Haryana Circle,BPO,600,
17100332,D7910,HR020110006,Kheri Bura BO,17660095,Charkhi Dadri Hsgii SO,17640007,Charkhi Dadri Sub Division,17530002,Bhiwani Division,17300001,Haryana Circle,BPO,600,
17100718,D7885,HR040200024,Mandi BO,17360006,Narnaul HO,17640012,Narnaul Sub Division,17530002,Bhiwani Division,17300001,Haryana Circle,BPO,600,
17100694,D7884,HR040200019,Koriawas BO,17360006,Narnaul HO,17640012,Narnaul Sub Division,17530002,Bhiwani Division,17300001,Haryana Circle,BPO,600,
17100309,D6983,HR020114003,Hetampura BO,17660104,Kairu SO,17640005,Bhiwani 1st Sub Division,17530002,Bhiwani Division,17300001,Haryana Circle,BPO,600,
17100272,D3474,HR020133010,Dang BO,17660085,Bapora SO,17640005,Bhiwani 1st Sub Division,17530002,Bhiwani Division,17300001,Haryana Circle,BPO,600,
17100588,D3243,HR040209004,Dhanaunda BO,17660196,Kanina SO,17640036,Mohindergarh Sub division,17530002,Bhiwani Division,17300001,Haryana Circle,BPO,600,
17100576,D3242,HR040209003,Chitrauli BO,17660196,Kanina SO,17640036,Mohindergarh Sub division,17530002,Bhiwani Division,17300001,Haryana Circle,BPO,600,
17100319,D3181,HR020103010,Kadma BO,17660112,Nihalgard PO,17640007,Charkhi Dadri Sub Division,17530002,Bhiwani Division,17300001,Haryana Circle,BPO,600,
17100580,D1373,HR040218002,Daroli Ahir BO,17660213,Nangal Sirohi SO,17640012,Narnaul Sub Division,17530002,Bhiwani Division,17300001,Haryana Circle,BPO,600,
17100310,C9481,HR020110005,Imlota BO,17660095,Charkhi Dadri Hsgii SO,17640007,Charkhi Dadri Sub Division,17530002,Bhiwani Division,17300001,Haryana Circle,BPO,600,
17100698,C9449,HR040200021,Krishan Nagar BO,17360006,Narnaul HO,17640012,Narnaul Sub Division,17530002,Bhiwani Division,17300001,Haryana Circle,BPO,600,
17100630,C9448,HR040200015,Hamidpur BO,17360006,Narnaul HO,17640012,Narnaul Sub Division,17530002,Bhiwani Division,17300001,Haryana Circle,BPO,600,
17100555,C9447,HR040200006,Bhushan Kalan BO,17360006,Narnaul HO,17640012,Narnaul Sub Division,17530002,Bhiwani Division,17300001,Haryana Circle,BPO,600,
17100341,C8495,HR020114004,Leghan BO,17660104,Kairu SO,17640005,Bhiwani 1st Sub Division,17530002,Bhiwani Division,17300001,Haryana Circle,BPO,600,
17100339,C8494,HR020114008,Kusumbhi BO,17660104,Kairu SO,17640005,Bhiwani 1st Sub Division,17530002,Bhiwani Division,17300001,Haryana Circle,BPO,600,
17100660,C4905,HR040209006,Kakrola BO,17660196,Kanina SO,17640036,Mohindergarh Sub division,17530002,Bhiwani Division,17300001,Haryana Circle,BPO,600,
17100263,C4847,HR020103004,Chandwas BO,17660084,Badhara SO,17640007,Charkhi Dadri Sub Division,17530002,Bhiwani Division,17300001,Haryana Circle,BPO,600,
17100247,C4405,HR020101002,Bhagwi BO,17660083,Achina SO,17640007,Charkhi Dadri Sub Division,17530002,Bhiwani Division,17300001,Haryana Circle,BPO,600,
17100394,C4195,HR020121011,Sagban BO,17660117,Tosham SO,17640005,Bhiwani 1st Sub Division,17530002,Bhiwani Division,17300001,Haryana Circle,BPO,600,
17100391,C4194,HR020121010,Riwasa BO,17660117,Tosham SO,17640005,Bhiwani 1st Sub Division,17530002,Bhiwani Division,17300001,Haryana Circle,BPO,600,
17100330,C4193,HR020121008,Kharkhari Sohan BO,17660117,Tosham SO,17640005,Bhiwani 1st Sub Division,17530002,Bhiwani Division,17300001,Haryana Circle,BPO,600,
17100273,C4192,HR020121005,Daryapur BO,17660117,Tosham SO,17640005,Bhiwani 1st Sub Division,17530002,Bhiwani Division,17300001,Haryana Circle,BPO,600,
17100264,C4009,HR020108001,Chang Road BO,17660097,Chiriya SO,17640007,Charkhi Dadri Sub Division,17530002,Bhiwani Division,17300001,Haryana Circle,BPO,600,
17100284,C1168,HR020110002,Dhani Phogat BO,17660095,Charkhi Dadri Hsgii SO,17640007,Charkhi Dadri Sub Division,17530002,Bhiwani Division,17300001,Haryana Circle,BPO,600,
17100533,C1131,HR040200004,Bashirpur BO,17360006,Narnaul HO,17640012,Narnaul Sub Division,17530002,Bhiwani Division,17300001,Haryana Circle,BPO,600,
17100382,C0231,HR020122005,Premnagar BO,17660116,Tigrana SO,17640006,Bhiwani 2nd Sub Division,17530002,Bhiwani Division,17300001,Haryana Circle,BPO,600,
17100280,C0230,HR020122002,Dhanana BO,17660116,Tigrana SO,17640006,Bhiwani 2nd Sub Division,17530002,Bhiwani Division,17300001,Haryana Circle,BPO,600,
17100274,C0229,HR020114002,Devrala BO,17660104,Kairu SO,17640005,Bhiwani 1st Sub Division,17530002,Bhiwani Division,17300001,Haryana Circle,BPO,600,
17100399,B9153,HR020120003,Sanjarwas BO,17660114,Sanwar SO Bhiwani,17640007,Charkhi Dadri Sub Division,17530002,Bhiwani Division,17300001,Haryana Circle,BPO,600,
17100393,B6665,HR020136002,Roopgarh BO,17660111,Neemariwali PO,17640006,Bhiwani 2nd Sub Division,17530002,Bhiwani Division,17300001,Haryana Circle,BPO,600,
17100384,B6664,HR020136005,Rajgarh BO,17660111,Neemariwali PO,17640006,Bhiwani 2nd Sub Division,17530002,Bhiwani Division,17300001,Haryana Circle,BPO,600,
17100275,B6663,HR020133002,Devsar BO,17660085,Bapora SO,17640005,Bhiwani 1st Sub Division,17530002,Bhiwani Division,17300001,Haryana Circle,BPO,600,
17100780,B6462,HR040209012,Rambas BO,17660196,Kanina SO,17640036,Mohindergarh Sub division,17530002,Bhiwani Division,17300001,Haryana Circle,BPO,600,
17100364,B5941,HR020101005,Morwala BO,17660083,Achina SO,17640007,Charkhi Dadri Sub Division,17530002,Bhiwani Division,17300001,Haryana Circle,BPO,600,
17100345,B5940,HR020101004,Loharwara BO,17660083,Achina SO,17640007,Charkhi Dadri Sub Division,17530002,Bhiwani Division,17300001,Haryana Circle,BPO,600,
17100292,B5739,HR020121004,Dulheri BO,17660117,Tosham SO,17640005,Bhiwani 1st Sub Division,17530002,Bhiwani Division,17300001,Haryana Circle,BPO,600,
17100282,B5738,HR020121003,Dhani Mahu BO,17660117,Tosham SO,17640005,Bhiwani 1st Sub Division,17530002,Bhiwani Division,17300001,Haryana Circle,BPO,600,
17100346,B5571,HR020108004,Makrana BO,17660097,Chiriya SO,17640007,Charkhi Dadri Sub Division,17530002,Bhiwani Division,17300001,Haryana Circle,BPO,600,
17100291,B5570,HR020108002,Dudhwa BO,17660097,Chiriya SO,17640007,Charkhi Dadri Sub Division,17530002,Bhiwani Division,17300001,Haryana Circle,BPO,600,
17100396,B2734,HR020110013,Samaspur BO,17660095,Charkhi Dadri Hsgii SO,17640007,Charkhi Dadri Sub Division,17530002,Bhiwani Division,17300001,Haryana Circle,BPO,600,
17100324,B2733,HR020110007,Kalyana BO,17660095,Charkhi Dadri Hsgii SO,17640007,Charkhi Dadri Sub Division,17530002,Bhiwani Division,17300001,Haryana Circle,BPO,600,
17100267,B2732,HR020110001,Charkhi BO,17660095,Charkhi Dadri Hsgii SO,17640007,Charkhi Dadri Sub Division,17530002,Bhiwani Division,17300001,Haryana Circle,BPO,600,
17100744,B2702,HR040200026,Nangal Katha BO,17360006,Narnaul HO,17640012,Narnaul Sub Division,17530002,Bhiwani Division,17300001,Haryana Circle,BPO,600,
17100711,B2701,HR040200023,Madhana Kalan BO,17360006,Narnaul HO,17640012,Narnaul Sub Division,17530002,Bhiwani Division,17300001,Haryana Circle,BPO,600,
17100674,B2700,HR040200018,Karota BO,17360006,Narnaul HO,17640012,Narnaul Sub Division,17530002,Bhiwani Division,17300001,Haryana Circle,BPO,600,
17100411,B1794,HR020122006,Sui BO,17660116,Tigrana SO,17640006,Bhiwani 2nd Sub Division,17530002,Bhiwani Division,17300001,Haryana Circle,BPO,600,
17100376,B1793,HR020122007,Paluwas BO,17660116,Tigrana SO,17640006,Bhiwani 2nd Sub Division,17530002,Bhiwani Division,17300001,Haryana Circle,BPO,600,
17100823,AU194,0,SURJANWAS,17660166,Bawania SO,17640036,Mohindergarh Sub division,17530002,Bhiwani Division,17300001,Haryana Circle,BPO,600,
17100288,AT275,0,DHULKOT,17660115,Siwani SO,17640005,Bhiwani 1st Sub Division,17530002,Bhiwani Division,17300001,Haryana Circle,BPO,600,
17100401,AK762,0,Sarangpur B.O,17660090,Birhi Kalan SO,17640007,Charkhi Dadri Sub Division,17530002,Bhiwani Division,17300001,Haryana Circle,BPO,600,
17100749,AK417,HR040221011,Nangla BO,17660231,Satnali SO,17640036,Mohindergarh Sub division,17530002,Bhiwani Division,17300001,Haryana Circle,BPO,600,
17100374,AK111,HR040000455,Paju BO,17660107,Loharu SO,17640006,Bhiwani 2nd Sub Division,17530002,Bhiwani Division,17300001,Haryana Circle,BPO,600,
17100333,AK110,HR020103017,Khorda BO,17660084,Badhara SO,17640007,Charkhi Dadri Sub Division,17530002,Bhiwani Division,17300001,Haryana Circle,BPO,600,
17100783,A8024,HR040209013,Rasoolpur BO,17660196,Kanina SO,17640036,Mohindergarh Sub division,17530002,Bhiwani Division,17300001,Haryana Circle,BPO,600,
17100663,A8023,HR040209007,Kanina Mandi BO,17660196,Kanina SO,17640036,Mohindergarh Sub division,17530002,Bhiwani Division,17300001,Haryana Circle,BPO,600,
17100308,A7955,HR020103008,Harodi BO,17660112,Nihalgard PO,17640007,Charkhi Dadri Sub Division,17530002,Bhiwani Division,17300001,Haryana Circle,BPO,600,
17100303,A7954,HR020103007,Gopi BO,17660084,Badhara SO,17640007,Charkhi Dadri Sub Division,17530002,Bhiwani Division,17300001,Haryana Circle,BPO,600,
17100246,A7531,HR020101006,Bhagesari BO,17660083,Achina SO,17640007,Charkhi Dadri Sub Division,17530002,Bhiwani Division,17300001,Haryana Circle,BPO,600,
17100328,A7314,HR020121009,Khanak BO,17660117,Tosham SO,17640005,Bhiwani 1st Sub Division,17530002,Bhiwani Division,17300001,Haryana Circle,BPO,600,
17100266,A7312,HR020121001,Chappar Rangran BO,17660117,Tosham SO,17640005,Bhiwani 1st Sub Division,17530002,Bhiwani Division,17300001,Haryana Circle,BPO,600,
17100278,A4270,HR020110003,Dhadhi Mandola BO,17660095,Charkhi Dadri Hsgii SO,17640007,Charkhi Dadri Sub Division,17530002,Bhiwani Division,17300001,Haryana Circle,BPO,600,
17100591,A4231,HR040200009,Dhanota BO,17360006,Narnaul HO,17640012,Narnaul Sub Division,17530002,Bhiwani Division,17300001,Haryana Circle,BPO,600,
17100305,A3298,HR020122003,Gujrani BO,17660116,Tigrana SO,17640006,Bhiwani 2nd Sub Division,17530002,Bhiwani Division,17300001,Haryana Circle,BPO,600,
17660112,12731201,HR020137000,Nihalgard PO,17360006,Narnaul HO,17640007,Charkhi Dadri Sub Division,17530002,Bhiwani Division,17300001,Haryana Circle,SPO,1200,
17660111,12731101,HR020136000,Neemariwali PO,17360003,Bhiwani HO,17640006,Bhiwani 2nd Sub Division,17530002,Bhiwani Division,17300001,Haryana Circle,SPO,1200,
17660102,12731001,HR020124000,Jhojhu SO,17360006,Narnaul HO,17640007,Charkhi Dadri Sub Division,17530002,Bhiwani Division,17300001,Haryana Circle,SPO,2640,
17660108,12730901,HR020116000,Manheru SO,17360003,Bhiwani HO,17640006,Bhiwani 2nd Sub Division,17530002,Bhiwani Division,17300001,Haryana Circle,SPO,1200,
17660084,12730801,HR020103000,Badhara SO,17360006,Narnaul HO,17640007,Charkhi Dadri Sub Division,17530002,Bhiwani Division,17300001,Haryana Circle,SPO,1800,
17660083,12730701,HR020101000,Achina SO,17360006,Narnaul HO,17640007,Charkhi Dadri Sub Division,17530002,Bhiwani Division,17300001,Haryana Circle,SPO,1200,
17660101,12730603,HR020132000,Janta College Charkhi Dadri SO,17360006,Narnaul HO,17640007,Charkhi Dadri Sub Division,17530002,Bhiwani Division,17300001,Haryana Circle,SPO,1200,
17660096,12730602,HR020135000,Charkhi Dadri City SO,17360006,Narnaul HO,17640007,Charkhi Dadri Sub Division,17530002,Bhiwani Division,17300001,Haryana Circle,SPO,1800,
17660095,12730601,HR020110000,Charkhi Dadri Hsgii SO,17360006,Narnaul HO,17640007,Charkhi Dadri Sub Division,17530002,Bhiwani Division,17300001,Haryana Circle,SPO,3600,
17660107,12720101,HR020115000,Loharu SO,17360003,Bhiwani HO,17640006,Bhiwani 2nd Sub Division,17530002,Bhiwani Division,17300001,Haryana Circle,SPO,3600,
17660105,12711401,HR020123000,Kharak Kalan SO,17360003,Bhiwani HO,17640006,Bhiwani 2nd Sub Division,17530002,Bhiwani Division,17300001,Haryana Circle,SPO,1200,
17660085,12711101,HR020133000,Bapora SO,17360003,Bhiwani HO,17640005,Bhiwani 1st Sub Division,17530002,Bhiwani Division,17300001,Haryana Circle,SPO,1200,
17660115,12704601,HR020119000,Siwani SO,17360003,Bhiwani HO,17640005,Bhiwani 1st Sub Division,17530002,Bhiwani Division,17300001,Haryana Circle,SPO,2640,
17660086,12704501,HR020105000,Barwa SO,17360003,Bhiwani HO,17640005,Bhiwani 1st Sub Division,17530002,Bhiwani Division,17300001,Haryana Circle,SPO,1200,
17660113,12704301,HR020118000,Rodhan SO,17360003,Bhiwani HO,17640005,Bhiwani 1st Sub Division,17530002,Bhiwani Division,17300001,Haryana Circle,SPO,1200,
17660114,12704201,HR020120000,Sanwar SO Bhiwani,17360006,Narnaul HO,17640007,Charkhi Dadri Sub Division,17530002,Bhiwani Division,17300001,Haryana Circle,SPO,1200,
17660110,12704101,HR020117000,Mundhal Khurd SO,17360003,Bhiwani HO,17640006,Bhiwani 2nd Sub Division,17530002,Bhiwani Division,17300001,Haryana Circle,SPO,1200,
17660117,12704001,HR020121000,Tosham SO,17360003,Bhiwani HO,17640005,Bhiwani 1st Sub Division,17530002,Bhiwani Division,17300001,Haryana Circle,SPO,2640,
17660100,12703501,HR020112000,Jamalpur SO Bhiwani,17360003,Bhiwani HO,17640005,Bhiwani 1st Sub Division,17530002,Bhiwani Division,17300001,Haryana Circle,SPO,1200,
17660088,12703201,HR020106000,Bawani Khera SO,17360003,Bhiwani HO,17640006,Bhiwani 2nd Sub Division,17530002,Bhiwani Division,17300001,Haryana Circle,SPO,1800,
17660116,12703101,HR020122000,Tigrana SO,17360003,Bhiwani HO,17640006,Bhiwani 2nd Sub Division,17530002,Bhiwani Division,17300001,Haryana Circle,SPO,1800,
17660103,12703001,HR020113000,Jui Khurd SO,17360003,Bhiwani HO,17640006,Bhiwani 2nd Sub Division,17530002,Bhiwani Division,17300001,Haryana Circle,SPO,1800,
17660104,12702901,HR020114000,Kairu SO,17360003,Bhiwani HO,17640005,Bhiwani 1st Sub Division,17530002,Bhiwani Division,17300001,Haryana Circle,SPO,1200,
17660089,12702801,HR020107000,Behl SO,17360003,Bhiwani HO,17640005,Bhiwani 1st Sub Division,17530002,Bhiwani Division,17300001,Haryana Circle,SPO,1800,
17660094,12702701,HR020109000,Chang SO,17360003,Bhiwani HO,17640006,Bhiwani 2nd Sub Division,17530002,Bhiwani Division,17300001,Haryana Circle,SPO,1200,
17660090,12702601,HR020104000,Birhi Kalan SO,17360006,Narnaul HO,17640007,Charkhi Dadri Sub Division,17530002,Bhiwani Division,17300001,Haryana Circle,SPO,1200,
17660087,12702501,HR020102000,Baund SO,17360006,Narnaul HO,17640007,Charkhi Dadri Sub Division,17530002,Bhiwani Division,17300001,Haryana Circle,SPO,1200,
17660097,12702201,HR020108000,Chiriya SO,17360006,Narnaul HO,17640007,Charkhi Dadri Sub Division,17530002,Bhiwani Division,17300001,Haryana Circle,SPO,1200,
17660109,12702107,HR020125000,Mini Sect Bhiwani SO,17360003,Bhiwani HO,17640006,Bhiwani 2nd Sub Division,17530002,Bhiwani Division,17300001,Haryana Circle,SPO,1800,
17660106,12702106,HR020131000,Lohar Bazar SO,17360003,Bhiwani HO,17640005,Bhiwani 1st Sub Division,17530002,Bhiwani Division,17300001,Haryana Circle,SPO,1200,
17660099,12702105,HR020126000,Jalan Hospital Bhiwani SO,17360003,Bhiwani HO,17640005,Bhiwani 1st Sub Division,17530002,Bhiwani Division,17300001,Haryana Circle,SPO,1200,
17660098,12702104,HR020130000,Halu Bajar Bhiwani SO,17360003,Bhiwani HO,17640005,Bhiwani 1st Sub Division,17530002,Bhiwani Division,17300001,Haryana Circle,SPO,1800,
17660093,12702103,HR020127000,Bus Stand Bhiwani SO,17360003,Bhiwani HO,17640006,Bhiwani 2nd Sub Division,17530002,Bhiwani Division,17300001,Haryana Circle,SPO,1200,
17660092,12702102,HR020128000,Bseh Bhiwani SO,17360003,Bhiwani HO,17640005,Bhiwani 1st Sub Division,17530002,Bhiwani Division,17300001,Haryana Circle,SPO,2640,
17660091,12702101,HR020129000,Birla Colony Bhiwani SO,17360003,Bhiwani HO,17640005,Bhiwani 1st Sub Division,17530002,Bhiwani Division,17300001,Haryana Circle,SPO,1200,
17360003,12702100,HR020100000,Bhiwani HO,17360003,Bhiwani HO,17640006,Bhiwani 2nd Sub Division,17530002,Bhiwani Division,17300001,Haryana Circle,HPO,10200,
17660166,12303401,HR040203000,Bawania SO,17360006,Narnaul HO,17640036,Mohindergarh Sub division,17530002,Bhiwani Division,17300001,Haryana Circle,SPO,1200,
17660169,12303101,HR040230000,Central University Haryana Mohindergarh SO,17360006,Narnaul HO,17640036,Mohindergarh Sub division,17530002,Bhiwani Division,17300001,Haryana Circle,SPO,1200,
17660209,12302901,HR040215000,Mohindergarh SO,17360006,Narnaul HO,17640036,Mohindergarh Sub division,17530002,Bhiwani Division,17300001,Haryana Circle,SPO,3600,
17660213,12302801,HR040218000,Nangal Sirohi SO,17360006,Narnaul HO,17640012,Narnaul Sub Division,17530002,Bhiwani Division,17300001,Haryana Circle,SPO,1800,
17660196,12302701,HR040209000,Kanina SO,17360006,Narnaul HO,17640036,Mohindergarh Sub division,17530002,Bhiwani Division,17300001,Haryana Circle,SPO,3600,
17660231,12302401,HR040221000,Satnali SO,17360006,Narnaul HO,17640036,Mohindergarh Sub division,17530002,Bhiwani Division,17300001,Haryana Circle,SPO,1800,
17660212,12302301,HR040217000,Nangal Chaudhry SO,17360006,Narnaul HO,17640012,Narnaul Sub Division,17530002,Bhiwani Division,17300001,Haryana Circle,SPO,1800,
17660204,12302101,HR040214000,Mandi Ateli SO,17360006,Narnaul HO,17640012,Narnaul Sub Division,17530002,Bhiwani Division,17300001,Haryana Circle,SPO,3600,
17660216,12300103,HR040225000,Narnaul Kty SO,17360006,Narnaul HO,17640012,Narnaul Sub Division,17530002,Bhiwani Division,17300001,Haryana Circle,SPO,1800,
17660215,12300102,HR040224000,Narnaul City SO,17360006,Narnaul HO,17640012,Narnaul Sub Division,17530002,Bhiwani Division,17300001,Haryana Circle,SPO,1800,
17660207,12300101,HR040227000,Mini SecttNarnaul SO,17360006,Narnaul HO,17640012,Narnaul Sub Division,17530002,Bhiwani Division,17300001,Haryana Circle,SPO,1200,
17360006,12300100,HR040200000,Narnaul HO,17360006,Narnaul HO,17640012,Narnaul Sub Division,17530002,Bhiwani Division,17300001,Haryana Circle,HPO,10200,
17100813,N8598,HR040118013,Singar BO,17660228,Punhana SO,17640009,Faridabad West Sub Division,17530003,Faridabad Division,17300001,Haryana Circle,BPO,600,
17100812,N8597,HR040118012,Sikrawa BO,17660228,Punhana SO,17640009,Faridabad West Sub Division,17530003,Faridabad Division,17300001,Haryana Circle,BPO,600,
17100809,N8596,HR040118014,Sihri Singhalheri BO,17660228,Punhana SO,17640009,Faridabad West Sub Division,17530003,Faridabad Division,17300001,Haryana Circle,BPO,600,
17100802,N8595,HR040118011,Shahchokha BO,17660228,Punhana SO,17640009,Faridabad West Sub Division,17530003,Faridabad Division,17300001,Haryana Circle,BPO,600,
17100788,N8594,HR040118010,Rethath BO,17660228,Punhana SO,17640009,Faridabad West Sub Division,17530003,Faridabad Division,17300001,Haryana Circle,BPO,600,
17100771,N8593,HR040118009,Pingwan BO,17660228,Punhana SO,17640009,Faridabad West Sub Division,17530003,Faridabad Division,17300001,Haryana Circle,BPO,600,
17100739,N8592,HR040118008,Nai BO,17660228,Punhana SO,17640009,Faridabad West Sub Division,17530003,Faridabad Division,17300001,Haryana Circle,BPO,600,
17100738,N8591,HR040118007,Naheda BO,17660228,Punhana SO,17640009,Faridabad West Sub Division,17530003,Faridabad Division,17300001,Haryana Circle,BPO,600,
17100707,N8590,HR040118006,Lohinga Kalan BO,17660228,Punhana SO,17640009,Faridabad West Sub Division,17530003,Faridabad Division,17300001,Haryana Circle,BPO,600,
17100680,N8589,HR040118016,Khanpur Ghati BO,17660228,Punhana SO,17640009,Faridabad West Sub Division,17530003,Faridabad Division,17300001,Haryana Circle,BPO,600,
17100639,N8588,HR040118005,Jamalgarh BO,17660228,Punhana SO,17640009,Faridabad West Sub Division,17530003,Faridabad Division,17300001,Haryana Circle,BPO,600,
17100625,N8587,HR040118004,Gulalta BO,17660228,Punhana SO,17640009,Faridabad West Sub Division,17530003,Faridabad Division,17300001,Haryana Circle,BPO,600,
17100560,N8586,HR040118003,Bisru BO,17660228,Punhana SO,17640009,Faridabad West Sub Division,17530003,Faridabad Division,17300001,Haryana Circle,BPO,600,
17100556,N8585,HR040118002,Bichhor BO,17660228,Punhana SO,17640009,Faridabad West Sub Division,17530003,Faridabad Division,17300001,Haryana Circle,BPO,600,
17100519,N8584,HR040118015,Badli BO,17660228,Punhana SO,17640009,Faridabad West Sub Division,17530003,Faridabad Division,17300001,Haryana Circle,BPO,600,
17100517,N8583,HR040118001,Baded BO,17660228,Punhana SO,17640009,Faridabad West Sub Division,17530003,Faridabad Division,17300001,Haryana Circle,BPO,600,
17100498,N8441,HR030101008,Seoli BO,17660119,Aurangabad SO Faridabad,17640008,FARIDABAD EAST SUB DN,17530003,Faridabad Division,17300001,Haryana Circle,BPO,600,
17100496,N8440,HR030101009,Seeha BO,17660119,Aurangabad SO Faridabad,17640008,FARIDABAD EAST SUB DN,17530003,Faridabad Division,17300001,Haryana Circle,BPO,600,
17100491,N8439,HR030101007,Pingore BO,17660119,Aurangabad SO Faridabad,17640008,FARIDABAD EAST SUB DN,17530003,Faridabad Division,17300001,Haryana Circle,BPO,600,
17100487,N8438,HR030101006,Nangal Jat BO,17660119,Aurangabad SO Faridabad,17640008,FARIDABAD EAST SUB DN,17530003,Faridabad Division,17300001,Haryana Circle,BPO,600,
17100484,N8437,HR030101005,Manpur BO,17660119,Aurangabad SO Faridabad,17640008,FARIDABAD EAST SUB DN,17530003,Faridabad Division,17300001,Haryana Circle,BPO,600,
17100472,N8436,HR030101004,Khatela Sarai BO,17660119,Aurangabad SO Faridabad,17640008,FARIDABAD EAST SUB DN,17530003,Faridabad Division,17300001,Haryana Circle,BPO,600,
17100453,N8435,HR030101003,Dighot BO,17660119,Aurangabad SO Faridabad,17640008,FARIDABAD EAST SUB DN,17530003,Faridabad Division,17300001,Haryana Circle,BPO,600,
17100433,N8434,HR030101002,Bamni Khera BO,17660119,Aurangabad SO Faridabad,17640008,FARIDABAD EAST SUB DN,17530003,Faridabad Division,17300001,Haryana Circle,BPO,600,
17100432,N8433,HR030101001,Bahin BO,17660119,Aurangabad SO Faridabad,17640008,FARIDABAD EAST SUB DN,17530003,Faridabad Division,17300001,Haryana Circle,BPO,600,
17100787,L6412,HR040106005,Rawli BO,17660179,Ferozepur Jhirka SO,17640009,Faridabad West Sub Division,17530003,Faridabad Division,17300001,Haryana Circle,BPO,600,
17100632,L6411,HR040106004,Hirwari BO,17660179,Ferozepur Jhirka SO,17640009,Faridabad West Sub Division,17530003,Faridabad Division,17300001,Haryana Circle,BPO,600,
17100598,L6410,HR040106003,Doha BO,17660179,Ferozepur Jhirka SO,17640009,Faridabad West Sub Division,17530003,Faridabad Division,17300001,Haryana Circle,BPO,600,
17100542,L6409,HR040106002,Bewan BO,17660179,Ferozepur Jhirka SO,17640009,Faridabad West Sub Division,17530003,Faridabad Division,17300001,Haryana Circle,BPO,600,
17100506,L6408,HR040106001,Agon BO,17660179,Ferozepur Jhirka SO,17640009,Faridabad West Sub Division,17530003,Faridabad Division,17300001,Haryana Circle,BPO,600,
17100505,J7325,HR030104012,Uttawar BO,17660140,Hathin SO,17640009,Faridabad West Sub Division,17530003,Faridabad Division,17300001,Haryana Circle,BPO,600,
17100494,J7324,HR030104010,Rupraka BO,17660140,Hathin SO,17640009,Faridabad West Sub Division,17530003,Faridabad Division,17300001,Haryana Circle,BPO,600,
17100482,J7323,HR030104009,Mandkola BO,17660140,Hathin SO,17640009,Faridabad West Sub Division,17530003,Faridabad Division,17300001,Haryana Circle,BPO,600,
17100481,J7322,HR030104007,Malai BO,17660140,Hathin SO,17640009,Faridabad West Sub Division,17530003,Faridabad Division,17300001,Haryana Circle,BPO,600,
17100480,J7321,HR030104008,Madnaka BO,17660140,Hathin SO,17640009,Faridabad West Sub Division,17530003,Faridabad Division,17300001,Haryana Circle,BPO,600,
17100475,J7320,HR030104005,Kot BO,17660140,Hathin SO,17640009,Faridabad West Sub Division,17530003,Faridabad Division,17300001,Haryana Circle,BPO,600,
17100474,J7319,HR030104006,Kondal BO,17660140,Hathin SO,17640009,Faridabad West Sub Division,17530003,Faridabad Division,17300001,Haryana Circle,BPO,600,
17100466,J7318,HR030104004,Hurithal BO,17660140,Hathin SO,17640009,Faridabad West Sub Division,17530003,Faridabad Division,17300001,Haryana Circle,BPO,600,
17100460,J7317,HR030104003,Gharrot BO,17660140,Hathin SO,17640009,Faridabad West Sub Division,17530003,Faridabad Division,17300001,Haryana Circle,BPO,600,
17100459,J7316,HR030104002,Gehlab BO,17660140,Hathin SO,17640009,Faridabad West Sub Division,17530003,Faridabad Division,17300001,Haryana Circle,BPO,600,
17100445,J7315,HR030104001,Chhainsa BO,17660140,Hathin SO,17640009,Faridabad West Sub Division,17530003,Faridabad Division,17300001,Haryana Circle,BPO,600,
17100502,J7314,HR030103006,Tappa Bilochpur BO,17660139,Hassanpur SO,17640008,FARIDABAD EAST SUB DN,17530003,Faridabad Division,17300001,Haryana Circle,BPO,600,
17100477,J7313,HR030103005,Likhi BO,17660139,Hassanpur SO,17640008,FARIDABAD EAST SUB DN,17530003,Faridabad Division,17300001,Haryana Circle,BPO,600,
17100464,J7312,HR030103004,Gulawad BO,17660139,Hassanpur SO,17640008,FARIDABAD EAST SUB DN,17530003,Faridabad Division,17300001,Haryana Circle,BPO,600,
17100441,J7311,HR030103003,Bhiduki BO,17660139,Hassanpur SO,17640008,FARIDABAD EAST SUB DN,17530003,Faridabad Division,17300001,Haryana Circle,BPO,600,
17100439,J7310,HR030103002,Bhandoli BO,17660139,Hassanpur SO,17640008,FARIDABAD EAST SUB DN,17530003,Faridabad Division,17300001,Haryana Circle,BPO,600,
17100435,J7309,HR030103001,Banswa BO,17660139,Hassanpur SO,17640008,FARIDABAD EAST SUB DN,17530003,Faridabad Division,17300001,Haryana Circle,BPO,600,
17100501,J7240,HR030105008,Sondh BO,17660141,Hodal SO,17640009,Faridabad West Sub Division,17530003,Faridabad Division,17300001,Haryana Circle,BPO,600,
17100485,J7239,HR030105007,Marraoli BO,17660141,Hodal SO,17640009,Faridabad West Sub Division,17530003,Faridabad Division,17300001,Haryana Circle,BPO,600,
17100471,J7237,HR030105005,Khambi BO,17660141,Hodal SO,17640009,Faridabad West Sub Division,17530003,Faridabad Division,17300001,Haryana Circle,BPO,600,
17100470,J7236,HR030105006,Khaika BO,17660141,Hodal SO,17640009,Faridabad West Sub Division,17530003,Faridabad Division,17300001,Haryana Circle,BPO,600,
17100463,J7235,HR030105004,Gorota BO,17660141,Hodal SO,17640009,Faridabad West Sub Division,17530003,Faridabad Division,17300001,Haryana Circle,BPO,600,
17100434,J7234,HR030105003,Banchari BO,17660141,Hodal SO,17640009,Faridabad West Sub Division,17530003,Faridabad Division,17300001,Haryana Circle,BPO,600,
17100426,J7233,HR030105002,Andhop BO,17660141,Hodal SO,17640009,Faridabad West Sub Division,17530003,Faridabad Division,17300001,Haryana Circle,BPO,600,
17100420,J7232,HR030105001,Ali Meo BO,17660141,Hodal SO,17640009,Faridabad West Sub Division,17530003,Faridabad Division,17300001,Haryana Circle,BPO,600,
17100837,J6616,HR040114007,Ujina BO,17660223,Nuh SO,17640009,Faridabad West Sub Division,17530003,Faridabad Division,17300001,Haryana Circle,BPO,600,
17100830,J6615,HR040114008,Tapkan BO,17660223,Nuh SO,17640009,Faridabad West Sub Division,17530003,Faridabad Division,17300001,Haryana Circle,BPO,600,
17100826,J6614,HR040114006,Tain BO,17660223,Nuh SO,17640009,Faridabad West Sub Division,17530003,Faridabad Division,17300001,Haryana Circle,BPO,600,
17100816,J6613,HR040114005,Sudaka BO,17660223,Nuh SO,17640009,Faridabad West Sub Division,17530003,Faridabad Division,17300001,Haryana Circle,BPO,600,
17100716,J6612,HR040114004,Malab BO,17660223,Nuh SO,17640009,Faridabad West Sub Division,17530003,Faridabad Division,17300001,Haryana Circle,BPO,600,
17100701,J6611,HR040114003,Kurthala BO,17660223,Nuh SO,17640009,Faridabad West Sub Division,17530003,Faridabad Division,17300001,Haryana Circle,BPO,600,
17100607,J6610,HR040114002,Ferozepur Namak BO,17660223,Nuh SO,17640009,Faridabad West Sub Division,17530003,Faridabad Division,17300001,Haryana Circle,BPO,600,
17100510,J6609,HR040114001,Akhera BO,17660223,Nuh SO,17640009,Faridabad West Sub Division,17530003,Faridabad Division,17300001,Haryana Circle,BPO,600,
17100483,J6131,HR030108008,Manjhawali BO,17660160,Tigaon SO,17640008,FARIDABAD EAST SUB DN,17530003,Faridabad Division,17300001,Haryana Circle,BPO,600,
17100476,J6130,HR030108007,Kurali BO,17660160,Tigaon SO,17640008,FARIDABAD EAST SUB DN,17530003,Faridabad Division,17300001,Haryana Circle,BPO,600,
17100455,J6129,HR030108006,Faridpur BO,17660160,Tigaon SO,17640008,FARIDABAD EAST SUB DN,17530003,Faridabad Division,17300001,Haryana Circle,BPO,600,
17100443,J6128,HR030108005,Chandpur BO,17660160,Tigaon SO,17640008,FARIDABAD EAST SUB DN,17530003,Faridabad Division,17300001,Haryana Circle,BPO,600,
17100442,J6127,HR030108004,Bhuvapur BO,17660160,Tigaon SO,17640008,FARIDABAD EAST SUB DN,17530003,Faridabad Division,17300001,Haryana Circle,BPO,600,
17100438,J6126,HR030108003,Bhainsrawali BO,17660160,Tigaon SO,17640008,FARIDABAD EAST SUB DN,17530003,Faridabad Division,17300001,Haryana Circle,BPO,600,
17100430,J6125,HR030108002,Badarpur Syed BO,17660160,Tigaon SO,17640008,FARIDABAD EAST SUB DN,17530003,Faridabad Division,17300001,Haryana Circle,BPO,600,
17100422,J6124,HR030108001,Alipur BO,17660160,Tigaon SO,17640008,FARIDABAD EAST SUB DN,17530003,Faridabad Division,17300001,Haryana Circle,BPO,600,
17100428,G4775,HR030106004,Asaoti BO,17660154,Palwal SO,17640008,FARIDABAD EAST SUB DN,17530003,Faridabad Division,17300001,Haryana Circle,BPO,600,
17100497,G3879,HR030102016,Seekri BO,17660120,Ballabgarh SO,17640008,FARIDABAD EAST SUB DN,17530003,Faridabad Division,17300001,Haryana Circle,BPO,600,
17100490,G3878,HR030102015,Panhera Khurd BO,17660120,Ballabgarh SO,17640008,FARIDABAD EAST SUB DN,17530003,Faridabad Division,17300001,Haryana Circle,BPO,600,
17100469,G3877,HR030102010,Jawan BO,17660120,Ballabgarh SO,17640008,FARIDABAD EAST SUB DN,17530003,Faridabad Division,17300001,Haryana Circle,BPO,600,
17100458,G3876,HR030102018,Gadpuri BO,17660120,Ballabgarh SO,17640008,FARIDABAD EAST SUB DN,17530003,Faridabad Division,17300001,Haryana Circle,BPO,600,
17100503,F6184,HR030106019,Teekri Brahman BO,17660154,Palwal SO,17640008,FARIDABAD EAST SUB DN,17530003,Faridabad Division,17300001,Haryana Circle,BPO,600,
17100492,F6183,HR030106016,Prithla BO,17660154,Palwal SO,17640008,FARIDABAD EAST SUB DN,17530003,Faridabad Division,17300001,Haryana Circle,BPO,600,
17100495,F5358,HR030102017,Sagarpur BO,17660120,Ballabgarh SO,17640008,FARIDABAD EAST SUB DN,17530003,Faridabad Division,17300001,Haryana Circle,BPO,600,
17100489,F5357,HR030102014,Pali BO,17660120,Ballabgarh SO,17640008,FARIDABAD EAST SUB DN,17530003,Faridabad Division,17300001,Haryana Circle,BPO,600,
17100462,F5356,HR030102019,Gonchhi BO,17660120,Ballabgarh SO,17640008,FARIDABAD EAST SUB DN,17530003,Faridabad Division,17300001,Haryana Circle,BPO,600,
17100795,F4477,HR040112005,Sakras BO,17660210,Nagina SO Gurgaon,17640009,Faridabad West Sub Division,17530003,Faridabad Division,17300001,Haryana Circle,BPO,600,
17100733,F4476,HR040112004,Moolthan BO,17660210,Nagina SO Gurgaon,17640009,Faridabad West Sub Division,17530003,Faridabad Division,17300001,Haryana Circle,BPO,600,
17100719,F4475,HR040112003,Mandikhera BO,17660210,Nagina SO Gurgaon,17640009,Faridabad West Sub Division,17530003,Faridabad Division,17300001,Haryana Circle,BPO,600,
17100468,E7828,HR030106012,Janauli BO,17660154,Palwal SO,17640008,FARIDABAD EAST SUB DN,17530003,Faridabad Division,17300001,Haryana Circle,BPO,600,
17100419,E7827,HR030106007,Alawalpur BO,17660154,Palwal SO,17640008,FARIDABAD EAST SUB DN,17530003,Faridabad Division,17300001,Haryana Circle,BPO,600,
17100418,E7826,HR030106001,Aharwan BO,17660154,Palwal SO,17640008,FARIDABAD EAST SUB DN,17530003,Faridabad Division,17300001,Haryana Circle,BPO,600,
17100488,E6965,HR030102013,Neemka BO,17660120,Ballabgarh SO,17640008,FARIDABAD EAST SUB DN,17530003,Faridabad Division,17300001,Haryana Circle,BPO,600,
17100436,E6964,HR030102003,Baroli BO,17660120,Ballabgarh SO,17640008,FARIDABAD EAST SUB DN,17530003,Faridabad Division,17300001,Haryana Circle,BPO,600,
17100425,E6916,HR030109003,Anangpur BO,17660118,Amarnagar SO Faridabad,17640008,FARIDABAD EAST SUB DN,17530003,Faridabad Division,17300001,Haryana Circle,BPO,600,
17100563,E6143,HR040112001,Budarpur BO,17660210,Nagina SO Gurgaon,17640009,Faridabad West Sub Division,17530003,Faridabad Division,17300001,Haryana Circle,BPO,600,
17100473,E4794,HR030107002,Kheri Kalan BO,17660128,Faridabad Sector 16a SO,17640008,FARIDABAD EAST SUB DN,17530003,Faridabad Division,17300001,Haryana Circle,BPO,600,
17100648,E0979,HR040120004,Jaurasi BO,17660234,Tauru SO,17640009,Faridabad West Sub Division,17530003,Faridabad Division,17300001,Haryana Circle,BPO,600,
17100631,E0978,HR040120003,Hasanpur BO,17660234,Tauru SO,17640009,Faridabad West Sub Division,17530003,Faridabad Division,17300001,Haryana Circle,BPO,600,
17100500,D9395,HR030106018,Sihol BO,17660154,Palwal SO,17640008,FARIDABAD EAST SUB DN,17530003,Faridabad Division,17300001,Haryana Circle,BPO,600,
17100467,D9394,HR030106013,Jaindapur BO,17660154,Palwal SO,17640008,FARIDABAD EAST SUB DN,17530003,Faridabad Division,17300001,Haryana Circle,BPO,600,
17100603,D2647,HR040120002,Dulawat BO,17660234,Tauru SO,17640009,Faridabad West Sub Division,17530003,Faridabad Division,17300001,Haryana Circle,BPO,600,
17100454,D1122,HR030106021,Dudhola B.O.,17660154,Palwal SO,17640008,FARIDABAD EAST SUB DN,17530003,Faridabad Division,17300001,Haryana Circle,BPO,600,
17100448,D1121,HR030106020,Chirwari BO,17660154,Palwal SO,17640008,FARIDABAD EAST SUB DN,17530003,Faridabad Division,17300001,Haryana Circle,BPO,600,
17100444,D1120,HR030106009,Chant BO,17660154,Palwal SO,17640008,FARIDABAD EAST SUB DN,17530003,Faridabad Division,17300001,Haryana Circle,BPO,600,
17100427,D1119,HR030106003,Asaota BO,17660154,Palwal SO,17640008,FARIDABAD EAST SUB DN,17530003,Faridabad Division,17300001,Haryana Circle,BPO,600,
17100421,D1118,HR030106002,Alika BO,17660154,Palwal SO,17640008,FARIDABAD EAST SUB DN,17530003,Faridabad Division,17300001,Haryana Circle,BPO,600,
17100479,D0249,HR030102011,Machhgar BO,17660120,Ballabgarh SO,17640008,FARIDABAD EAST SUB DN,17530003,Faridabad Division,17300001,Haryana Circle,BPO,600,
17100446,D0248,HR030102004,Chhainsa BO,17660120,Ballabgarh SO,17640008,FARIDABAD EAST SUB DN,17530003,Faridabad Division,17300001,Haryana Circle,BPO,600,
17100440,C7988,HR030107001,Bhaskola BO,17660128,Faridabad Sector 16a SO,17640008,FARIDABAD EAST SUB DN,17530003,Faridabad Division,17300001,Haryana Circle,BPO,600,
17100819,C4363,HR040120009,Sundh BO,17660234,Tauru SO,17640009,Faridabad West Sub Division,17530003,Faridabad Division,17300001,Haryana Circle,BPO,600,
17100652,C4362,HR040120005,Jhamuwas BO,17660234,Tauru SO,17640009,Faridabad West Sub Division,17530003,Faridabad Division,17300001,Haryana Circle,BPO,600,
17100520,C4361,HR040120001,Baghanki BO,17660234,Tauru SO,17640009,Faridabad West Sub Division,17530003,Faridabad Division,17300001,Haryana Circle,BPO,600,
17100499,C2804,HR030106015,Siaroli BO,17660154,Palwal SO,17640008,FARIDABAD EAST SUB DN,17530003,Faridabad Division,17300001,Haryana Circle,BPO,600,
17100424,C2803,HR030106005,Amroli BO,17660154,Palwal SO,17640008,FARIDABAD EAST SUB DN,17530003,Faridabad Division,17300001,Haryana Circle,BPO,600,
17100456,C1917,HR030102008,Fatehpur Billoch BO,17660120,Ballabgarh SO,17640008,FARIDABAD EAST SUB DN,17530003,Faridabad Division,17300001,Haryana Circle,BPO,600,
17100493,B4297,HR030106017,Rasulpur BO,17660154,Palwal SO,17640008,FARIDABAD EAST SUB DN,17530003,Faridabad Division,17300001,Haryana Circle,BPO,600,
17100461,B4296,HR030106011,Ghori BO,17660154,Palwal SO,17640008,FARIDABAD EAST SUB DN,17530003,Faridabad Division,17300001,Haryana Circle,BPO,600,
17100447,B4295,HR030106008,Chhajju Nagar BO,17660154,Palwal SO,17640008,FARIDABAD EAST SUB DN,17530003,Faridabad Division,17300001,Haryana Circle,BPO,600,
17100437,B4294,HR030106014,Baroli BO,17660154,Palwal SO,17640008,FARIDABAD EAST SUB DN,17530003,Faridabad Division,17300001,Haryana Circle,BPO,600,
17100486,B3474,HR030102012,Mohna BO,17660120,Ballabgarh SO,17640008,FARIDABAD EAST SUB DN,17530003,Faridabad Division,17300001,Haryana Circle,BPO,600,
17100457,B3473,HR030102009,Fatehpur Tagga BO,17660120,Ballabgarh SO,17640008,FARIDABAD EAST SUB DN,17530003,Faridabad Division,17300001,Haryana Circle,BPO,600,
17100429,B3472,HR030102002,Atali BO,17660120,Ballabgarh SO,17640008,FARIDABAD EAST SUB DN,17530003,Faridabad Division,17300001,Haryana Circle,BPO,600,
17100465,B3414,HR030109004,Gurukul Indraprashtha BO,17660118,Amarnagar SO Faridabad,17640008,FARIDABAD EAST SUB DN,17530003,Faridabad Division,17300001,Haryana Circle,BPO,600,
17100838,B2582,HR040112006,Umra BO,17660210,Nagina SO Gurgaon,17640009,Faridabad West Sub Division,17530003,Faridabad Division,17300001,Haryana Circle,BPO,600,
17102198,AV768,HR030102699,PYALA BO,17660120,Ballabgarh SO,17640008,FARIDABAD EAST SUB DN,17530003,Faridabad Division,17300001,Haryana Circle,BPO,600,
17100620,AK844,HR040120835,Goyla BO,17660234,Tauru SO,17640009,Faridabad West Sub Division,17530003,Faridabad Division,17300001,Haryana Circle,BPO,600,
17100784,A7483,HR040120008,Rathiwas BO,17660234,Tauru SO,17640009,Faridabad West Sub Division,17530003,Faridabad Division,17300001,Haryana Circle,BPO,600,
17100729,A7482,HR040120007,Mohamadpur Ahir BO,17660234,Tauru SO,17640009,Faridabad West Sub Division,17530003,Faridabad Division,17300001,Haryana Circle,BPO,600,
17100661,A7481,HR040120006,Kalwari BO,17660234,Tauru SO,17640009,Faridabad West Sub Division,17530003,Faridabad Division,17300001,Haryana Circle,BPO,600,
17100573,A7480,HR040120011,Chharoda BO,17660234,Tauru SO,17640009,Faridabad West Sub Division,17530003,Faridabad Division,17300001,Haryana Circle,BPO,600,
17100451,A5868,HR030106010,Dhatir BO,17660154,Palwal SO,17640008,FARIDABAD EAST SUB DN,17530003,Faridabad Division,17300001,Haryana Circle,BPO,600,
17100431,A5867,HR030106006,Baghola BO,17660154,Palwal SO,17640008,FARIDABAD EAST SUB DN,17530003,Faridabad Division,17300001,Haryana Circle,BPO,600,
17100452,A5007,HR030102007,Dhauj BO,17660120,Ballabgarh SO,17640008,FARIDABAD EAST SUB DN,17530003,Faridabad Division,17300001,Haryana Circle,BPO,600,
17100450,A5006,HR030102006,Deeg BO,17660120,Ballabgarh SO,17640008,FARIDABAD EAST SUB DN,17530003,Faridabad Division,17300001,Haryana Circle,BPO,600,
17100449,A5005,HR030102005,Dayalpur BO,17660120,Ballabgarh SO,17640008,FARIDABAD EAST SUB DN,17530003,Faridabad Division,17300001,Haryana Circle,BPO,600,
17100423,A5004,HR030102001,Amarpur BO,17660120,Ballabgarh SO,17640008,FARIDABAD EAST SUB DN,17530003,Faridabad Division,17300001,Haryana Circle,BPO,600,
17100504,A4938,HR030109001,Tilpat BO,17660118,Amarnagar SO Faridabad,17640008,FARIDABAD EAST SUB DN,17530003,Faridabad Division,17300001,Haryana Circle,BPO,600,
17100543,A4102,HR040112002,Bhadas BO,17660210,Nagina SO Gurgaon,17640009,Faridabad West Sub Division,17530003,Faridabad Division,17300001,Haryana Circle,BPO,600,
17660228,12250801,HR040118000,Punhana SO,17360004,Faridabad NIT HO,17640009,Faridabad West Sub Division,17530003,Faridabad Division,17300001,Haryana Circle,SPO,1800,
17660210,12210801,HR040112000,Nagina SO Gurgaon,17360004,Faridabad NIT HO,17640009,Faridabad West Sub Division,17530003,Faridabad Division,17300001,Haryana Circle,SPO,1800,
17660205,12210702,HR040144000,Mini Sectt NUH SO,17360004,Faridabad NIT HO,17640009,Faridabad West Sub Division,17530003,Faridabad Division,17300001,Haryana Circle,SPO,1200,
17660223,12210701,HR040114000,Nuh SO,17360004,Faridabad NIT HO,17640009,Faridabad West Sub Division,17530003,Faridabad Division,17300001,Haryana Circle,SPO,1800,
17660234,12210501,HR040120000,Tauru SO,17360004,Faridabad NIT HO,17640009,Faridabad West Sub Division,17530003,Faridabad Division,17300001,Haryana Circle,SPO,3600,
17660179,12210401,HR040106000,Ferozepur Jhirka SO,17360004,Faridabad NIT HO,17640009,Faridabad West Sub Division,17530003,Faridabad Division,17300001,Haryana Circle,SPO,1800,
17660139,12110701,HR030103000,Hassanpur SO,17360004,Faridabad NIT HO,17640008,FARIDABAD EAST SUB DN,17530003,Faridabad Division,17300001,Haryana Circle,SPO,1800,
17660141,12110601,HR030105000,Hodal SO,17360004,Faridabad NIT HO,17640009,Faridabad West Sub Division,17530003,Faridabad Division,17300001,Haryana Circle,SPO,3600,
17660119,12110501,HR030101000,Aurangabad SO Faridabad,17360004,Faridabad NIT HO,17640008,FARIDABAD EAST SUB DN,17530003,Faridabad Division,17300001,Haryana Circle,SPO,1200,
17660140,12110301,HR030104000,Hathin SO,17360004,Faridabad NIT HO,17640009,Faridabad West Sub Division,17530003,Faridabad Division,17300001,Haryana Circle,SPO,1800,
17660504,12110204,HR030188000,SHRI VISHWAKARMA SKILL UNIVERSITY,17360004,Faridabad NIT HO,17640008,FARIDABAD EAST SUB DN,17530003,Faridabad Division,17300001,Haryana Circle,SPO,1200,
17660154,12110203,HR030106000,Palwal SO,17360004,Faridabad NIT HO,17640008,FARIDABAD EAST SUB DN,17530003,Faridabad Division,17300001,Haryana Circle,SPO,3600,
17660147,12110202,HR030121000,New Township Palwal SO,17360004,Faridabad NIT HO,17640008,FARIDABAD EAST SUB DN,17530003,Faridabad Division,17300001,Haryana Circle,SPO,1200,
17660144,12110201,HR030118000,Jawahar Nagar Palwal SO,17360004,Faridabad NIT HO,17640008,FARIDABAD EAST SUB DN,17530003,Faridabad Division,17300001,Haryana Circle,SPO,1800,
17660160,12110101,HR030108000,Tigaon SO,17360004,Faridabad NIT HO,17640008,FARIDABAD EAST SUB DN,17530003,Faridabad Division,17300001,Haryana Circle,SPO,2640,
17660158,12101501,HR030142000,Sector55 PO,17360004,Faridabad NIT HO,17640008,FARIDABAD EAST SUB DN,17530003,Faridabad Division,17300001,Haryana Circle,SPO,1200,
17660137,12101401,HR030141000,Greater Faridabad PO,17360004,Faridabad NIT HO,17640008,FARIDABAD EAST SUB DN,17530003,Faridabad Division,17300001,Haryana Circle,SPO,1200,
17660155,12101301,HR030140000,Sec91 SO,17360004,Faridabad NIT HO,17640009,Faridabad West Sub Division,17530003,Faridabad Division,17300001,Haryana Circle,SPO,1200,
17660156,12101201,HR030115000,Sector21D SO,17360004,Faridabad NIT HO,17640009,Faridabad West Sub Division,17530003,Faridabad Division,17300001,Haryana Circle,SPO,1200,
17660157,12101002,HR030143000,SECTOR46,17360004,Faridabad NIT HO,17640009,Faridabad West Sub Division,17530003,Faridabad Division,17300001,Haryana Circle,SPO,1200,
17660151,12101001,HR030125000,Nhpc Colony Faridabad SO,17360004,Faridabad NIT HO,17640009,Faridabad West Sub Division,17530003,Faridabad Division,17300001,Haryana Circle,SPO,1200,
17660159,12100901,HR030139000,Surajkund Faridabad SO,17360004,Faridabad NIT HO,17640009,Faridabad West Sub Division,17530003,Faridabad Division,17300001,Haryana Circle,SPO,1200,
17660131,12100801,HR030134000,Faridabad Sector 29 SO,17360004,Faridabad NIT HO,17640008,FARIDABAD EAST SUB DN,17530003,Faridabad Division,17300001,Haryana Circle,SPO,1800,
17660126,12100703,HR030131000,Faridabad Sector 15 SO,17360004,Faridabad NIT HO,17640008,FARIDABAD EAST SUB DN,17530003,Faridabad Division,17300001,Haryana Circle,SPO,1800,
17660125,12100702,HR030129000,Faridabad Sector 12 SO,17360004,Faridabad NIT HO,17640008,FARIDABAD EAST SUB DN,17530003,Faridabad Division,17300001,Haryana Circle,SPO,1200,
17660122,12100701,HR030111000,Escortsnagar Faridabad SO,17360004,Faridabad NIT HO,17640008,FARIDABAD EAST SUB DN,17530003,Faridabad Division,17300001,Haryana Circle,SPO,3600,
17660138,12100604,HR030116000,GT Road Faridabad SO,17360004,Faridabad NIT HO,17640008,FARIDABAD EAST SUB DN,17530003,Faridabad Division,17300001,Haryana Circle,SPO,1800,
17660135,12100603,HR030138000,Faridabad Sector 9 SO,17360004,Faridabad NIT HO,17640008,FARIDABAD EAST SUB DN,17530003,Faridabad Division,17300001,Haryana Circle,SPO,1800,
17660134,12100602,HR030137000,Faridabad Sector 8 SO,17360004,Faridabad NIT HO,17640008,FARIDABAD EAST SUB DN,17530003,Faridabad Division,17300001,Haryana Circle,SPO,1200,
17660133,12100601,HR030136000,Faridabad Sector 7 SO,17360004,Faridabad NIT HO,17640008,FARIDABAD EAST SUB DN,17530003,Faridabad Division,17300001,Haryana Circle,SPO,3600,
17660143,12100502,HR030119000,Jawahar Colony Faridabad SO,17360004,Faridabad NIT HO,17640009,Faridabad West Sub Division,17530003,Faridabad Division,17300001,Haryana Circle,SPO,1200,
17660130,12100501,HR030133000,Faridabad Sector 22 SO,17360004,Faridabad NIT HO,17640009,Faridabad West Sub Division,17530003,Faridabad Division,17300001,Haryana Circle,SPO,3600,
17660132,12100404,HR030135000,Faridabad Sector 3 SO,17360004,Faridabad NIT HO,17640008,FARIDABAD EAST SUB DN,17530003,Faridabad Division,17300001,Haryana Circle,SPO,1200,
17660121,12100402,HR030110000,Chawla Colony Ballabgarh SO,17360004,Faridabad NIT HO,17640008,FARIDABAD EAST SUB DN,17530003,Faridabad Division,17300001,Haryana Circle,SPO,1800,
17660120,12100401,HR030102000,Ballabgarh SO,17360004,Faridabad NIT HO,17640008,FARIDABAD EAST SUB DN,17530003,Faridabad Division,17300001,Haryana Circle,SPO,8400,
17660145,12100302,HR030120000,Mathura Road Faridabad SO,17360004,Faridabad NIT HO,17640008,FARIDABAD EAST SUB DN,17530003,Faridabad Division,17300001,Haryana Circle,SPO,1800,
17660118,12100301,HR030109000,Amarnagar SO Faridabad,17360004,Faridabad NIT HO,17640008,FARIDABAD EAST SUB DN,17530003,Faridabad Division,17300001,Haryana Circle,SPO,3600,
17660129,12100204,HR030132000,Faridabad Sector 18 SO,17360004,Faridabad NIT HO,17640008,FARIDABAD EAST SUB DN,17530003,Faridabad Division,17300001,Haryana Circle,SPO,1200,
17660128,12100203,HR030107000,Faridabad Sector 16a SO,17360004,Faridabad NIT HO,17640008,FARIDABAD EAST SUB DN,17530003,Faridabad Division,17300001,Haryana Circle,SPO,3600,
17660127,12100202,HR030130000,Faridabad Sector 16 SO,17360004,Faridabad NIT HO,17640008,FARIDABAD EAST SUB DN,17530003,Faridabad Division,17300001,Haryana Circle,SPO,2640,
17660124,12100201,HR030113000,Faridabad City SO,17360004,Faridabad NIT HO,17640008,FARIDABAD EAST SUB DN,17530003,Faridabad Division,17300001,Haryana Circle,SPO,2640,
17660150,12100107,HR030124000,Nh4 Faridabad SO,17360004,Faridabad NIT HO,17640009,Faridabad West Sub Division,17530003,Faridabad Division,17300001,Haryana Circle,SPO,1800,
17660149,12100106,HR030123000,Nh3 Faridabad SO,17360004,Faridabad NIT HO,17640009,Faridabad West Sub Division,17530003,Faridabad Division,17300001,Haryana Circle,SPO,1800,
17660148,12100105,HR030122000,Nh2 Faridabad SO,17360004,Faridabad NIT HO,17640009,Faridabad West Sub Division,17530003,Faridabad Division,17300001,Haryana Circle,SPO,2640,
17660152,12100104,HR030126000,NIFM Faridabad SO,17360004,Faridabad NIT HO,17640009,Faridabad West Sub Division,17530003,Faridabad Division,17300001,Haryana Circle,SPO,1200,
17660142,12100103,HR030117000,Industrial Area Faridabad SO,17360004,Faridabad NIT HO,17640009,Faridabad West Sub Division,17530003,Faridabad Division,17300001,Haryana Circle,SPO,2640,
17660136,12100102,HR030114000,Feroz Gandhi Nagar Faridabad SO,17360004,Faridabad NIT HO,17640009,Faridabad West Sub Division,17530003,Faridabad Division,17300001,Haryana Circle,SPO,1200,
17660123,12100101,HR030112000,Factory Area Faridabad SO,17360004,Faridabad NIT HO,17640009,Faridabad West Sub Division,17530003,Faridabad Division,17300001,Haryana Circle,SPO,1800,
17360004,12100100,HR030100000,Faridabad NIT HO,17360004,Faridabad NIT HO,17640009,Faridabad West Sub Division,17530003,Faridabad Division,17300001,Haryana Circle,HPO,10200,
17100836,O0183,HR040111010,Turkiawas BO,17660198,Khalilpur SO,17640011,Gurgaon West Sub Division,17530004,Gurgaon Division,17300001,Haryana Circle,BPO,600,
17100831,O0182,HR040111011,Tatarpur BO,17660198,Khalilpur SO,17640011,Gurgaon West Sub Division,17530004,Gurgaon Division,17300001,Haryana Circle,BPO,600,
17100803,O0181,HR040111009,Sherpur BO,17660198,Khalilpur SO,17640011,Gurgaon West Sub Division,17530004,Gurgaon Division,17300001,Haryana Circle,BPO,600,
17100781,O0180,HR040111008,Ramgarh BO,17660198,Khalilpur SO,17640011,Gurgaon West Sub Division,17530004,Gurgaon Division,17300001,Haryana Circle,BPO,600,
17100763,O0179,HR040111007,Pahari BO,17660198,Khalilpur SO,17640011,Gurgaon West Sub Division,17530004,Gurgaon Division,17300001,Haryana Circle,BPO,600,
17100728,O0178,HR040111006,Meerpur BO,17660198,Khalilpur SO,17640011,Gurgaon West Sub Division,17530004,Gurgaon Division,17300001,Haryana Circle,BPO,600,
17100659,O0177,HR040111005,Kakoria BO,17660198,Khalilpur SO,17640011,Gurgaon West Sub Division,17530004,Gurgaon Division,17300001,Haryana Circle,BPO,600,
17100642,O0176,HR040111003,Jant BO,17660198,Khalilpur SO,17640011,Gurgaon West Sub Division,17530004,Gurgaon Division,17300001,Haryana Circle,BPO,600,
17100637,O0175,HR040111002,Jaitpur BO,17660198,Khalilpur SO,17640011,Gurgaon West Sub Division,17530004,Gurgaon Division,17300001,Haryana Circle,BPO,600,
17100644,O0174,HR040111004,Jasat BO,17660198,Khalilpur SO,17640011,Gurgaon West Sub Division,17530004,Gurgaon Division,17300001,Haryana Circle,BPO,600,
17100572,O0173,HR040111001,Chillar BO,17660198,Khalilpur SO,17640011,Gurgaon West Sub Division,17530004,Gurgaon Division,17300001,Haryana Circle,BPO,600,
17100627,L9322,HR040108003,Gurgaon Village BO,17660229,Railwary Road SO,17640011,Gurgaon West Sub Division,17530004,Gurgaon Division,17300001,Haryana Circle,BPO,600,
17100583,L9321,HR040108002,Daultabad BO,17660229,Railwary Road SO,17640011,Gurgaon West Sub Division,17530004,Gurgaon Division,17300001,Haryana Circle,BPO,600,
17100530,L9320,HR040108001,Basai BO,17660229,Railwary Road SO,17640011,Gurgaon West Sub Division,17530004,Gurgaon Division,17300001,Haryana Circle,BPO,600,
17100818,L9309,HR040105004,Sultanpur BO,17660178,Farrukh Nagar SO,17640011,Gurgaon West Sub Division,17530004,Gurgaon Division,17300001,Haryana Circle,BPO,600,
17100801,L9308,HR040105003,Sewari BO,17660178,Farrukh Nagar SO,17640011,Gurgaon West Sub Division,17530004,Gurgaon Division,17300001,Haryana Circle,BPO,600,
17100770,L9307,HR040105002,Patli RS BO,17660178,Farrukh Nagar SO,17640011,Gurgaon West Sub Division,17530004,Gurgaon Division,17300001,Haryana Circle,BPO,600,
17100684,L9306,HR040105001,Khera Khurampur BO,17660178,Farrukh Nagar SO,17640011,Gurgaon West Sub Division,17530004,Gurgaon Division,17300001,Haryana Circle,BPO,600,
17100839,L8305,HR040117006,Unchamajra BO,17660227,Pataudi SO,17640011,Gurgaon West Sub Division,17530004,Gurgaon Division,17300001,Haryana Circle,BPO,600,
17100751,L8304,HR040117005,Narhera BO,17660227,Pataudi SO,17640011,Gurgaon West Sub Division,17530004,Gurgaon Division,17300001,Haryana Circle,BPO,600,
17100641,L8303,HR040117004,Janaula BO,17660227,Pataudi SO,17640011,Gurgaon West Sub Division,17530004,Gurgaon Division,17300001,Haryana Circle,BPO,600,
17100640,L8302,HR040117003,Jamalpur BO,17660227,Pataudi SO,17640011,Gurgaon West Sub Division,17530004,Gurgaon Division,17300001,Haryana Circle,BPO,600,
17100535,L8301,HR040117002,Baspadamka BO,17660227,Pataudi SO,17640011,Gurgaon West Sub Division,17530004,Gurgaon Division,17300001,Haryana Circle,BPO,600,
17100534,L8300,HR040117001,Baslambi BO,17660227,Pataudi SO,17640011,Gurgaon West Sub Division,17530004,Gurgaon Division,17300001,Haryana Circle,BPO,600,
17100841,L8168,HR040107005,Wazirpur BO,17660182,Garhi Harsaru SO,17640011,Gurgaon West Sub Division,17530004,Gurgaon Division,17300001,Haryana Circle,BPO,600,
17100722,L8167,HR040107004,Mankdola BO,17660182,Garhi Harsaru SO,17640011,Gurgaon West Sub Division,17530004,Gurgaon Division,17300001,Haryana Circle,BPO,600,
17100590,L8166,HR040107003,Dhankot BO,17660182,Garhi Harsaru SO,17640011,Gurgaon West Sub Division,17530004,Gurgaon Division,17300001,Haryana Circle,BPO,600,
17100565,L8165,HR040107002,Budhera BO,17660182,Garhi Harsaru SO,17640011,Gurgaon West Sub Division,17530004,Gurgaon Division,17300001,Haryana Circle,BPO,600,
17100545,L8164,HR040107001,Bhangrola BO,17660182,Garhi Harsaru SO,17640011,Gurgaon West Sub Division,17530004,Gurgaon Division,17300001,Haryana Circle,BPO,600,
17100792,L7558,HR040119010,Rojka Meo BO,17660233,Sohna SO,17640010,Gurgaon East Sub Division,17530004,Gurgaon Division,17300001,Haryana Circle,BPO,600,
17100789,L7557,HR040119009,Rewasan BO,17660233,Sohna SO,17640010,Gurgaon East Sub Division,17530004,Gurgaon Division,17300001,Haryana Circle,BPO,600,
17100691,L7556,HR040119007,Kiranj BO,17660233,Sohna SO,17640010,Gurgaon East Sub Division,17530004,Gurgaon Division,17300001,Haryana Circle,BPO,600,
17100688,L7555,HR040119008,Kherli Lala BO,17660233,Sohna SO,17640010,Gurgaon East Sub Division,17530004,Gurgaon Division,17300001,Haryana Circle,BPO,600,
17100635,L7554,HR040119006,Indri Mewat BO,17660233,Sohna SO,17640010,Gurgaon East Sub Division,17530004,Gurgaon Division,17300001,Haryana Circle,BPO,600,
17100614,L7553,HR040119004,Ghangola BO,17660233,Sohna SO,17640010,Gurgaon East Sub Division,17530004,Gurgaon Division,17300001,Haryana Circle,BPO,600,
17100613,L7552,HR040119005,Ghasera BO,17660233,Sohna SO,17640010,Gurgaon East Sub Division,17530004,Gurgaon Division,17300001,Haryana Circle,BPO,600,
17100582,L7551,HR040119003,Daulah BO,17660233,Sohna SO,17640010,Gurgaon East Sub Division,17530004,Gurgaon Division,17300001,Haryana Circle,BPO,600,
17100571,L7550,HR040119002,Chapera BO,17660233,Sohna SO,17640010,Gurgaon East Sub Division,17530004,Gurgaon Division,17300001,Haryana Circle,BPO,600,
17100549,L7549,HR040119001,Bhirauti BO,17660233,Sohna SO,17640010,Gurgaon East Sub Division,17530004,Gurgaon Division,17300001,Haryana Circle,BPO,600,
17100843,L7200,HR040204014,Zainabad BO,17660172,Dahina SO,17640013,Rewari Sub Division,17530004,Gurgaon Division,17300001,Haryana Circle,BPO,600,
17100782,L7198,HR040204012,Rampuri BO,17660172,Dahina SO,17640013,Rewari Sub Division,17530004,Gurgaon Division,17300001,Haryana Circle,BPO,600,
17100759,L7197,HR040204011,Nimoth BO,17660172,Dahina SO,17640013,Rewari Sub Division,17530004,Gurgaon Division,17300001,Haryana Circle,BPO,600,
17100735,L7196,HR040204009,Mundi BO,17660172,Dahina SO,17640013,Rewari Sub Division,17530004,Gurgaon Division,17300001,Haryana Circle,BPO,600,
17100734,L7195,HR040204010,Motla Kalan BO,17660172,Dahina SO,17640013,Rewari Sub Division,17530004,Gurgaon Division,17300001,Haryana Circle,BPO,600,
17100706,L7194,HR040204008,Lohana BO,17660172,Dahina SO,17640013,Rewari Sub Division,17530004,Gurgaon Division,17300001,Haryana Circle,BPO,600,
17100705,L7193,HR040204007,Lisan BO,17660172,Dahina SO,17640013,Rewari Sub Division,17530004,Gurgaon Division,17300001,Haryana Circle,BPO,600,
17100667,L7192,HR040204006,Kanwali BO,17660172,Dahina SO,17640013,Rewari Sub Division,17530004,Gurgaon Division,17300001,Haryana Circle,BPO,600,
17100618,L7191,HR040204005,Gothra BO,17660172,Dahina SO,17640013,Rewari Sub Division,17530004,Gurgaon Division,17300001,Haryana Circle,BPO,600,
17100581,L7190,HR040204004,Daroli BO,17660172,Dahina SO,17640013,Rewari Sub Division,17530004,Gurgaon Division,17300001,Haryana Circle,BPO,600,
17100577,L7189,HR040204003,Dakhora BO,17660219,Nehrugarh SO,17640013,Rewari Sub Division,17530004,Gurgaon Division,17300001,Haryana Circle,BPO,600,
17100568,L7188,HR040204002,Buroli BO,17660172,Dahina SO,17640013,Rewari Sub Division,17530004,Gurgaon Division,17300001,Haryana Circle,BPO,600,
17100524,L7187,HR040204001,Baldhan Kalan BO,17660172,Dahina SO,17640013,Rewari Sub Division,17530004,Gurgaon Division,17300001,Haryana Circle,BPO,600,
17100761,L6310,HR040109006,Noorgarh BO,17660191,Haillymandi SO,17640011,Gurgaon West Sub Division,17530004,Gurgaon Division,17300001,Haryana Circle,BPO,600,
17100727,L6309,HR040109005,Mehchana BO,17660191,Haillymandi SO,17640011,Gurgaon West Sub Division,17530004,Gurgaon Division,17300001,Haryana Circle,BPO,600,
17100677,L6308,HR040109004,Khandewla BO,17660191,Haillymandi SO,17640011,Gurgaon West Sub Division,17530004,Gurgaon Division,17300001,Haryana Circle,BPO,600,
17100672,L6307,HR040109003,Karola BO,17660191,Haillymandi SO,17640011,Gurgaon West Sub Division,17530004,Gurgaon Division,17300001,Haryana Circle,BPO,600,
17100646,L6306,HR040109002,Jatauli BO,17660191,Haillymandi SO,17640011,Gurgaon West Sub Division,17530004,Gurgaon Division,17300001,Haryana Circle,BPO,600,
17100645,L6305,HR040109001,Jataula BO,17660191,Haillymandi SO,17640011,Gurgaon West Sub Division,17530004,Gurgaon Division,17300001,Haryana Circle,BPO,600,
17100835,J9916,HR040212013,Tumna BO,17660202,Kosli SO,17640013,Rewari Sub Division,17530004,Gurgaon Division,17300001,Haryana Circle,BPO,600,
17100821,J9915,HR040212012,Surehli BO,17660219,Nehrugarh SO,17640013,Rewari Sub Division,17530004,Gurgaon Division,17300001,Haryana Circle,BPO,600,
17100804,J9914,HR040212011,Shyam Nagar BO,17660202,Kosli SO,17640013,Rewari Sub Division,17530004,Gurgaon Division,17300001,Haryana Circle,BPO,600,
17100793,J9913,HR040212010,Sadat Nagar BO,17660219,Nehrugarh SO,17640013,Rewari Sub Division,17530004,Gurgaon Division,17300001,Haryana Circle,BPO,600,
17100745,J9912,HR040220019,Nangal Pathani BO,17660202,Kosli SO,17640013,Rewari Sub Division,17530004,Gurgaon Division,17300001,Haryana Circle,BPO,600,
17100710,J9911,HR040212009,Lula Ahir BO,17660219,Nehrugarh SO,17640013,Rewari Sub Division,17530004,Gurgaon Division,17300001,Haryana Circle,BPO,600,
17100695,J9910,HR040212008,Kosli R S BO,17660202,Kosli SO,17640013,Rewari Sub Division,17530004,Gurgaon Division,17300001,Haryana Circle,BPO,600,
17100670,J9909,HR040212007,Kanharwas BO,17660202,Kosli SO,17640013,Rewari Sub Division,17530004,Gurgaon Division,17300001,Haryana Circle,BPO,600,
17100657,J9908,HR040212006,Juddi BO,17660202,Kosli SO,17640013,Rewari Sub Division,17530004,Gurgaon Division,17300001,Haryana Circle,BPO,600,
17100651,J9907,HR040212005,Jhal BO,17660219,Nehrugarh SO,17640013,Rewari Sub Division,17530004,Gurgaon Division,17300001,Haryana Circle,BPO,600,
17100622,J9906,HR040212004,Gugodh BO,17660202,Kosli SO,17640013,Rewari Sub Division,17530004,Gurgaon Division,17300001,Haryana Circle,BPO,600,
17100569,J9905,HR040212002,Burthala BO,17660202,Kosli SO,17640013,Rewari Sub Division,17530004,Gurgaon Division,17300001,Haryana Circle,BPO,600,
17100544,J9904,HR040212001,Bhakli BO,17660202,Kosli SO,17640013,Rewari Sub Division,17530004,Gurgaon Division,17300001,Haryana Circle,BPO,600,
17100754,J8966,HR040216012,Nayagaon BO,17660211,Nahar SO,17640013,Rewari Sub Division,17530004,Gurgaon Division,17300001,Haryana Circle,BPO,600,
17100709,J8965,HR040216005,Lookhi BO,17660219,Nehrugarh SO,17640013,Rewari Sub Division,17530004,Gurgaon Division,17300001,Haryana Circle,BPO,600,
17100704,J8964,HR040216006,Lilodh BO,17660211,Nahar SO,17640013,Rewari Sub Division,17530004,Gurgaon Division,17300001,Haryana Circle,BPO,600,
17100692,J8963,HR040216004,Kohrar BO,17660211,Nahar SO,17640013,Rewari Sub Division,17530004,Gurgaon Division,17300001,Haryana Circle,BPO,600,
17100673,J8962,HR040216003,Karoli BO,17660211,Nahar SO,17640013,Rewari Sub Division,17530004,Gurgaon Division,17300001,Haryana Circle,BPO,600,
17100655,J8961,HR040216007,Jholri BO,17660211,Nahar SO,17640013,Rewari Sub Division,17530004,Gurgaon Division,17300001,Haryana Circle,BPO,600,
17100654,J8960,HR040216002,Jharoda BO,17660219,Nehrugarh SO,17640013,Rewari Sub Division,17530004,Gurgaon Division,17300001,Haryana Circle,BPO,600,
17100559,J8959,HR040216001,Bisowa BO,17660211,Nahar SO,17640013,Rewari Sub Division,17530004,Gurgaon Division,17300001,Haryana Circle,BPO,600,
17100537,J8958,HR040216009,Bawwa BO,17660211,Nahar SO,17640013,Rewari Sub Division,17530004,Gurgaon Division,17300001,Haryana Circle,BPO,600,
17100786,J8921,HR040207002,Rattanthal BO,17660190,Guriani SO,17640013,Rewari Sub Division,17530004,Gurgaon Division,17300001,Haryana Circle,BPO,600,
17100638,J8920,HR040207001,Jakhala BO,17660190,Guriani SO,17640013,Rewari Sub Division,17530004,Gurgaon Division,17300001,Haryana Circle,BPO,600,
17100825,J6605,HR040113005,Syed Shahpur BO,17660214,Nanukalan SO,17640011,Gurgaon West Sub Division,17530004,Gurgaon Division,17300001,Haryana Circle,BPO,600,
17100708,J6604,HR040113004,Lokra BO,17660214,Nanukalan SO,17640011,Gurgaon West Sub Division,17530004,Gurgaon Division,17300001,Haryana Circle,BPO,600,
17100689,J6603,HR040113003,Khor BO,17660214,Nanukalan SO,17640011,Gurgaon West Sub Division,17530004,Gurgaon Division,17300001,Haryana Circle,BPO,600,
17100682,J6602,HR040113002,Khatauli BO,17660214,Nanukalan SO,17640011,Gurgaon West Sub Division,17530004,Gurgaon Division,17300001,Haryana Circle,BPO,600,
17100634,J6601,HR040113001,Inchhapuri BO,17660214,Nanukalan SO,17640011,Gurgaon West Sub Division,17530004,Gurgaon Division,17300001,Haryana Circle,BPO,600,
17100675,J6596,HR040122001,Kasan BO,17660222,NSG Camp Manesar SO,17640011,Gurgaon West Sub Division,17530004,Gurgaon Division,17300001,Haryana Circle,BPO,600,
17100765,J3525,HR040213007,Pali BO,17660203,Kund SO,17640013,Rewari Sub Division,17530004,Gurgaon Division,17300001,Haryana Circle,BPO,600,
17100743,J3524,HR040213006,Nangal Jamalpur BO,17660203,Kund SO,17640013,Rewari Sub Division,17530004,Gurgaon Division,17300001,Haryana Circle,BPO,600,
17100693,J3523,HR040213005,Kolana BO,17660203,Kund SO,17640013,Rewari Sub Division,17530004,Gurgaon Division,17300001,Haryana Circle,BPO,600,
17100619,J3522,HR040213004,Gothra BO,17660203,Kund SO,17640013,Rewari Sub Division,17530004,Gurgaon Division,17300001,Haryana Circle,BPO,600,
17100575,J3521,HR040213003,Chita Dungra BO,17660203,Kund SO,17640013,Rewari Sub Division,17530004,Gurgaon Division,17300001,Haryana Circle,BPO,600,
17100532,J3520,HR040213002,Basduda BO,17660203,Kund SO,17640013,Rewari Sub Division,17530004,Gurgaon Division,17300001,Haryana Circle,BPO,600,
17100507,J3519,HR040213001,Ahrod BO,17660203,Kund SO,17640013,Rewari Sub Division,17530004,Gurgaon Division,17300001,Haryana Circle,BPO,600,
17100669,I5325,HR040219003,Karawara BO,17660226,Palhawas SO,17640013,Rewari Sub Division,17530004,Gurgaon Division,17300001,Haryana Circle,BPO,600,
17100664,I5324,HR040219004,Kannaura BO,17660226,Palhawas SO,17640013,Rewari Sub Division,17530004,Gurgaon Division,17300001,Haryana Circle,BPO,600,
17100626,I5323,HR040219002,Guraora BO,17660226,Palhawas SO,17640013,Rewari Sub Division,17530004,Gurgaon Division,17300001,Haryana Circle,BPO,600,
17100513,I5322,HR040219001,Asiaki Gorawas BO,17660226,Palhawas SO,17640013,Rewari Sub Division,17530004,Gurgaon Division,17300001,Haryana Circle,BPO,600,
17100811,H8528,HR040123005,Sikohpur BO,17660217,Narsinghpur SO,17640011,Gurgaon West Sub Division,17530004,Gurgaon Division,17300001,Haryana Circle,BPO,600,
17100810,H8527,HR040123004,Sikanderpur BO,17660217,Narsinghpur SO,17640011,Gurgaon West Sub Division,17530004,Gurgaon Division,17300001,Haryana Circle,BPO,600,
17100702,H8526,HR040123003,Lakhnaula BO,17660217,Narsinghpur SO,17640011,Gurgaon West Sub Division,17530004,Gurgaon Division,17300001,Haryana Circle,BPO,600,
17100686,H8525,HR040123001,Kherki Daula BO,17660217,Narsinghpur SO,17640011,Gurgaon West Sub Division,17530004,Gurgaon Division,17300001,Haryana Circle,BPO,600,
17100679,H8524,HR040123002,Khandsa BO,17660217,Narsinghpur SO,17640011,Gurgaon West Sub Division,17530004,Gurgaon Division,17300001,Haryana Circle,BPO,600,
17100790,G8386,HR040103005,Rithoj BO,17660167,Bhondsi SO,17640010,Gurgaon East Sub Division,17530004,Gurgaon Division,17300001,Haryana Circle,BPO,600,
17100777,G8385,HR040103004,Raisina BO,17660167,Bhondsi SO,17640010,Gurgaon East Sub Division,17530004,Gurgaon Division,17300001,Haryana Circle,BPO,600,
17100723,G8384,HR040103006,Maruthi Kunj BO,17660167,Bhondsi SO,17640010,Gurgaon East Sub Division,17530004,Gurgaon Division,17300001,Haryana Circle,BPO,600,
17100687,G8383,HR040103003,Kherla BO,17660167,Bhondsi SO,17640010,Gurgaon East Sub Division,17530004,Gurgaon Division,17300001,Haryana Circle,BPO,600,
17100612,G8382,HR040103002,Ghamroj BO,17660167,Bhondsi SO,17640010,Gurgaon East Sub Division,17530004,Gurgaon Division,17300001,Haryana Circle,BPO,600,
17100579,G8381,HR040103001,Damdama BO,17660167,Bhondsi SO,17640010,Gurgaon East Sub Division,17530004,Gurgaon Division,17300001,Haryana Circle,BPO,600,
17100832,G7184,HR040101004,Teekli BO,17660163,Badshahpur SO,17640010,Gurgaon East Sub Division,17530004,Gurgaon Division,17300001,Haryana Circle,BPO,600,
17100658,G7183,HR040101002,Kadarpur BO,17660163,Badshahpur SO,17640010,Gurgaon East Sub Division,17530004,Gurgaon Division,17300001,Haryana Circle,BPO,600,
17100717,G7109,HR040211006,Mamaria Ahir BO,17660201,Khori SO,17640013,Rewari Sub Division,17530004,Gurgaon Division,17300001,Haryana Circle,BPO,600,
17100732,G6240,HR040102003,Moklawas BO,17660168,Bhorakalan SO,17640011,Gurgaon West Sub Division,17530004,Gurgaon Division,17300001,Haryana Circle,BPO,600,
17100610,G3288,HR040220008,Garhi Bolni BO,17660230,Rewari SO,17640013,Rewari Sub Division,17530004,Gurgaon Division,17300001,Haryana Circle,BPO,600,
17100515,G3287,HR040220001,B B Ashram BO,17660230,Rewari SO,17640013,Rewari Sub Division,17530004,Gurgaon Division,17300001,Haryana Circle,BPO,600,
17100741,F8636,HR040206004,Nandrampur Bass BO,17660174,Dharuhera SO,17640010,Gurgaon East Sub Division,17530004,Gurgaon Division,17300001,Haryana Circle,BPO,600,
17100548,F8635,HR040206001,Bhatsana BO,17660174,Dharuhera SO,17640010,Gurgaon East Sub Division,17530004,Gurgaon Division,17300001,Haryana Circle,BPO,600,
17100767,F8634,HR040101003,Palra BO,17660163,Badshahpur SO,17640010,Gurgaon East Sub Division,17530004,Gurgaon Division,17300001,Haryana Circle,BPO,600,
17100772,F8557,HR040211003,Pithrawas BO,17660201,Khori SO,17640013,Rewari Sub Division,17530004,Gurgaon Division,17300001,Haryana Circle,BPO,600,
17100824,F8083,HR040202007,Suthana BO,17660165,Bawal SO,17640010,Gurgaon East Sub Division,17530004,Gurgaon Division,17300001,Haryana Circle,BPO,600,
17100747,F8082,HR040202005,Nangal Teju BO,17660165,Bawal SO,17640010,Gurgaon East Sub Division,17530004,Gurgaon Division,17300001,Haryana Circle,BPO,600,
17100829,F7989,HR040205003,Tankri BO,17660173,Dharan SO,17640010,Gurgaon East Sub Division,17530004,Gurgaon Division,17300001,Haryana Circle,BPO,600,
17100589,F7665,HR040102002,Dhani Chitarsain BO,17660168,Bhorakalan SO,17640011,Gurgaon West Sub Division,17530004,Gurgaon Division,17300001,Haryana Circle,BPO,600,
17100525,F6986,HR040210001,Balwari BO,17660200,Khol SO,17640013,Rewari Sub Division,17530004,Gurgaon Division,17300001,Haryana Circle,BPO,600,
17100815,F6889,HR040121003,Smaspur BO,17660186,Gurgaon Sector 45 SO,17640011,Gurgaon West Sub Division,17530004,Gurgaon Division,17300001,Haryana Circle,BPO,600,
17100629,F6888,HR040121001,Gwal Pahari BO,17660186,Gurgaon Sector 45 SO,17640011,Gurgaon West Sub Division,17530004,Gurgaon Division,17300001,Haryana Circle,BPO,600,
17100796,F4825,HR040220023,Sangwari BO,17660230,Rewari SO,17640013,Rewari Sub Division,17530004,Gurgaon Division,17300001,Haryana Circle,BPO,600,
17100647,F4824,HR040220010,Jatusana RS BO,17660230,Rewari SO,17640013,Rewari Sub Division,17530004,Gurgaon Division,17300001,Haryana Circle,BPO,600,
17100547,F4823,HR040220002,Bharawas BO,17660230,Rewari SO,17640013,Rewari Sub Division,17530004,Gurgaon Division,17300001,Haryana Circle,BPO,600,
17100713,F0221,HR040206006,Maheshwari BO,17660174,Dharuhera SO,17640010,Gurgaon East Sub Division,17530004,Gurgaon Division,17300001,Haryana Circle,BPO,600,
17100606,F0220,HR040101001,Fazilpur BO,17660163,Badshahpur SO,17640010,Gurgaon East Sub Division,17530004,Gurgaon Division,17300001,Haryana Circle,BPO,600,
17100775,F0142,HR040211004,Punsika BO,17660201,Khori SO,17640013,Rewari Sub Division,17530004,Gurgaon Division,17300001,Haryana Circle,BPO,600,
17100746,E9702,HR040202004,Nangal Shahbazpur BO,17660165,Bawal SO,17640010,Gurgaon East Sub Division,17530004,Gurgaon Division,17300001,Haryana Circle,BPO,600,
17100526,E9701,HR040202010,Banipur BO,17660165,Bawal SO,17640010,Gurgaon East Sub Division,17530004,Gurgaon Division,17300001,Haryana Circle,BPO,600,
17100522,E9700,HR040202001,Baghthala BO,17660165,Bawal SO,17640010,Gurgaon East Sub Division,17530004,Gurgaon Division,17300001,Haryana Circle,BPO,600,
17100778,E9623,HR040205002,Rajgarh BO,17660173,Dharan SO,17640010,Gurgaon East Sub Division,17530004,Gurgaon Division,17300001,Haryana Circle,BPO,600,
17100807,E9280,HR040102006,Sidhrawali BO,17660168,Bhorakalan SO,17640011,Gurgaon West Sub Division,17530004,Gurgaon Division,17300001,Haryana Circle,BPO,600,
17100762,E9279,HR040102004,Pachgaon BO,17660168,Bhorakalan SO,17640011,Gurgaon West Sub Division,17530004,Gurgaon Division,17300001,Haryana Circle,BPO,600,
17100558,E9278,HR040102001,Bilaspur Khurd BO,17660168,Bhorakalan SO,17640011,Gurgaon West Sub Division,17530004,Gurgaon Division,17300001,Haryana Circle,BPO,600,
17100750,E6431,HR040220020,Nangli Godha BO,17660230,Rewari SO,17640013,Rewari Sub Division,17530004,Gurgaon Division,17300001,Haryana Circle,BPO,600,
17100725,E6430,HR040220015,Mastapur BO,17660230,Rewari SO,17640013,Rewari Sub Division,17530004,Gurgaon Division,17300001,Haryana Circle,BPO,600,
17100615,E6429,HR040220009,Gokalgarh BO,17660230,Rewari SO,17640013,Rewari Sub Division,17530004,Gurgaon Division,17300001,Haryana Circle,BPO,600,
17100566,E6428,HR040220006,Budhpur BO,17660230,Rewari SO,17640013,Rewari Sub Division,17530004,Gurgaon Division,17300001,Haryana Circle,BPO,600,
17100557,E6427,HR040220003,Bikaner BO,17660230,Rewari SO,17640013,Rewari Sub Division,17530004,Gurgaon Division,17300001,Haryana Circle,BPO,600,
17100552,E1756,HR040211002,Bhotwas Ahir BO,17660201,Khori SO,17640013,Rewari Sub Division,17530004,Gurgaon Division,17300001,Haryana Circle,BPO,600,
17100649,E1309,HR040202009,Jhabuwa BO,17660165,Bawal SO,17640010,Gurgaon East Sub Division,17530004,Gurgaon Division,17300001,Haryana Circle,BPO,600,
17100518,E1211,HR040205001,Badhrana BO,17660173,Dharan SO,17640010,Gurgaon East Sub Division,17530004,Gurgaon Division,17300001,Haryana Circle,BPO,600,
17100817,D8065,HR040220024,Sulkha BO,17660230,Rewari SO,17640013,Rewari Sub Division,17530004,Gurgaon Division,17300001,Haryana Circle,BPO,600,
17100791,D8064,HR040220021,Rohrai BO,17660230,Rewari SO,17640013,Rewari Sub Division,17530004,Gurgaon Division,17300001,Haryana Circle,BPO,600,
17100584,D8063,HR040220007,Dehlawas Gulabpura BO,17660230,Rewari SO,17640013,Rewari Sub Division,17530004,Gurgaon Division,17300001,Haryana Circle,BPO,600,
17100605,D3548,HR040206002,Dungerwas BO,17660174,Dharuhera SO,17640010,Gurgaon East Sub Division,17530004,Gurgaon Division,17300001,Haryana Circle,BPO,600,
17100834,D3473,HR040211005,Tint BO,17660201,Khori SO,17640013,Rewari Sub Division,17530004,Gurgaon Division,17300001,Haryana Circle,BPO,600,
17100740,D2962,HR040202003,Naichana BO,17660165,Bawal SO,17640010,Gurgaon East Sub Division,17530004,Gurgaon Division,17300001,Haryana Circle,BPO,600,
17100721,D1909,HR040210004,Mandola BO,17660200,Khol SO,17640013,Rewari Sub Division,17530004,Gurgaon Division,17300001,Haryana Circle,BPO,600,
17100730,C9671,HR040220016,Mohanpur BO,17660230,Rewari SO,17640013,Rewari Sub Division,17530004,Gurgaon Division,17300001,Haryana Circle,BPO,600,
17100715,C9670,HR040220014,Majra Sheoraj BO,17660230,Rewari SO,17640013,Rewari Sub Division,17530004,Gurgaon Division,17300001,Haryana Circle,BPO,600,
17100678,C9669,HR040220011,Khandora BO,17660230,Rewari SO,17640013,Rewari Sub Division,17530004,Gurgaon Division,17300001,Haryana Circle,BPO,600,
17100561,C9668,HR040220004,Bithwana BO,17660230,Rewari SO,17640013,Rewari Sub Division,17530004,Gurgaon Division,17300001,Haryana Circle,BPO,600,
17100779,C5196,HR040206005,Raliawas BO,17660174,Dharuhera SO,17640010,Gurgaon East Sub Division,17530004,Gurgaon Division,17300001,Haryana Circle,BPO,600,
17100724,C5195,HR040206003,Masani BO,17660174,Dharuhera SO,17640010,Gurgaon East Sub Division,17530004,Gurgaon Division,17300001,Haryana Circle,BPO,600,
17100509,C5194,HR040206008,Akera BO,17660174,Dharuhera SO,17640010,Gurgaon East Sub Division,17530004,Gurgaon Division,17300001,Haryana Circle,BPO,600,
17100774,C4669,HR040202006,Pranpura BO,17660165,Bawal SO,17640010,Gurgaon East Sub Division,17530004,Gurgaon Division,17300001,Haryana Circle,BPO,600,
17100676,C3666,HR040210003,Khaleta BO,17660200,Khol SO,17640013,Rewari Sub Division,17530004,Gurgaon Division,17300001,Haryana Circle,BPO,600,
17100593,C3665,HR040210002,Dhawana BO,17660200,Khol SO,17640013,Rewari Sub Division,17530004,Gurgaon Division,17300001,Haryana Circle,BPO,600,
17100531,B6662,HR040211001,Basbatori BO,17660201,Khori SO,17640013,Rewari Sub Division,17530004,Gurgaon Division,17300001,Haryana Circle,BPO,600,
17100636,B6200,HR040202008,Jaisinghpur Khera BO,17660165,Bawal SO,17640010,Gurgaon East Sub Division,17530004,Gurgaon Division,17300001,Haryana Circle,BPO,600,
17100623,B6199,HR040202002,Gujar Majra BO,17660165,Bawal SO,17640010,Gurgaon East Sub Division,17530004,Gurgaon Division,17300001,Haryana Circle,BPO,600,
17100512,B6198,HR040202011,Asalwas BO,17660165,Bawal SO,17640010,Gurgaon East Sub Division,17530004,Gurgaon Division,17300001,Haryana Circle,BPO,600,
17100769,B5765,HR040102005,Pathreri BO,17660168,Bhorakalan SO,17640011,Gurgaon West Sub Division,17530004,Gurgaon Division,17300001,Haryana Circle,BPO,600,
17100842,B5046,HR040121004,Wazirabad BO,17660186,Gurgaon Sector 45 SO,17640011,Gurgaon West Sub Division,17530004,Gurgaon Division,17300001,Haryana Circle,BPO,600,
17100736,B2907,HR040220018,Musepur BO,17660230,Rewari SO,17640013,Rewari Sub Division,17530004,Gurgaon Division,17300001,Haryana Circle,BPO,600,
17100714,B2906,HR040220013,Majra Gurdas BO,17660230,Rewari SO,17640013,Rewari Sub Division,17530004,Gurgaon Division,17300001,Haryana Circle,BPO,600,
17100562,B2905,HR040220005,Boria Kamalpur BO,17660230,Rewari SO,17640013,Rewari Sub Division,17530004,Gurgaon Division,17300001,Haryana Circle,BPO,600,
17102197,AV739,HR040123956,Nahar Pur Rupa BO,17660217,Narsinghpur SO,17640011,Gurgaon West Sub Division,17530004,Gurgaon Division,17300001,Haryana Circle,BPO,600,
17100653,AV707,HR040105798,Jhanjrola Khera BO,17660178,Farrukh Nagar SO,17640011,Gurgaon West Sub Division,17530004,Gurgaon Division,17300001,Haryana Circle,BPO,600,
17100840,AO523,HR040108590,Ward No. 14 BO,17660229,Railwary Road SO,17640011,Gurgaon West Sub Division,17530004,Gurgaon Division,17300001,Haryana Circle,BPO,600,
17100827,AM121,HR040105383,TAJ NAGAR BO,17660178,Farrukh Nagar SO,17640011,Gurgaon West Sub Division,17530004,Gurgaon Division,17300001,Haryana Circle,BPO,600,
17100621,AK418,HR040109007,Gudhana BO,17660191,Haillymandi SO,17640011,Gurgaon West Sub Division,17530004,Gurgaon Division,17300001,Haryana Circle,BPO,600,
17100611,AK416,HR040119011,Garhi Wajidpur BO,17660233,Sohna SO,17640010,Gurgaon East Sub Division,17530004,Gurgaon Division,17300001,Haryana Circle,BPO,600,
17100681,A8325,HR040206007,Kharkhara BO,17660174,Dharuhera SO,17640010,Gurgaon East Sub Division,17530004,Gurgaon Division,17300001,Haryana Circle,BPO,600,
17100726,A6708,HR040210005,Mayan BO,17660200,Khol SO,17640013,Rewari Sub Division,17530004,Gurgaon Division,17300001,Haryana Circle,BPO,600,
17100794,A4459,HR040220022,Saharanwas BO,17660230,Rewari SO,17640013,Rewari Sub Division,17530004,Gurgaon Division,17300001,Haryana Circle,BPO,600,
17100731,A4458,HR040220017,Mohdinpur BO,17660230,Rewari SO,17640013,Rewari Sub Division,17530004,Gurgaon Division,17300001,Haryana Circle,BPO,600,
17100671,A4457,HR040220012,Karnawas BO,17660230,Rewari SO,17640013,Rewari Sub Division,17530004,Gurgaon Division,17300001,Haryana Circle,BPO,600,
17660510,0,0,Berli Kalan SO,17360005,Gurgaon HO,17640013,Rewari Sub Division,17530004,Gurgaon Division,17300001,Haryana Circle,SPO,1200,
17660509,0,0,I.A. Bawal,17360005,Gurgaon HO,17640010,Gurgaon East Sub Division,17530004,Gurgaon Division,17300001,Haryana Circle,SPO,1200,
17660165,12350101,HR040202000,Bawal SO,17360005,Gurgaon HO,17640010,Gurgaon East Sub Division,17530004,Gurgaon Division,17300001,Haryana Circle,SPO,3600,
17660173,12341201,HR040205000,Dharan SO,17360005,Gurgaon HO,17640010,Gurgaon East Sub Division,17530004,Gurgaon Division,17300001,Haryana Circle,SPO,1200,
17660172,12341101,HR040204000,Dahina SO,17360005,Gurgaon HO,17640013,Rewari Sub Division,17530004,Gurgaon Division,17300001,Haryana Circle,SPO,2640,
17660235,12340106,HR040222000,Tehsil Road Rewari SO,17360005,Gurgaon HO,17640013,Rewari Sub Division,17530004,Gurgaon Division,17300001,Haryana Circle,SPO,1200,
17660230,12340105,HR040220000,Rewari SO,17360005,Gurgaon HO,17640013,Rewari Sub Division,17530004,Gurgaon Division,17300001,Haryana Circle,SPO,8400,
17660220,12340104,HR040223000,New Anaz Mandi Rewari SO,17360005,Gurgaon HO,17640013,Rewari Sub Division,17530004,Gurgaon Division,17300001,Haryana Circle,SPO,1200,
17660208,12340103,HR040226000,Model Town Rewari SO,17360005,Gurgaon HO,17640013,Rewari Sub Division,17530004,Gurgaon Division,17300001,Haryana Circle,SPO,1800,
17660197,12340102,HR040228000,Kankarwali Rewari SO,17360005,Gurgaon HO,17640013,Rewari Sub Division,17530004,Gurgaon Division,17300001,Haryana Circle,SPO,1200,
17660183,12340101,HR040229000,Gokal Bazar Rewari SO,17360005,Gurgaon HO,17640013,Rewari Sub Division,17530004,Gurgaon Division,17300001,Haryana Circle,SPO,1800,
17660219,12330401,HR040276000,Nehrugarh SO,17360005,Gurgaon HO,17640013,Rewari Sub Division,17530004,Gurgaon Division,17300001,Haryana Circle,SPO,1200,
17660211,12330301,HR040216000,Nahar SO,17360005,Gurgaon HO,17640013,Rewari Sub Division,17530004,Gurgaon Division,17300001,Haryana Circle,SPO,1800,
17660202,12330201,HR040212000,Kosli SO,17360005,Gurgaon HO,17640013,Rewari Sub Division,17530004,Gurgaon Division,17300001,Haryana Circle,SPO,1800,
17660190,12330101,HR040207000,Guriani SO,17360005,Gurgaon HO,17640013,Rewari Sub Division,17530004,Gurgaon Division,17300001,Haryana Circle,SPO,1800,
17660193,12311001,HR040208000,Industrial Area Dharuhera SO,17360005,Gurgaon HO,17640010,Gurgaon East Sub Division,17530004,Gurgaon Division,17300001,Haryana Circle,SPO,1800,
17660174,12310601,HR040206000,Dharuhera SO,17360005,Gurgaon HO,17640010,Gurgaon East Sub Division,17530004,Gurgaon Division,17300001,Haryana Circle,SPO,2640,
17660200,12310301,HR040210000,Khol SO,17360005,Gurgaon HO,17640013,Rewari Sub Division,17530004,Gurgaon Division,17300001,Haryana Circle,SPO,1800,
17660203,12310201,HR040213000,Kund SO,17360005,Gurgaon HO,17640013,Rewari Sub Division,17530004,Gurgaon Division,17300001,Haryana Circle,SPO,1800,
17660201,12310101,HR040211000,Khori SO,17360005,Gurgaon HO,17640013,Rewari Sub Division,17530004,Gurgaon Division,17300001,Haryana Circle,SPO,1800,
17660226,12303501,HR040219000,Palhawas SO,17360005,Gurgaon HO,17640013,Rewari Sub Division,17530004,Gurgaon Division,17300001,Haryana Circle,SPO,1800,
17660178,12250601,HR040105000,Farrukh Nagar SO,17360005,Gurgaon HO,17640011,Gurgaon West Sub Division,17530004,Gurgaon Division,17300001,Haryana Circle,SPO,1800,
17660182,12250501,HR040107000,Garhi Harsaru SO,17360005,Gurgaon HO,17640011,Gurgaon West Sub Division,17530004,Gurgaon Division,17300001,Haryana Circle,SPO,1800,
17660191,12250401,HR040109000,Haillymandi SO,17360005,Gurgaon HO,17640011,Gurgaon West Sub Division,17530004,Gurgaon Division,17300001,Haryana Circle,SPO,1800,
17660227,12250301,HR040117000,Pataudi SO,17360005,Gurgaon HO,17640011,Gurgaon West Sub Division,17530004,Gurgaon Division,17300001,Haryana Circle,SPO,1800,
17660198,12250201,HR040111000,Khalilpur SO,17360005,Gurgaon HO,17640011,Gurgaon West Sub Division,17530004,Gurgaon Division,17300001,Haryana Circle,SPO,1800,
17660214,12241401,HR040113000,Nanukalan SO,17360005,Gurgaon HO,17640011,Gurgaon West Sub Division,17530004,Gurgaon Division,17300001,Haryana Circle,SPO,1200,
17660168,12241301,HR040102000,Bhorakalan SO,17360005,Gurgaon HO,17640011,Gurgaon West Sub Division,17530004,Gurgaon Division,17300001,Haryana Circle,SPO,1800,
17660233,12210301,HR040119000,Sohna SO,17360005,Gurgaon HO,17640010,Gurgaon East Sub Division,17530004,Gurgaon Division,17300001,Haryana Circle,SPO,3600,
17660167,12210201,HR040103000,Bhondsi SO,17360005,Gurgaon HO,17640010,Gurgaon East Sub Division,17530004,Gurgaon Division,17300001,Haryana Circle,SPO,1800,
17660163,12210101,HR040101000,Badshahpur SO,17360005,Gurgaon HO,17640010,Gurgaon East Sub Division,17530004,Gurgaon Division,17300001,Haryana Circle,SPO,1800,
17660170,12209801,HR040145000,CRPF Kadarpur SO,17360005,Gurgaon HO,17640010,Gurgaon East Sub Division,17530004,Gurgaon Division,17300001,Haryana Circle,SPO,1200,
17660192,12205201,HR040134000,IMT Manesar SO,17360005,Gurgaon HO,17640011,Gurgaon West Sub Division,17530004,Gurgaon Division,17300001,Haryana Circle,SPO,1200,
17660222,12205101,HR040122000,NSG Camp Manesar SO,17360005,Gurgaon HO,17640011,Gurgaon West Sub Division,17530004,Gurgaon Division,17300001,Haryana Circle,SPO,1800,
17660171,12201802,HR040146000,D Block South City II Gurgaon SO,17360005,Gurgaon HO,17640010,Gurgaon East Sub Division,17530004,Gurgaon Division,17300001,Haryana Circle,SPO,1200,
17660189,12201801,HR040125000,Gurgaon South City II SO,17360005,Gurgaon HO,17640010,Gurgaon East Sub Division,17530004,Gurgaon Division,17300001,Haryana Circle,SPO,1800,
17660225,12201701,HR040116000,Palam Vihar Gurgaon SO,17360005,Gurgaon HO,17640011,Gurgaon West Sub Division,17530004,Gurgaon Division,17300001,Haryana Circle,SPO,2640,
17660194,12201601,HR040110000,Industrial Complex Dundahera SO,17360005,Gurgaon HO,17640011,Gurgaon West Sub Division,17530004,Gurgaon Division,17300001,Haryana Circle,SPO,2640,
17660224,12201501,HR040115000,Palam Road SO,17360005,Gurgaon HO,17640011,Gurgaon West Sub Division,17530004,Gurgaon Division,17300001,Haryana Circle,SPO,3600,
17660237,12201201,HR040146000,Vatika India Sec 82 SO,17360005,Gurgaon HO,17640011,Gurgaon West Sub Division,17530004,Gurgaon Division,17300001,Haryana Circle,SPO,1800,
17660187,12201101,HR040129000,Gurgaon Sector 56 SO,17360005,Gurgaon HO,17640011,Gurgaon West Sub Division,17530004,Gurgaon Division,17300001,Haryana Circle,SPO,1800,
17660180,12200901,HR040137000,Galleria DLF IV Gurgaon SO,17360005,Gurgaon HO,17640010,Gurgaon East Sub Division,17530004,Gurgaon Division,17300001,Haryana Circle,SPO,1800,
17660175,12200801,HR040139000,DLF PhII Gurgaon SO,17360005,Gurgaon HO,17640010,Gurgaon East Sub Division,17530004,Gurgaon Division,17300001,Haryana Circle,SPO,1800,
17660195,12200701,HR040135000,Industrial Estate Gurgaon SO,17360005,Gurgaon HO,17640010,Gurgaon East Sub Division,17530004,Gurgaon Division,17300001,Haryana Circle,SPO,3600,
17660229,12200601,HR040108000,Railwary Road SO,17360005,Gurgaon HO,17640011,Gurgaon West Sub Division,17530004,Gurgaon Division,17300001,Haryana Circle,SPO,1800,
17660161,12200501,HR040142000,Air Force SO,17360005,Gurgaon HO,17640011,Gurgaon West Sub Division,17530004,Gurgaon Division,17300001,Haryana Circle,SPO,1200,
17660217,12200401,HR040123000,Narsinghpur SO,17360005,Gurgaon HO,17640011,Gurgaon West Sub Division,17530004,Gurgaon Division,17300001,Haryana Circle,SPO,1200,
17660186,12200301,HR040121000,Gurgaon Sector 45 SO,17360005,Gurgaon HO,17640011,Gurgaon West Sub Division,17530004,Gurgaon Division,17300001,Haryana Circle,SPO,1200,
17660177,12200201,HR040140000,DLF QE Gurgaon SO,17360005,Gurgaon HO,17640010,Gurgaon East Sub Division,17530004,Gurgaon Division,17300001,Haryana Circle,SPO,2640,
17660181,12200112,HR040186000,Garauli Khurd SO,17360005,Gurgaon HO,17640011,Gurgaon West Sub Division,17530004,Gurgaon Division,17300001,Haryana Circle,SPO,1200,
17660236,12200111,HR040124000,Urban Estate Gurgaon SO,17360005,Gurgaon HO,17640011,Gurgaon West Sub Division,17530004,Gurgaon Division,17300001,Haryana Circle,SPO,1200,
17660232,12200109,HR040128000,Shivaji Nagar Gurgaon SO,17360005,Gurgaon HO,17640010,Gurgaon East Sub Division,17530004,Gurgaon Division,17300001,Haryana Circle,SPO,1200,
17660221,12200108,HR040131000,New Colony Gurgaon SO,17360005,Gurgaon HO,17640011,Gurgaon West Sub Division,17530004,Gurgaon Division,17300001,Haryana Circle,SPO,1800,
17660206,12200107,HR040132000,Mini Secretariat Gurgaon SO,17360005,Gurgaon HO,17640010,Gurgaon East Sub Division,17530004,Gurgaon Division,17300001,Haryana Circle,SPO,1800,
17660199,12200106,HR040133000,Khandsa Road SO,17360005,Gurgaon HO,17640010,Gurgaon East Sub Division,17530004,Gurgaon Division,17300001,Haryana Circle,SPO,1200,
17660188,12200105,HR040126000,Gurgaon South City I SO,17360005,Gurgaon HO,17640011,Gurgaon West Sub Division,17530004,Gurgaon Division,17300001,Haryana Circle,SPO,1200,
17660185,12200104,HR040130000,Gurgaon Sector 17 SO,17360005,Gurgaon HO,17640010,Gurgaon East Sub Division,17530004,Gurgaon Division,17300001,Haryana Circle,SPO,1200,
17660184,12200103,HR040136000,Gurgaon Kutchery SO,17360005,Gurgaon HO,17640010,Gurgaon East Sub Division,17530004,Gurgaon Division,17300001,Haryana Circle,SPO,1200,
17660164,12200102,HR040141000,Basai Road SO,17360005,Gurgaon HO,17640011,Gurgaon West Sub Division,17530004,Gurgaon Division,17300001,Haryana Circle,SPO,1200,
17660162,12200101,HR040143000,Arjun Nagar SO,17360005,Gurgaon HO,17640011,Gurgaon West Sub Division,17530004,Gurgaon Division,17300001,Haryana Circle,SPO,1800,
17360005,12200100,HR040100000,Gurgaon HO,17360005,Gurgaon HO,17640011,Gurgaon West Sub Division,17530004,Gurgaon Division,17300001,Haryana Circle,HPO,10200,
17102199,0,0,Kheri Ramgarh BO,17660219,Nehrugarh SO,17640013,Rewari Sub Division,17530004,Gurgaon Division,17300001,Haryana Circle,BPO,600,
17101287,N8074,HR050100033,Ttc Hisar BO,17660251,BSF Hisar SO,17640016,Hisar West Sub Division,17530005,Hissar Division,17300001,Haryana Circle,BPO,600,
17100998,N8073,HR050100016,Glf Hisar BO,17660251,BSF Hisar SO,17640016,Hisar West Sub Division,17530005,Hissar Division,17300001,Haryana Circle,BPO,600,
17100939,N8072,HR050100011,CSF Hisar BO,17660251,BSF Hisar SO,17640016,Hisar West Sub Division,17530005,Hissar Division,17300001,Haryana Circle,BPO,600,
17101270,L6360,HR050210005,Sultanpuria BO,17660292,Rania SO,17640017,Sirsa-I Sub Division,17530005,Hissar Division,17300001,Haryana Circle,BPO,600,
17101174,L6359,HR050210004,Nanuana BO,17660292,Rania SO,17640017,Sirsa-I Sub Division,17530005,Hissar Division,17300001,Haryana Circle,BPO,600,
17101072,L6358,HR050210003,Kharian BO,17660292,Rania SO,17640017,Sirsa-I Sub Division,17530005,Hissar Division,17300001,Haryana Circle,BPO,600,
17101038,L6357,HR050210002,Jodhpuria BO,17660292,Rania SO,17640017,Sirsa-I Sub Division,17530005,Hissar Division,17300001,Haryana Circle,BPO,600,
17100976,L6356,HR050210001,Dohtar BO,17660292,Rania SO,17640017,Sirsa-I Sub Division,17530005,Hissar Division,17300001,Haryana Circle,BPO,600,
17101254,L6276,HR050208014,Shergarh BO,17660277,Mandi Dabwali SO,17640037,Sirsa -II Sub Division,17530005,Hissar Division,17300001,Haryana Circle,BPO,600,
17101232,L6275,HR050208011,Sakta Khera BO,17660277,Mandi Dabwali SO,17640037,Sirsa -II Sub Division,17530005,Hissar Division,17300001,Haryana Circle,BPO,600,
17101194,L6274,HR050208010,Paniwala Ruldu BO,17660277,Mandi Dabwali SO,17640037,Sirsa -II Sub Division,17530005,Hissar Division,17300001,Haryana Circle,BPO,600,
17101151,L6273,HR050208012,Mithri BO,17660277,Mandi Dabwali SO,17640037,Sirsa -II Sub Division,17530005,Hissar Division,17300001,Haryana Circle,BPO,600,
17101136,L6272,HR050208013,Maujgarbh BO,17660277,Mandi Dabwali SO,17640037,Sirsa -II Sub Division,17530005,Hissar Division,17300001,Haryana Circle,BPO,600,
17101130,L6271,HR050208008,Masitan BO,17660277,Mandi Dabwali SO,17640037,Sirsa -II Sub Division,17530005,Hissar Division,17300001,Haryana Circle,BPO,600,
17101128,L6270,HR050208009,Mangiana BO,17660277,Mandi Dabwali SO,17640037,Sirsa -II Sub Division,17530005,Hissar Division,17300001,Haryana Circle,BPO,600,
17101113,L6269,HR050208007,Lohgarh BO,17660277,Mandi Dabwali SO,17640037,Sirsa -II Sub Division,17530005,Hissar Division,17300001,Haryana Circle,BPO,600,
17101081,L6268,HR050208006,Khuiyana Malkana BO,17660277,Mandi Dabwali SO,17640037,Sirsa -II Sub Division,17530005,Hissar Division,17300001,Haryana Circle,BPO,600,
17101005,L6267,HR050208005,Habuana BO,17660277,Mandi Dabwali SO,17640037,Sirsa -II Sub Division,17530005,Hissar Division,17300001,Haryana Circle,BPO,600,
17100956,L6266,HR050208003,Desu JodhaBO,17660277,Mandi Dabwali SO,17640037,Sirsa -II Sub Division,17530005,Hissar Division,17300001,Haryana Circle,BPO,600,
17100941,L6265,HR050208004,Dabwali Village BO,17660277,Mandi Dabwali SO,17640037,Sirsa -II Sub Division,17530005,Hissar Division,17300001,Haryana Circle,BPO,600,
17100927,L6264,HR050208002,Chatha BO,17660277,Mandi Dabwali SO,17640037,Sirsa -II Sub Division,17530005,Hissar Division,17300001,Haryana Circle,BPO,600,
17100844,L6263,HR050208001,Abubshahar BO,17660277,Mandi Dabwali SO,17640037,Sirsa -II Sub Division,17530005,Hissar Division,17300001,Haryana Circle,BPO,600,
17101279,L5341,HR050207014,Taruana BO,17660272,Kalanwali SO,17640037,Sirsa -II Sub Division,17530005,Hissar Division,17300001,Haryana Circle,BPO,600,
17101274,L5340,HR050207013,Takhatmal BO,17660272,Kalanwali SO,17640037,Sirsa -II Sub Division,17530005,Hissar Division,17300001,Haryana Circle,BPO,600,
17101273,L5339,HR050207012,Surtia BO,17660272,Kalanwali SO,17640037,Sirsa -II Sub Division,17530005,Hissar Division,17300001,Haryana Circle,BPO,600,
17101266,L5338,HR050207011,Sukhchain BO,17660272,Kalanwali SO,17640037,Sirsa -II Sub Division,17530005,Hissar Division,17300001,Haryana Circle,BPO,600,
17101258,L5337,HR050207016,Singhpura BO,17660272,Kalanwali SO,17640037,Sirsa -II Sub Division,17530005,Hissar Division,17300001,Haryana Circle,BPO,600,
17101225,L5336,HR050207010,Rori BO,17660272,Kalanwali SO,17640037,Sirsa -II Sub Division,17530005,Hissar Division,17300001,Haryana Circle,BPO,600,
17101205,L5335,HR050207009,Pipli BO,17660272,Kalanwali SO,17640037,Sirsa -II Sub Division,17530005,Hissar Division,17300001,Haryana Circle,BPO,600,
17101200,L5334,HR050207008,Phaggu BO,17660272,Kalanwali SO,17640037,Sirsa -II Sub Division,17530005,Hissar Division,17300001,Haryana Circle,BPO,600,
17101188,L5333,HR050207007,Pakka BO,17660272,Kalanwali SO,17640037,Sirsa -II Sub Division,17530005,Hissar Division,17300001,Haryana Circle,BPO,600,
17101105,L5332,HR050207006,Lakarwali BO,17660272,Kalanwali SO,17640037,Sirsa -II Sub Division,17530005,Hissar Division,17300001,Haryana Circle,BPO,600,
17101023,L5331,HR050207005,Jalalana BO,17660272,Kalanwali SO,17640037,Sirsa -II Sub Division,17530005,Hissar Division,17300001,Haryana Circle,BPO,600,
17101021,L5330,HR050207004,Jagmalwali BO,17660272,Kalanwali SO,17640037,Sirsa -II Sub Division,17530005,Hissar Division,17300001,Haryana Circle,BPO,600,
17100985,L5329,HR050207003,Gadrana BO,17660272,Kalanwali SO,17640037,Sirsa -II Sub Division,17530005,Hissar Division,17300001,Haryana Circle,BPO,600,
17100957,L5328,HR050207002,Desu Mulkana BO,17660272,Kalanwali SO,17640037,Sirsa -II Sub Division,17530005,Hissar Division,17300001,Haryana Circle,BPO,600,
17100942,L5327,HR050207015,Dadu BO,17660272,Kalanwali SO,17640037,Sirsa -II Sub Division,17530005,Hissar Division,17300001,Haryana Circle,BPO,600,
17100919,L5326,HR050207001,Chakerian BO,17660272,Kalanwali SO,17640037,Sirsa -II Sub Division,17530005,Hissar Division,17300001,Haryana Circle,BPO,600,
17101261,L4424,HR050113020,Siswal BO,17660276,Mandi Adampur SO,17640014,Fatehabad Sub Division,17530005,Hissar Division,17300001,Haryana Circle,BPO,600,
17101240,L4423,HR050113019,Sarangpur BO,17660276,Mandi Adampur SO,17640014,Fatehabad Sub Division,17530005,Hissar Division,17300001,Haryana Circle,BPO,600,
17101233,L4422,HR050113018,Salemgarh BO,17660276,Mandi Adampur SO,17640014,Fatehabad Sub Division,17530005,Hissar Division,17300001,Haryana Circle,BPO,600,
17101227,L4421,HR050113017,Sadalpur BO,17660276,Mandi Adampur SO,17640014,Fatehabad Sub Division,17530005,Hissar Division,17300001,Haryana Circle,BPO,600,
17101154,L4420,HR050113016,Mohabatpur BO,17660276,Mandi Adampur SO,17640014,Fatehabad Sub Division,17530005,Hissar Division,17300001,Haryana Circle,BPO,600,
17101153,L4419,HR050113014,Moda Khera BO,17660276,Mandi Adampur SO,17640014,Fatehabad Sub Division,17530005,Hissar Division,17300001,Haryana Circle,BPO,600,
17101118,L4418,HR050113015,Mahalsara BO,17660276,Mandi Adampur SO,17640014,Fatehabad Sub Division,17530005,Hissar Division,17300001,Haryana Circle,BPO,600,
17101104,L4417,HR050113013,Ladwi BO,17660276,Mandi Adampur SO,17640014,Fatehabad Sub Division,17530005,Hissar Division,17300001,Haryana Circle,BPO,600,
17101089,L4416,HR050113008,Kohli BO,17660276,Mandi Adampur SO,17640014,Fatehabad Sub Division,17530005,Hissar Division,17300001,Haryana Circle,BPO,600,
17101088,L4415,HR050113012,Kishangarh BO,17660276,Mandi Adampur SO,17640014,Fatehabad Sub Division,17530005,Hissar Division,17300001,Haryana Circle,BPO,600,
17101061,L4414,HR050113021,Khairampur BO,17660276,Mandi Adampur SO,17640014,Fatehabad Sub Division,17530005,Hissar Division,17300001,Haryana Circle,BPO,600,
17101045,L4413,HR050113011,Kalirawan BO,17660276,Mandi Adampur SO,17640014,Fatehabad Sub Division,17530005,Hissar Division,17300001,Haryana Circle,BPO,600,
17101044,L4412,HR050113010,Kajlan BO,17660276,Mandi Adampur SO,17640014,Fatehabad Sub Division,17530005,Hissar Division,17300001,Haryana Circle,BPO,600,
17101040,L4411,HR050113007,Kabrel BO,17660276,Mandi Adampur SO,17640014,Fatehabad Sub Division,17530005,Hissar Division,17300001,Haryana Circle,BPO,600,
17101022,L4410,HR050113009,Jakhod Khera BO,17660276,Mandi Adampur SO,17640014,Fatehabad Sub Division,17530005,Hissar Division,17300001,Haryana Circle,BPO,600,
17100996,L4409,HR050113006,Ghursal BO,17660276,Mandi Adampur SO,17640014,Fatehabad Sub Division,17530005,Hissar Division,17300001,Haryana Circle,BPO,600,
17100979,L4408,HR050113023,Durjanpur BO,17660276,Mandi Adampur SO,17640014,Fatehabad Sub Division,17530005,Hissar Division,17300001,Haryana Circle,BPO,600,
17100951,L4407,HR050113005,Daroli BO,17660276,Mandi Adampur SO,17640014,Fatehabad Sub Division,17530005,Hissar Division,17300001,Haryana Circle,BPO,600,
17100938,L4406,HR050113004,Chuli Khurd BO,17660276,Mandi Adampur SO,17640014,Fatehabad Sub Division,17530005,Hissar Division,17300001,Haryana Circle,BPO,600,
17100937,L4405,HR050113003,Chuli Bagrian BO,17660276,Mandi Adampur SO,17640014,Fatehabad Sub Division,17530005,Hissar Division,17300001,Haryana Circle,BPO,600,
17100864,L4404,HR050113002,Bagla BO,17660276,Mandi Adampur SO,17640014,Fatehabad Sub Division,17530005,Hissar Division,17300001,Haryana Circle,BPO,600,
17100857,L4403,HR050113001,Asrawan BO,17660276,Mandi Adampur SO,17640014,Fatehabad Sub Division,17530005,Hissar Division,17300001,Haryana Circle,BPO,600,
17101212,L3937,HR050118007,Raipur BO,17660294,Satroad Khurd SO,17640015,Hisar East Sub Division,17530005,Hissar Division,17300001,Haryana Circle,BPO,600,
17101210,L3936,HR050118006,Qutabpur BO,17660294,Satroad Khurd SO,17640015,Hisar East Sub Division,17530005,Hissar Division,17300001,Haryana Circle,BPO,600,
17101139,L3935,HR050118005,Mayar BO,17660294,Satroad Khurd SO,17640015,Hisar East Sub Division,17530005,Hissar Division,17300001,Haryana Circle,BPO,600,
17101068,L3934,HR050118003,Kharar Alipur BO,17660294,Satroad Khurd SO,17640015,Hisar East Sub Division,17530005,Hissar Division,17300001,Haryana Circle,BPO,600,
17100886,L3933,HR050118001,Bhagana BO,17660294,Satroad Khurd SO,17640015,Hisar East Sub Division,17530005,Hissar Division,17300001,Haryana Circle,BPO,600,
17101180,L3932,HR050115007,Nehla BO,17660290,Pabra SO,17640018,Tohana Sub Division,17530005,Hissar Division,17300001,Haryana Circle,BPO,600,
17101086,L3931,HR050115006,Kirori BO,17660290,Pabra SO,17640018,Tohana Sub Division,17530005,Hissar Division,17300001,Haryana Circle,BPO,600,
17101083,L3930,HR050115005,Kinala BO,17660290,Pabra SO,17640018,Tohana Sub Division,17530005,Hissar Division,17300001,Haryana Circle,BPO,600,
17101064,L3929,HR050115004,Khairi BO,17660290,Pabra SO,17640018,Tohana Sub Division,17530005,Hissar Division,17300001,Haryana Circle,BPO,600,
17101050,L3928,HR050115003,Kanoh Punia BO,17660290,Pabra SO,17640018,Tohana Sub Division,17530005,Hissar Division,17300001,Haryana Circle,BPO,600,
17100944,L3927,HR050115002,Dahman BO,17660290,Pabra SO,17640018,Tohana Sub Division,17530005,Hissar Division,17300001,Haryana Circle,BPO,600,
17100870,L3926,HR050115001,Balak BO,17660290,Pabra SO,17640018,Tohana Sub Division,17530005,Hissar Division,17300001,Haryana Circle,BPO,600,
17101286,L3912,HR050100034,Tokas BO,17660262,Ha U Hisar SO,17640016,Hisar West Sub Division,17530005,Hissar Division,17300001,Haryana Circle,BPO,600,
17101271,L3911,HR050100030,Sundawas BO,17660262,Ha U Hisar SO,17640016,Hisar West Sub Division,17530005,Hissar Division,17300001,Haryana Circle,BPO,600,
17101247,L3910,HR050109004,Shahpur BO,17660262,Ha U Hisar SO,17640016,Hisar West Sub Division,17530005,Hissar Division,17300001,Haryana Circle,BPO,600,
17101242,L3909,HR050100028,Sarsana BO,17660262,Ha U Hisar SO,17640016,Hisar West Sub Division,17530005,Hissar Division,17300001,Haryana Circle,BPO,600,
17101223,L3908,HR050100027,Rawalwas Khurd BO,17660262,Ha U Hisar SO,17640016,Hisar West Sub Division,17530005,Hissar Division,17300001,Haryana Circle,BPO,600,
17101181,L3907,HR050109003,Neoli Kalan BO,17660262,Ha U Hisar SO,17640016,Hisar West Sub Division,17530005,Hissar Division,17300001,Haryana Circle,BPO,600,
17101134,L3906,HR050100026,Mattar Sham BO,17660262,Ha U Hisar SO,17640016,Hisar West Sub Division,17530005,Hissar Division,17300001,Haryana Circle,BPO,600,
17101087,L3905,HR050100024,Kirtan BO,17660262,Ha U Hisar SO,17640016,Hisar West Sub Division,17530005,Hissar Division,17300001,Haryana Circle,BPO,600,
17101071,L3904,HR050100022,Kharia BO,17660262,Ha U Hisar SO,17640016,Hisar West Sub Division,17530005,Hissar Division,17300001,Haryana Circle,BPO,600,
17100980,L3903,HR050100014,Ebs Hisar BO,17660262,Ha U Hisar SO,17640016,Hisar West Sub Division,17530005,Hissar Division,17300001,Haryana Circle,BPO,600,
17100975,L3902,HR050100013,DOBHI BO,17660262,Ha U Hisar SO,17640016,Hisar West Sub Division,17530005,Hissar Division,17300001,Haryana Circle,BPO,600,
17100930,L3901,HR050100010,Chaudhariwali BO,17660262,Ha U Hisar SO,17640016,Hisar West Sub Division,17530005,Hissar Division,17300001,Haryana Circle,BPO,600,
17100912,L3900,HR050100006,Burak BO,17660262,Ha U Hisar SO,17640016,Hisar West Sub Division,17530005,Hissar Division,17300001,Haryana Circle,BPO,600,
17100877,L3899,HR050100003,Bandaheri BO,17660262,Ha U Hisar SO,17640016,Hisar West Sub Division,17530005,Hissar Division,17300001,Haryana Circle,BPO,600,
17100873,L3898,HR050100002,Balsmand BO,17660262,Ha U Hisar SO,17640016,Hisar West Sub Division,17530005,Hissar Division,17300001,Haryana Circle,BPO,600,
17100855,L3897,HR050100001,Arya Nagar BO,17660262,Ha U Hisar SO,17640016,Hisar West Sub Division,17530005,Hissar Division,17300001,Haryana Circle,BPO,600,
17101277,L3896,HR050110006,Talwara BO,17660270,Jakhal Mandi SO,17640018,Tohana Sub Division,17530005,Hissar Division,17300001,Haryana Circle,BPO,600,
17101256,L3895,HR050110005,Sidhani BO,17660270,Jakhal Mandi SO,17640018,Tohana Sub Division,17530005,Hissar Division,17300001,Haryana Circle,BPO,600,
17101228,L3894,HR050110003,Sadhanwas BO,17660270,Jakhal Mandi SO,17640018,Tohana Sub Division,17530005,Hissar Division,17300001,Haryana Circle,BPO,600,
17101178,L3893,HR050110004,Nathuwal BO,17660270,Jakhal Mandi SO,17640018,Tohana Sub Division,17530005,Hissar Division,17300001,Haryana Circle,BPO,600,
17101161,L3892,HR050120015,Mundlian BO,17660270,Jakhal Mandi SO,17640018,Tohana Sub Division,17530005,Hissar Division,17300001,Haryana Circle,BPO,600,
17101144,L3891,HR050110001,Meond Khurd BO,17660270,Jakhal Mandi SO,17640018,Tohana Sub Division,17530005,Hissar Division,17300001,Haryana Circle,BPO,600,
17101143,L3890,HR050110002,Meond Kalan BO,17660270,Jakhal Mandi SO,17640018,Tohana Sub Division,17530005,Hissar Division,17300001,Haryana Circle,BPO,600,
17101224,J8304,HR050206011,Risalia Khera BO,17660261,Goriwala SO,17640037,Sirsa -II Sub Division,17530005,Hissar Division,17300001,Haryana Circle,BPO,600,
17101216,J8303,HR050206010,Rampur Bishnoian BO,17660261,Goriwala SO,17640037,Sirsa -II Sub Division,17530005,Hissar Division,17300001,Haryana Circle,BPO,600,
17101162,J8302,HR050206009,Munnawali BO,17660261,Goriwala SO,17640037,Sirsa -II Sub Division,17530005,Hissar Division,17300001,Haryana Circle,BPO,600,
17101132,J8301,HR050206008,Matdadu BO,17660261,Goriwala SO,17640037,Sirsa -II Sub Division,17530005,Hissar Division,17300001,Haryana Circle,BPO,600,
17101057,J8300,HR050206006,Keharwala BO,17660261,Goriwala SO,17640037,Sirsa -II Sub Division,17530005,Hissar Division,17300001,Haryana Circle,BPO,600,
17101047,J8299,HR050206007,Kaluana BO,17660261,Goriwala SO,17640037,Sirsa -II Sub Division,17530005,Hissar Division,17300001,Haryana Circle,BPO,600,
17100995,J8298,HR050206005,Ghoranwali BO,17660261,Goriwala SO,17640037,Sirsa -II Sub Division,17530005,Hissar Division,17300001,Haryana Circle,BPO,600,
17100990,J8297,HR050206004,Ganga BO,17660261,Goriwala SO,17640037,Sirsa -II Sub Division,17530005,Hissar Division,17300001,Haryana Circle,BPO,600,
17100920,J8296,HR050206003,Chakkan BO,17660261,Goriwala SO,17640037,Sirsa -II Sub Division,17530005,Hissar Division,17300001,Haryana Circle,BPO,600,
17100904,J8295,HR050206002,Bijuwali BO,17660261,Goriwala SO,17640037,Sirsa -II Sub Division,17530005,Hissar Division,17300001,Haryana Circle,BPO,600,
17100880,J8294,HR050206001,Banwala BO,17660261,Goriwala SO,17640037,Sirsa -II Sub Division,17530005,Hissar Division,17300001,Haryana Circle,BPO,600,
17101219,J7798,HR050212010,RASULPUR BO,17660295,Sikander Pur SO,17640017,Sirsa-I Sub Division,17530005,Hissar Division,17300001,Haryana Circle,BPO,600,
17101201,J7797,HR050212006,Phulkan BO,17660295,Sikander Pur SO,17640017,Sirsa-I Sub Division,17530005,Hissar Division,17300001,Haryana Circle,BPO,600,
17101191,J7796,HR050212009,PANIHARI BO,17660295,Sikander Pur SO,17640017,Sirsa-I Sub Division,17530005,Hissar Division,17300001,Haryana Circle,BPO,600,
17101185,J7795,HR050212008,Nozadela Kalan BO,17660295,Sikander Pur SO,17640017,Sirsa-I Sub Division,17530005,Hissar Division,17300001,Haryana Circle,BPO,600,
17101157,J7794,HR050212005,Moriwala BO,17660295,Sikander Pur SO,17640017,Sirsa-I Sub Division,17530005,Hissar Division,17300001,Haryana Circle,BPO,600,
17100984,J7793,HR050212007,Furwain Kalan BO,17660295,Sikander Pur SO,17640017,Sirsa-I Sub Division,17530005,Hissar Division,17300001,Haryana Circle,BPO,600,
17100949,J7792,HR050212004,Darbi BO,17660295,Sikander Pur SO,17640017,Sirsa-I Sub Division,17530005,Hissar Division,17300001,Haryana Circle,BPO,600,
17100891,J7791,HR050212003,Bharokhan BO,17660295,Sikander Pur SO,17640017,Sirsa-I Sub Division,17530005,Hissar Division,17300001,Haryana Circle,BPO,600,
17100869,J7790,HR050212001,Bajekan BO,17660295,Sikander Pur SO,17640017,Sirsa-I Sub Division,17530005,Hissar Division,17300001,Haryana Circle,BPO,600,
17100867,J7789,HR050212002,Baidwala BO,17660295,Sikander Pur SO,17640017,Sirsa-I Sub Division,17530005,Hissar Division,17300001,Haryana Circle,BPO,600,
17101284,J7276,HR050102012,Thuiyan BO,17660249,Bhattu Kalan SO,17640014,Fatehabad Sub Division,17530005,Hissar Division,17300001,Haryana Circle,BPO,600,
17101268,J7275,HR050102013,Suli Khera BO,17660249,Bhattu Kalan SO,17640014,Fatehabad Sub Division,17530005,Hissar Division,17300001,Haryana Circle,BPO,600,
17101253,J7274,HR050102010,Shekhupur Daroli B.O,17660249,Bhattu Kalan SO,17640014,Fatehabad Sub Division,17530005,Hissar Division,17300001,Haryana Circle,BPO,600,
17101217,J7273,HR050102011,Ramsara BO,17660249,Bhattu Kalan SO,17640014,Fatehabad Sub Division,17530005,Hissar Division,17300001,Haryana Circle,BPO,600,
17101204,J7272,HR050102009,Pili Mandori BO,17660249,Bhattu Kalan SO,17640014,Fatehabad Sub Division,17530005,Hissar Division,17300001,Haryana Circle,BPO,600,
17101142,J7271,HR050102008,Mehuwala BO,17660249,Bhattu Kalan SO,17640014,Fatehabad Sub Division,17530005,Hissar Division,17300001,Haryana Circle,BPO,600,
17101084,J7270,HR050102007,Kirdhan BO,17660249,Bhattu Kalan SO,17640014,Fatehabad Sub Division,17530005,Hissar Division,17300001,Haryana Circle,BPO,600,
17101059,J7269,HR050102006,Khabra Kalan BO,17660249,Bhattu Kalan SO,17640014,Fatehabad Sub Division,17530005,Hissar Division,17300001,Haryana Circle,BPO,600,
17101031,J7268,HR050102005,Jandwala BO,17660249,Bhattu Kalan SO,17640014,Fatehabad Sub Division,17530005,Hissar Division,17300001,Haryana Circle,BPO,600,
17100972,J7267,HR050102004,Dhingsara BO,17660249,Bhattu Kalan SO,17640014,Fatehabad Sub Division,17530005,Hissar Division,17300001,Haryana Circle,BPO,600,
17100958,J7266,HR050102002,Dhabi Kalan BO,17660249,Bhattu Kalan SO,17640014,Fatehabad Sub Division,17530005,Hissar Division,17300001,Haryana Circle,BPO,600,
17100945,J7265,HR050102003,Daiyar BO,17660249,Bhattu Kalan SO,17640014,Fatehabad Sub Division,17530005,Hissar Division,17300001,Haryana Circle,BPO,600,
17100874,J7264,HR050102001,Ban Mandori BO,17660249,Bhattu Kalan SO,17640014,Fatehabad Sub Division,17530005,Hissar Division,17300001,Haryana Circle,BPO,600,
17101030,J7263,HR050203002,Jandwala Bishnoian BO,17660252,Chautala SO,17640037,Sirsa -II Sub Division,17530005,Hissar Division,17300001,Haryana Circle,BPO,600,
17100856,J7262,HR050203001,Asa Khera BO,17660252,Chautala SO,17640037,Sirsa -II Sub Division,17530005,Hissar Division,17300001,Haryana Circle,BPO,600,
17101198,J7013,HR050202003,Patli Dabar BO,17660242,Bahaudin SO,17640017,Sirsa-I Sub Division,17530005,Hissar Division,17300001,Haryana Circle,BPO,600,
17101138,J7012,HR050202002,Mauju Khera BO,17660242,Bahaudin SO,17640017,Sirsa-I Sub Division,17530005,Hissar Division,17300001,Haryana Circle,BPO,600,
17100882,J7011,HR050202001,Baruwalii BO,17660242,Bahaudin SO,17640017,Sirsa-I Sub Division,17530005,Hissar Division,17300001,Haryana Circle,BPO,600,
17101264,J6634,HR050114017,Sotha BO,17660288,Narnaund SO,17640015,Hisar East Sub Division,17530005,Hissar Division,17300001,Haryana Circle,BPO,600,
17101215,J6633,HR050114016,Rakhi Shahpur BO,17660288,Narnaund SO,17640015,Hisar East Sub Division,17530005,Hissar Division,17300001,Haryana Circle,BPO,600,
17101214,J6632,HR050114015,Rajthal BO,17660288,Narnaund SO,17640015,Hisar East Sub Division,17530005,Hissar Division,17300001,Haryana Circle,BPO,600,
17101175,J6631,HR050114014,Nara BO,17660288,Narnaund SO,17640015,Hisar East Sub Division,17530005,Hissar Division,17300001,Haryana Circle,BPO,600,
17101158,J6630,HR050114013,Moth BO,17660288,Narnaund SO,17640015,Hisar East Sub Division,17530005,Hissar Division,17300001,Haryana Circle,BPO,600,
17101147,J6629,HR050114012,Mirchpur BO,17660288,Narnaund SO,17640015,Hisar East Sub Division,17530005,Hissar Division,17300001,Haryana Circle,BPO,600,
17101145,J6628,HR050114011,Milakpur BO,17660288,Narnaund SO,17640015,Hisar East Sub Division,17530005,Hissar Division,17300001,Haryana Circle,BPO,600,
17101121,J6627,HR050114010,Majra BO,17660288,Narnaund SO,17640015,Hisar East Sub Division,17530005,Hissar Division,17300001,Haryana Circle,BPO,600,
17101116,J6626,HR050114009,Madha BO,17660288,Narnaund SO,17640015,Hisar East Sub Division,17530005,Hissar Division,17300001,Haryana Circle,BPO,600,
17101112,J6625,HR050114008,Lohari Ragho BO,17660288,Narnaund SO,17640015,Hisar East Sub Division,17530005,Hissar Division,17300001,Haryana Circle,BPO,600,
17101090,J6624,HR050114007,Koth Khurd BO,17660288,Narnaund SO,17640015,Hisar East Sub Division,17530005,Hissar Division,17300001,Haryana Circle,BPO,600,
17101079,J6622,HR050114006,Kheri Jalab BO,17660288,Narnaund SO,17640015,Hisar East Sub Division,17530005,Hissar Division,17300001,Haryana Circle,BPO,600,
17101052,J6621,HR050114005,Kapro BO,17660288,Narnaund SO,17640015,Hisar East Sub Division,17530005,Hissar Division,17300001,Haryana Circle,BPO,600,
17101006,J6620,HR050114004,Haibatpur BO,17660288,Narnaund SO,17640015,Hisar East Sub Division,17530005,Hissar Division,17300001,Haryana Circle,BPO,600,
17100988,J6619,HR050114003,Gamra BO,17660288,Narnaund SO,17640015,Hisar East Sub Division,17530005,Hissar Division,17300001,Haryana Circle,BPO,600,
17100910,J6618,HR050114001,Budana BO,17660288,Narnaund SO,17640015,Hisar East Sub Division,17530005,Hissar Division,17300001,Haryana Circle,BPO,600,
17100887,J6617,HR050114002,Bhaini Amirpur BO,17660288,Narnaund SO,17640015,Hisar East Sub Division,17530005,Hissar Division,17300001,Haryana Circle,BPO,600,
17101252,J6595,HR050116031,Sheikhpur Sotter BO,17660293,Rattia SO,17640018,Tohana Sub Division,17530005,Hissar Division,17300001,Haryana Circle,BPO,600,
17101220,J6594,HR050116030,Ratta Khera BO,17660502,Nagpur S.O.,17640018,Tohana Sub Division,17530005,Hissar Division,17300001,Haryana Circle,BPO,600,
17101203,J6593,HR050116028,Pilchhian BO,17660502,Nagpur S.O.,17640018,Tohana Sub Division,17530005,Hissar Division,17300001,Haryana Circle,BPO,600,
17101202,J6592,HR050116027,Phullan BO,17660502,Nagpur S.O.,17640018,Tohana Sub Division,17530005,Hissar Division,17300001,Haryana Circle,BPO,600,
17101190,J6591,HR050116029,Palsar BO,17660293,Rattia SO,17640018,Tohana Sub Division,17530005,Hissar Division,17300001,Haryana Circle,BPO,600,
17101179,J6590,HR050116025,Nathwan BO,17660293,Rattia SO,17640018,Tohana Sub Division,17530005,Hissar Division,17300001,Haryana Circle,BPO,600,
17101170,J6589,HR050116026,Nangal BO,17660293,Rattia SO,17640018,Tohana Sub Division,17530005,Hissar Division,17300001,Haryana Circle,BPO,600,
17101156,J6587,HR050116023,Mohmadpur Sotter BO,17660293,Rattia SO,17640018,Tohana Sub Division,17530005,Hissar Division,17300001,Haryana Circle,BPO,600,
17101146,J6586,HR050116032,Mirana BO,17660293,Rattia SO,17640018,Tohana Sub Division,17530005,Hissar Division,17300001,Haryana Circle,BPO,600,
17101141,J6585,HR050116022,Mehmra BO,17660293,Rattia SO,17640018,Tohana Sub Division,17530005,Hissar Division,17300001,Haryana Circle,BPO,600,
17101129,J6584,HR050116021,Marh BO,17660502,Nagpur S.O.,17640018,Tohana Sub Division,17530005,Hissar Division,17300001,Haryana Circle,BPO,600,
17101107,J6583,HR050116020,Lali BO,17660293,Rattia SO,17640018,Tohana Sub Division,17530005,Hissar Division,17300001,Haryana Circle,BPO,600,
17101102,J6582,HR050116019,Laduwas BO,17660293,Rattia SO,17640018,Tohana Sub Division,17530005,Hissar Division,17300001,Haryana Circle,BPO,600,
17101082,J6581,HR050116018,Khunan BO,17660502,Nagpur S.O.,17640018,Tohana Sub Division,17530005,Hissar Division,17300001,Haryana Circle,BPO,600,
17101048,J6580,HR050116017,Kamana BO,17660293,Rattia SO,17640018,Tohana Sub Division,17530005,Hissar Division,17300001,Haryana Circle,BPO,600,
17101024,J6579,HR050116016,Jallopur BO,17660502,Nagpur S.O.,17640018,Tohana Sub Division,17530005,Hissar Division,17300001,Haryana Circle,BPO,600,
17101017,J6578,HR050116015,Hassanga BO,17660293,Rattia SO,17640018,Tohana Sub Division,17530005,Hissar Division,17300001,Haryana Circle,BPO,600,
17101016,J6577,HR050116012,Haroli BO,17660502,Nagpur S.O.,17640018,Tohana Sub Division,17530005,Hissar Division,17300001,Haryana Circle,BPO,600,
17101012,J6576,HR050116014,Hanspur BO,17660502,Nagpur S.O.,17640018,Tohana Sub Division,17530005,Hissar Division,17300001,Haryana Circle,BPO,600,
17101010,J6575,HR050116013,Hamzapur BO,17660293,Rattia SO,17640018,Tohana Sub Division,17530005,Hissar Division,17300001,Haryana Circle,BPO,600,
17101003,J6574,HR050116011,Gurusar BO,17660293,Rattia SO,17640018,Tohana Sub Division,17530005,Hissar Division,17300001,Haryana Circle,BPO,600,
17100989,J6573,HR050116010,Ganda BO,17660502,Nagpur S.O.,17640018,Tohana Sub Division,17530005,Hissar Division,17300001,Haryana Circle,BPO,600,
17100933,J6572,HR050116009,Chimmon BO,17660293,Rattia SO,17640018,Tohana Sub Division,17530005,Hissar Division,17300001,Haryana Circle,BPO,600,
17100925,J6571,HR050116008,Chandoh Kalan BO,17660293,Rattia SO,17640018,Tohana Sub Division,17530005,Hissar Division,17300001,Haryana Circle,BPO,600,
17100908,J6570,HR050116034,Bora BO,17660293,Rattia SO,17640018,Tohana Sub Division,17530005,Hissar Division,17300001,Haryana Circle,BPO,600,
17100905,J6569,HR050116006,Biranbadi BO,17660502,Nagpur S.O.,17640018,Tohana Sub Division,17530005,Hissar Division,17300001,Haryana Circle,BPO,600,
17100872,J6568,HR050116005,Baliala BO,17660293,Rattia SO,17640018,Tohana Sub Division,17530005,Hissar Division,17300001,Haryana Circle,BPO,600,
17100866,J6567,HR050116004,Bahmanwala BO,17660293,Rattia SO,17640018,Tohana Sub Division,17530005,Hissar Division,17300001,Haryana Circle,BPO,600,
17100860,J6566,HR050116007,Badalgarh BO,17660293,Rattia SO,17640018,Tohana Sub Division,17530005,Hissar Division,17300001,Haryana Circle,BPO,600,
17100858,J6565,HR050116003,Ayalki BO,17660293,Rattia SO,17640018,Tohana Sub Division,17530005,Hissar Division,17300001,Haryana Circle,BPO,600,
17100849,J6564,HR050116002,Alika BO,17660502,Nagpur S.O.,17640018,Tohana Sub Division,17530005,Hissar Division,17300001,Haryana Circle,BPO,600,
17100845,J6563,HR050116001,Aharwan BO,17660293,Rattia SO,17640018,Tohana Sub Division,17530005,Hissar Division,17300001,Haryana Circle,BPO,600,
17101230,J6540,HR050209008,Sahuwala BO,17660289,Odhan SO,17640037,Sirsa -II Sub Division,17530005,Hissar Division,17300001,Haryana Circle,BPO,600,
17101195,J6539,HR050209007,Panjuana BO,17660289,Odhan SO,17640037,Sirsa -II Sub Division,17530005,Hissar Division,17300001,Haryana Circle,BPO,600,
17101193,J6538,HR050209006,Paniwala Mota BO,17660289,Odhan SO,17640037,Sirsa -II Sub Division,17530005,Hissar Division,17300001,Haryana Circle,BPO,600,
17101186,J6537,HR050209005,Nuhiyanwali BO,17660289,Odhan SO,17640037,Sirsa -II Sub Division,17530005,Hissar Division,17300001,Haryana Circle,BPO,600,
17101182,J6536,HR050209004,Nezadela Khurd BO,17660289,Odhan SO,17640037,Sirsa -II Sub Division,17530005,Hissar Division,17300001,Haryana Circle,BPO,600,
17101063,J6535,HR050209003,Khairekan BO,17660289,Odhan SO,17640037,Sirsa -II Sub Division,17530005,Hissar Division,17300001,Haryana Circle,BPO,600,
17100936,J6534,HR050209002,Chormar BO,17660289,Odhan SO,17640037,Sirsa -II Sub Division,17530005,Hissar Division,17300001,Haryana Circle,BPO,600,
17100913,J6533,HR050209001,Burj Bhangu BO,17660289,Odhan SO,17640037,Sirsa -II Sub Division,17530005,Hissar Division,17300001,Haryana Circle,BPO,600,
17101282,J6196,HR050211013,Thersahidan BO,17660296,Siri Jiwan Nagar SO,17640037,Sirsa -II Sub Division,17530005,Hissar Division,17300001,Haryana Circle,BPO,600,
17101239,J6195,HR050211012,Sant Nagar BO,17660296,Siri Jiwan Nagar SO,17640037,Sirsa -II Sub Division,17530005,Hissar Division,17300001,Haryana Circle,BPO,600,
17101176,J6194,HR050211010,Nathore BO,17660296,Siri Jiwan Nagar SO,17640037,Sirsa -II Sub Division,17530005,Hissar Division,17300001,Haryana Circle,BPO,600,
17101169,J6193,HR050211011,Nakora BO,17660296,Siri Jiwan Nagar SO,17640037,Sirsa -II Sub Division,17530005,Hissar Division,17300001,Haryana Circle,BPO,600,
17101055,J6192,HR050211009,Kariwala BO,17660296,Siri Jiwan Nagar SO,17640037,Sirsa -II Sub Division,17530005,Hissar Division,17300001,Haryana Circle,BPO,600,
17101014,J6191,HR050211008,Haripura BO,17660296,Siri Jiwan Nagar SO,17640037,Sirsa -II Sub Division,17530005,Hissar Division,17300001,Haryana Circle,BPO,600,
17100977,J6190,HR050211007,Dudianwali BO,17660296,Siri Jiwan Nagar SO,17640037,Sirsa -II Sub Division,17530005,Hissar Division,17300001,Haryana Circle,BPO,600,
17100971,J6189,HR050211006,Dharampura BO,17660296,Siri Jiwan Nagar SO,17640037,Sirsa -II Sub Division,17530005,Hissar Division,17300001,Haryana Circle,BPO,600,
17100946,J6188,HR050211005,Damdama BO,17660296,Siri Jiwan Nagar SO,17640037,Sirsa -II Sub Division,17530005,Hissar Division,17300001,Haryana Circle,BPO,600,
17100892,J6187,HR050211004,Bharolianwali BO,17660296,Siri Jiwan Nagar SO,17640037,Sirsa -II Sub Division,17530005,Hissar Division,17300001,Haryana Circle,BPO,600,
17100879,J6186,HR050211001,Banni BO,17660296,Siri Jiwan Nagar SO,17640037,Sirsa -II Sub Division,17530005,Hissar Division,17300001,Haryana Circle,BPO,600,
17100871,J6185,HR050211003,Balasar BO,17660296,Siri Jiwan Nagar SO,17640037,Sirsa -II Sub Division,17530005,Hissar Division,17300001,Haryana Circle,BPO,600,
17100865,J6184,HR050211002,Bahiya BO,17660296,Siri Jiwan Nagar SO,17640037,Sirsa -II Sub Division,17530005,Hissar Division,17300001,Haryana Circle,BPO,600,
17101255,J3483,HR050213014,Sherpura BO,17660253,Chopta Nathu Sari SO,17640017,Sirsa-I Sub Division,17530005,Hissar Division,17300001,Haryana Circle,BPO,600,
17101249,J3482,HR050213013,Shakar Mandori BO,17660253,Chopta Nathu Sari SO,17640017,Sirsa-I Sub Division,17530005,Hissar Division,17300001,Haryana Circle,BPO,600,
17101231,J3481,HR050213012,Sahuwala ii BO,17660253,Chopta Nathu Sari SO,17640017,Sirsa-I Sub Division,17530005,Hissar Division,17300001,Haryana Circle,BPO,600,
17101226,J3480,HR050213011,Rupawas BO,17660253,Chopta Nathu Sari SO,17640017,Sirsa-I Sub Division,17530005,Hissar Division,17300001,Haryana Circle,BPO,600,
17101177,J3479,HR050213010,Nathusari Kalan BO,17660253,Chopta Nathu Sari SO,17640017,Sirsa-I Sub Division,17530005,Hissar Division,17300001,Haryana Circle,BPO,600,
17101122,J3478,HR050213004,Makhosarani BO,17660253,Chopta Nathu Sari SO,17640017,Sirsa-I Sub Division,17530005,Hissar Division,17300001,Haryana Circle,BPO,600,
17101114,J3477,HR050213009,Ludesar BO,17660253,Chopta Nathu Sari SO,17640017,Sirsa-I Sub Division,17530005,Hissar Division,17300001,Haryana Circle,BPO,600,
17101042,J3476,HR050213008,Kagdana BO,17660253,Chopta Nathu Sari SO,17640017,Sirsa-I Sub Division,17530005,Hissar Division,17300001,Haryana Circle,BPO,600,
17101025,J3475,HR050213007,Jamal BO,17660253,Chopta Nathu Sari SO,17640017,Sirsa-I Sub Division,17530005,Hissar Division,17300001,Haryana Circle,BPO,600,
17101013,J3474,HR050213006,Hanziran BO,17660253,Chopta Nathu Sari SO,17640017,Sirsa-I Sub Division,17530005,Hissar Division,17300001,Haryana Circle,BPO,600,
17101004,J3473,HR050213005,Gussiaiyana BO,17660253,Chopta Nathu Sari SO,17640017,Sirsa-I Sub Division,17530005,Hissar Division,17300001,Haryana Circle,BPO,600,
17100948,J3472,HR050213002,Darba Kalan BO,17660253,Chopta Nathu Sari SO,17640017,Sirsa-I Sub Division,17530005,Hissar Division,17300001,Haryana Circle,BPO,600,
17100916,J3471,HR050213003,Chaharwala BO,17660253,Chopta Nathu Sari SO,17640017,Sirsa-I Sub Division,17530005,Hissar Division,17300001,Haryana Circle,BPO,600,
17100915,J3470,HR050213001,Chadiwal BO,17660253,Chopta Nathu Sari SO,17640017,Sirsa-I Sub Division,17530005,Hissar Division,17300001,Haryana Circle,BPO,600,
17101288,J2179,HR050111005,Ugalan BO,17660274,Khanda Kheri SO,17640015,Hisar East Sub Division,17530005,Hissar Division,17300001,Haryana Circle,BPO,600,
17101267,J2178,HR050111004,Sulchani BO,17660274,Khanda Kheri SO,17640015,Hisar East Sub Division,17530005,Hissar Division,17300001,Haryana Circle,BPO,600,
17101041,J2177,HR050111003,Kagasar BO,17660274,Khanda Kheri SO,17640015,Hisar East Sub Division,17530005,Hissar Division,17300001,Haryana Circle,BPO,600,
17100970,J2176,HR050111002,Dharam Kheri BO,17660274,Khanda Kheri SO,17640015,Hisar East Sub Division,17530005,Hissar Division,17300001,Haryana Circle,BPO,600,
17100889,J2175,HR050111001,Bhaklana BO,17660274,Khanda Kheri SO,17640015,Hisar East Sub Division,17530005,Hissar Division,17300001,Haryana Circle,BPO,600,
17101152,I3614,HR050204001,Mochiwali BO,17660256,Ding SO,17640017,Sirsa-I Sub Division,17530005,Hissar Division,17300001,Haryana Circle,BPO,600,
17101250,H9316,HR050122011,Shakarpura BO,17660255,Dharsul Kalan SO,17640018,Tohana Sub Division,17530005,Hissar Division,17300001,Haryana Circle,BPO,600,
17101221,H9315,HR050122012,Ratta Theh BO,17660255,Dharsul Kalan SO,17640018,Tohana Sub Division,17530005,Hissar Division,17300001,Haryana Circle,BPO,600,
17101173,H9314,HR050122010,Nanheri BO,17660255,Dharsul Kalan SO,17640018,Tohana Sub Division,17530005,Hissar Division,17300001,Haryana Circle,BPO,600,
17101163,H9313,HR050122008,Musa Khera BO,17660255,Dharsul Kalan SO,17640018,Tohana Sub Division,17530005,Hissar Division,17300001,Haryana Circle,BPO,600,
17101127,H9312,HR050122009,Manghera BO,17660255,Dharsul Kalan SO,17640018,Tohana Sub Division,17530005,Hissar Division,17300001,Haryana Circle,BPO,600,
17101110,H9311,HR050122007,Lehraian BO,17660255,Dharsul Kalan SO,17640018,Tohana Sub Division,17530005,Hissar Division,17300001,Haryana Circle,BPO,600,
17101095,H9310,HR050122006,Kullan BO,17660255,Dharsul Kalan SO,17640018,Tohana Sub Division,17530005,Hissar Division,17300001,Haryana Circle,BPO,600,
17101054,H9309,HR050122005,Karandi BO,17660255,Dharsul Kalan SO,17640018,Tohana Sub Division,17530005,Hissar Division,17300001,Haryana Circle,BPO,600,
17101011,H9308,HR050122004,Handalwala BO,17660255,Dharsul Kalan SO,17640018,Tohana Sub Division,17530005,Hissar Division,17300001,Haryana Circle,BPO,600,
17100974,H9307,HR050122002,Diwana BO,17660255,Dharsul Kalan SO,17640018,Tohana Sub Division,17530005,Hissar Division,17300001,Haryana Circle,BPO,600,
17100955,H9306,HR050122003,Degoh BO,17660255,Dharsul Kalan SO,17640018,Tohana Sub Division,17530005,Hissar Division,17300001,Haryana Circle,BPO,600,
17100848,H9305,HR050122001,Akanwali BO,17660255,Dharsul Kalan SO,17640018,Tohana Sub Division,17530005,Hissar Division,17300001,Haryana Circle,BPO,600,
17101244,H8908,HR050123003,Satroad Kalan BO,17660266,Hisar Cantt SO,17640015,Hisar East Sub Division,17530005,Hissar Division,17300001,Haryana Circle,BPO,600,
17101103,H8907,HR050123002,Ladwa BO,17660266,Hisar Cantt SO,17640015,Hisar East Sub Division,17530005,Hissar Division,17300001,Haryana Circle,BPO,600,
17100943,H8906,HR050123001,Dahima BO,17660266,Hisar Cantt SO,17640015,Hisar East Sub Division,17530005,Hissar Division,17300001,Haryana Circle,BPO,600,
17101189,H3020,HR050117005,Pali BO,17660297,Sisai SO Hisar,17640015,Hisar East Sub Division,17530005,Hissar Division,17300001,Haryana Circle,BPO,600,
17101131,H3019,HR050117004,Masudpur BO,17660297,Sisai SO Hisar,17640015,Hisar East Sub Division,17530005,Hissar Division,17300001,Haryana Circle,BPO,600,
17101120,H3018,HR050117003,Maijod BO,17660297,Sisai SO Hisar,17640015,Hisar East Sub Division,17530005,Hissar Division,17300001,Haryana Circle,BPO,600,
17101078,H3017,HR050117002,Kheri Gangan BO,17660297,Sisai SO Hisar,17640015,Hisar East Sub Division,17530005,Hissar Division,17300001,Haryana Circle,BPO,600,
17100952,H3016,HR050117001,Datta BO,17660297,Sisai SO Hisar,17640015,Hisar East Sub Division,17530005,Hissar Division,17300001,Haryana Circle,BPO,600,
17101164,G8429,HR050121002,Muzadpur BO,17660286,Nalwa SO,17640015,Hisar East Sub Division,17530005,Hissar Division,17300001,Haryana Circle,BPO,600,
17101051,G8428,HR050121001,Kanwari BO,17660286,Nalwa SO,17640015,Hisar East Sub Division,17530005,Hissar Division,17300001,Haryana Circle,BPO,600,
17100966,G7186,HR050104021,Dhani Khan Bahadur BO,17660246,Barwala SO Hisar,17640016,Hisar West Sub Division,17530005,Hissar Division,17300001,Haryana Circle,BPO,600,
17100959,G7185,HR050104020,Dhadh BO,17660246,Barwala SO Hisar,17640016,Hisar West Sub Division,17530005,Hissar Division,17300001,Haryana Circle,BPO,600,
17101229,G7092,HR050120010,Sahu BO,17660301,Uklana Mandi SO,17640018,Tohana Sub Division,17530005,Hissar Division,17300001,Haryana Circle,BPO,600,
17101099,G6839,HR050201008,Kurangawali BO,17660243,Baragudha SO,17640017,Sirsa-I Sub Division,17530005,Hissar Division,17300001,Haryana Circle,BPO,600,
17101035,G6838,HR050201007,Jhorar Rohi BO,17660243,Baragudha SO,17640017,Sirsa-I Sub Division,17530005,Hissar Division,17300001,Haryana Circle,BPO,600,
17100896,G6837,HR050201004,Bhiwan BO,17660243,Baragudha SO,17640017,Sirsa-I Sub Division,17530005,Hissar Division,17300001,Haryana Circle,BPO,600,
17100993,G6384,HR050100015,Gawar BO,17660240,Azad Nagar Hisar SO,17640016,Hisar West Sub Division,17530005,Hissar Division,17300001,Haryana Circle,BPO,600,
17100935,G6383,HR050100008,Chirod BO,17660240,Azad Nagar Hisar SO,17640016,Hisar West Sub Division,17530005,Hissar Division,17300001,Haryana Circle,BPO,600,
17100932,G6225,HR050101002,Chikanwas BO,17660238,Agroha SO,17640014,Fatehabad Sub Division,17530005,Hissar Division,17300001,Haryana Circle,BPO,600,
17101119,G6168,HR050103004,Mahmadpur Rohi BO,17660241,Badopal SO,17640014,Fatehabad Sub Division,17530005,Hissar Division,17300001,Haryana Circle,BPO,600,
17100934,G6167,HR050103001,Chinder BO,17660241,Badopal SO,17640014,Fatehabad Sub Division,17530005,Hissar Division,17300001,Haryana Circle,BPO,600,
17101155,G6166,HR050105005,Mohla BO,17660247,Bass SO,17640015,Hisar East Sub Division,17530005,Hissar Division,17300001,Haryana Circle,BPO,600,
17101069,G6165,HR050105003,Kharbala BO,17660247,Bass SO,17640015,Hisar East Sub Division,17530005,Hissar Division,17300001,Haryana Circle,BPO,600,
17100861,G6164,HR050105002,Badchhpar BO,17660247,Bass SO,17640015,Hisar East Sub Division,17530005,Hissar Division,17300001,Haryana Circle,BPO,600,
17101234,G4793,HR050119013,Samain BO,17660299,Tohana Mandi SO,17640018,Tohana Sub Division,17530005,Hissar Division,17300001,Haryana Circle,BPO,600,
17101211,G4792,HR050119012,Rainwali BO,17660299,Tohana Mandi SO,17640018,Tohana Sub Division,17530005,Hissar Division,17300001,Haryana Circle,BPO,600,
17101197,G4791,HR050119014,Partan BO,17660299,Tohana Mandi SO,17640018,Tohana Sub Division,17530005,Hissar Division,17300001,Haryana Circle,BPO,600,
17101065,G4243,HR050106012,Khajuri Jatti BO,17660250,Bhuna SO,17640014,Fatehabad Sub Division,17530005,Hissar Division,17300001,Haryana Circle,BPO,600,
17100929,G4242,HR050106002,Chaubara BO,17660250,Bhuna SO,17640014,Fatehabad Sub Division,17530005,Hissar Division,17300001,Haryana Circle,BPO,600,
17100954,G2203,HR050100012,Daya BO,17660282,Modle Town Hisar SO,17640016,Hisar West Sub Division,17530005,Hissar Division,17300001,Haryana Circle,BPO,600,
17100863,G2202,HR050100004,Badya Brahamana BO,17660282,Modle Town Hisar SO,17640016,Hisar West Sub Division,17530005,Hissar Division,17300001,Haryana Circle,BPO,600,
17100967,G2177,HR050107009,Dhani Majra BO,17660258,Fatehabad SO Fatehabad,17640014,Fatehabad Sub Division,17530005,Hissar Division,17300001,Haryana Circle,BPO,600,
17100962,G2176,HR050107010,Dhand BO,17660258,Fatehabad SO Fatehabad,17640014,Fatehabad Sub Division,17530005,Hissar Division,17300001,Haryana Circle,BPO,600,
17100898,G2175,HR050107005,Bhodia Bishnoian BO,17660258,Fatehabad SO Fatehabad,17640014,Fatehabad Sub Division,17530005,Hissar Division,17300001,Haryana Circle,BPO,600,
17100895,G2174,HR050107004,Bhirdana BO,17660258,Fatehabad SO Fatehabad,17640014,Fatehabad Sub Division,17530005,Hissar Division,17300001,Haryana Circle,BPO,600,
17101269,G2173,HR050108024,Sultanpur BO,17660264,Hansi SO,17640015,Hisar East Sub Division,17530005,Hissar Division,17300001,Haryana Circle,BPO,600,
17101263,G2172,HR050108023,Sorkhi BO,17660264,Hansi SO,17640015,Hisar East Sub Division,17530005,Hissar Division,17300001,Haryana Circle,BPO,600,
17101248,G2171,HR050108021,Shaikhpura BO,17660264,Hansi SO,17640015,Hisar East Sub Division,17530005,Hissar Division,17300001,Haryana Circle,BPO,600,
17100917,G2170,HR050108004,Chainat BO,17660264,Hansi SO,17640015,Hisar East Sub Division,17530005,Hissar Division,17300001,Haryana Circle,BPO,600,
17100893,G2169,HR050108002,Bhatla BO,17660264,Hansi SO,17640015,Hisar East Sub Division,17530005,Hissar Division,17300001,Haryana Circle,BPO,600,
17101289,F9961,HR050200037,Umedpura BO,17360008,Sirsa HO,17640017,Sirsa-I Sub Division,17530005,Hissar Division,17300001,Haryana Circle,BPO,600,
17101246,F9960,HR050200033,Shahpur Begu BO,17360008,Sirsa HO,17640017,Sirsa-I Sub Division,17530005,Hissar Division,17300001,Haryana Circle,BPO,600,
17101125,F9959,HR050200023,Mangala BO,17360008,Sirsa HO,17640017,Sirsa-I Sub Division,17530005,Hissar Division,17300001,Haryana Circle,BPO,600,
17101117,F9958,HR050200020,Madho Singhana BO,17360008,Sirsa HO,17640017,Sirsa-I Sub Division,17530005,Hissar Division,17300001,Haryana Circle,BPO,600,
17101037,F9957,HR050200014,Jodhkan BO,17360008,Sirsa HO,17640017,Sirsa-I Sub Division,17530005,Hissar Division,17300001,Haryana Circle,BPO,600,
17100847,F9956,HR050200001,Ahmedpur BO,17360008,Sirsa HO,17640017,Sirsa-I Sub Division,17530005,Hissar Division,17300001,Haryana Circle,BPO,600,
17101192,F8638,HR050104015,Panihari BO,17660246,Barwala SO Hisar,17640016,Hisar West Sub Division,17530005,Hissar Division,17300001,Haryana Circle,BPO,600,
17101076,F8637,HR050104013,Khedar BO,17660246,Barwala SO Hisar,17640016,Hisar West Sub Division,17530005,Hissar Division,17300001,Haryana Circle,BPO,600,
17101272,F8540,HR050120013,Surewala BO,17660301,Uklana Mandi SO,17640018,Tohana Sub Division,17530005,Hissar Division,17300001,Haryana Circle,BPO,600,
17101097,F8539,HR050120007,Kumba Khera BO,17660301,Uklana Mandi SO,17640018,Tohana Sub Division,17530005,Hissar Division,17300001,Haryana Circle,BPO,600,
17101046,F8538,HR050120008,Kallar Bhaini BO,17660301,Uklana Mandi SO,17640018,Tohana Sub Division,17530005,Hissar Division,17300001,Haryana Circle,BPO,600,
17101018,F8537,HR050120006,Hassangarh BO,17660301,Uklana Mandi SO,17640018,Tohana Sub Division,17530005,Hissar Division,17300001,Haryana Circle,BPO,600,
17100909,F8536,HR050120003,Bosti BO,17660301,Uklana Mandi SO,17640018,Tohana Sub Division,17530005,Hissar Division,17300001,Haryana Circle,BPO,600,
17101283,F8285,HR050201011,Thiraj BO,17660243,Baragudha SO,17640017,Sirsa-I Sub Division,17530005,Hissar Division,17300001,Haryana Circle,BPO,600,
17100881,F8284,HR050201003,Bapp BO,17660243,Baragudha SO,17640017,Sirsa-I Sub Division,17530005,Hissar Division,17300001,Haryana Circle,BPO,600,
17101159,F7827,HR050109002,Muklan BO,17660240,Azad Nagar Hisar SO,17640016,Hisar West Sub Division,17530005,Hissar Division,17300001,Haryana Circle,BPO,600,
17101237,F7641,HR050101009,Sandol BO,17660238,Agroha SO,17640014,Fatehabad Sub Division,17530005,Hissar Division,17300001,Haryana Circle,BPO,600,
17101085,F7640,HR050101004,Kirmara BO,17660238,Agroha SO,17640014,Fatehabad Sub Division,17530005,Hissar Division,17300001,Haryana Circle,BPO,600,
17101260,F7583,HR050105007,Singhwa BO,17660247,Bass SO,17640015,Hisar East Sub Division,17530005,Hissar Division,17300001,Haryana Circle,BPO,600,
17100859,F7582,HR050105001,Badala BO,17660247,Bass SO,17640015,Hisar East Sub Division,17530005,Hissar Division,17300001,Haryana Circle,BPO,600,
17101091,F6201,HR050119008,Kudni BO,17660299,Tohana Mandi SO,17640018,Tohana Sub Division,17530005,Hissar Division,17300001,Haryana Circle,BPO,600,
17101275,F3735,HR050100032,Talwandi Rana BO,17660282,Modle Town Hisar SO,17640016,Hisar West Sub Division,17530005,Hissar Division,17300001,Haryana Circle,BPO,600,
17100903,F3717,HR050107022,Bighar BO,17660258,Fatehabad SO Fatehabad,17640014,Fatehabad Sub Division,17530005,Hissar Division,17300001,Haryana Circle,BPO,600,
17100878,F3716,HR050107002,Bangaon BO,17660258,Fatehabad SO Fatehabad,17640014,Fatehabad Sub Division,17530005,Hissar Division,17300001,Haryana Circle,BPO,600,
17100963,F3715,HR050108005,Dhanderi BO,17660264,Hansi SO,17640015,Hisar East Sub Division,17530005,Hissar Division,17300001,Haryana Circle,BPO,600,
17100960,F3714,HR050108008,Dhana Kalan BO,17660264,Hansi SO,17640015,Hisar East Sub Division,17530005,Hissar Division,17300001,Haryana Circle,BPO,600,
17101265,F1512,HR050200034,Suchan Kotli BO,17360008,Sirsa HO,17640017,Sirsa-I Sub Division,17530005,Hissar Division,17300001,Haryana Circle,BPO,600,
17101101,F1511,HR050200015,Kutewadh BO,17360008,Sirsa HO,17640017,Sirsa-I Sub Division,17530005,Hissar Division,17300001,Haryana Circle,BPO,600,
17101213,F0225,HR050104016,Rajli BO,17660246,Barwala SO Hisar,17640016,Hisar West Sub Division,17530005,Hissar Division,17300001,Haryana Circle,BPO,600,
17101032,F0224,HR050104010,Jeora BO,17660246,Barwala SO Hisar,17640016,Hisar West Sub Division,17530005,Hissar Division,17300001,Haryana Circle,BPO,600,
17100986,F0223,HR050104008,Gaibipur BO,17660246,Barwala SO Hisar,17640016,Hisar West Sub Division,17530005,Hissar Division,17300001,Haryana Circle,BPO,600,
17100953,F0222,HR050104006,Daultpur BO,17660246,Barwala SO Hisar,17640016,Hisar West Sub Division,17530005,Hissar Division,17300001,Haryana Circle,BPO,600,
17100907,F0119,HR050120002,Bobua BO,17660301,Uklana Mandi SO,17640018,Tohana Sub Division,17530005,Hissar Division,17300001,Haryana Circle,BPO,600,
17100906,F0118,HR050120001,Bithmara BO,17660301,Uklana Mandi SO,17640018,Tohana Sub Division,17530005,Hissar Division,17300001,Haryana Circle,BPO,600,
17100850,E9885,HR050201001,Alika BO,17660243,Baragudha SO,17640017,Sirsa-I Sub Division,17530005,Hissar Division,17300001,Haryana Circle,BPO,600,
17101000,E9445,HR050100017,Gorchi BO,17660240,Azad Nagar Hisar SO,17640016,Hisar West Sub Division,17530005,Hissar Division,17300001,Haryana Circle,BPO,600,
17100931,E9444,HR050100009,Chaudhariwas BO,17660240,Azad Nagar Hisar SO,17640016,Hisar West Sub Division,17530005,Hissar Division,17300001,Haryana Circle,BPO,600,
17100973,E7325,HR050106004,Dholu BO,17660250,Bhuna SO,17640014,Fatehabad Sub Division,17530005,Hissar Division,17300001,Haryana Circle,BPO,600,
17101039,E5446,HR050100020,Juglan BO,17660282,Modle Town Hisar SO,17640016,Hisar West Sub Division,17530005,Hissar Division,17300001,Haryana Circle,BPO,600,
17100969,E5445,HR050112002,Dhansu BO,17660282,Modle Town Hisar SO,17640016,Hisar West Sub Division,17530005,Hissar Division,17300001,Haryana Circle,BPO,600,
17100940,E5444,HR050112001,Dabra BO,17660282,Modle Town Hisar SO,17640016,Hisar West Sub Division,17530005,Hissar Division,17300001,Haryana Circle,BPO,600,
17101281,E5432,HR050107021,Theri BO,17660258,Fatehabad SO Fatehabad,17640014,Fatehabad Sub Division,17530005,Hissar Division,17300001,Haryana Circle,BPO,600,
17101160,E5431,HR050107018,Munawali BO,17660258,Fatehabad SO Fatehabad,17640014,Fatehabad Sub Division,17530005,Hissar Division,17300001,Haryana Circle,BPO,600,
17100997,E5430,HR050107011,Gillan Khera BO,17660258,Fatehabad SO Fatehabad,17640014,Fatehabad Sub Division,17530005,Hissar Division,17300001,Haryana Circle,BPO,600,
17101257,E5429,HR050108022,Sindher BO,17660264,Hansi SO,17640015,Hisar East Sub Division,17530005,Hissar Division,17300001,Haryana Circle,BPO,600,
17101124,E4282,HR050205006,Mamera Kalan BO,17660257,Ellenabad SO,17640037,Sirsa -II Sub Division,17530005,Hissar Division,17300001,Haryana Circle,BPO,600,
17100928,E3169,HR050200041,Chattargarh Patti BO,17360008,Sirsa HO,17640017,Sirsa-I Sub Division,17530005,Hissar Division,17300001,Haryana Circle,BPO,600,
17101243,E1836,HR050104019,Sarsod BO,17660246,Barwala SO Hisar,17640016,Hisar West Sub Division,17530005,Hissar Division,17300001,Haryana Circle,BPO,600,
17100902,E1835,HR050104004,Biana Khera BO,17660246,Barwala SO Hisar,17640016,Hisar West Sub Division,17530005,Hissar Division,17300001,Haryana Circle,BPO,600,
17101111,E1732,HR050120009,Litani BO,17660301,Uklana Mandi SO,17640018,Tohana Sub Division,17530005,Hissar Division,17300001,Haryana Circle,BPO,600,
17100885,E1496,HR050201005,Bhadra BO,17660243,Baragudha SO,17640017,Sirsa-I Sub Division,17530005,Hissar Division,17300001,Haryana Circle,BPO,600,
17101262,E0840,HR050101011,Siwani Bolan BO,17660238,Agroha SO,17640014,Fatehabad Sub Division,17530005,Hissar Division,17300001,Haryana Circle,BPO,600,
17101251,E0839,HR050101010,Shamsukh BO,17660238,Agroha SO,17640014,Fatehabad Sub Division,17530005,Hissar Division,17300001,Haryana Circle,BPO,600,
17100999,E0838,HR050101003,Gorakhpur BO,17660238,Agroha SO,17640014,Fatehabad Sub Division,17530005,Hissar Division,17300001,Haryana Circle,BPO,600,
17100897,E0837,HR050101001,Bhoda BO,17660238,Agroha SO,17640014,Fatehabad Sub Division,17530005,Hissar Division,17300001,Haryana Circle,BPO,600,
17101106,D9414,HR050119009,Lalauda BO,17660299,Tohana Mandi SO,17640018,Tohana Sub Division,17530005,Hissar Division,17300001,Haryana Circle,BPO,600,
17101026,D9413,HR050119006,Jamalpur Sheikhan BO,17660299,Tohana Mandi SO,17640018,Tohana Sub Division,17530005,Hissar Division,17300001,Haryana Circle,BPO,600,
17100982,D9412,HR050119003,Fatehpuri BO,17660299,Tohana Mandi SO,17640018,Tohana Sub Division,17530005,Hissar Division,17300001,Haryana Circle,BPO,600,
17101029,D8931,HR050106015,Jandli Khurd BO,17660250,Bhuna SO,17640014,Fatehabad Sub Division,17530005,Hissar Division,17300001,Haryana Circle,BPO,600,
17101259,D7108,HR050100035,Singhran BO,17660282,Modle Town Hisar SO,17640016,Hisar West Sub Division,17530005,Hissar Division,17300001,Haryana Circle,BPO,600,
17101126,D7107,HR050100025,Mangali BO,17660282,Modle Town Hisar SO,17640016,Hisar West Sub Division,17530005,Hissar Division,17300001,Haryana Circle,BPO,600,
17101278,D5969,HR050205009,Talwara Khurd BO,17660257,Ellenabad SO,17640037,Sirsa -II Sub Division,17530005,Hissar Division,17300001,Haryana Circle,BPO,600,
17101070,D5968,HR050205003,Khari Sureran BO,17660257,Ellenabad SO,17640037,Sirsa -II Sub Division,17530005,Hissar Division,17300001,Haryana Circle,BPO,600,
17100884,D5967,HR050205002,Berwala Khurd BO,17660257,Ellenabad SO,17640037,Sirsa -II Sub Division,17530005,Hissar Division,17300001,Haryana Circle,BPO,600,
17101218,D4831,HR050200031,Randhawa BO,17360008,Sirsa HO,17640017,Sirsa-I Sub Division,17530005,Hissar Division,17300001,Haryana Circle,BPO,600,
17101135,D4830,HR050200024,Maujdin BO,17360008,Sirsa HO,17640017,Sirsa-I Sub Division,17530005,Hissar Division,17300001,Haryana Circle,BPO,600,
17101036,D4829,HR050200016,Jhornali BO,17360008,Sirsa HO,17640017,Sirsa-I Sub Division,17530005,Hissar Division,17300001,Haryana Circle,BPO,600,
17101236,D3550,HR050104017,Sandlana BO,17660246,Barwala SO Hisar,17640016,Hisar West Sub Division,17530005,Hissar Division,17300001,Haryana Circle,BPO,600,
17101133,D3549,HR050104014,Matloda BO,17660246,Barwala SO Hisar,17640016,Hisar West Sub Division,17530005,Hissar Division,17300001,Haryana Circle,BPO,600,
17100914,D3455,HR050120004,Buwan BO,17660301,Uklana Mandi SO,17640018,Tohana Sub Division,17530005,Hissar Division,17300001,Haryana Circle,BPO,600,
17100853,D3182,HR050201002,Anandgarh BO,17660243,Baragudha SO,17640017,Sirsa-I Sub Division,17530005,Hissar Division,17300001,Haryana Circle,BPO,600,
17101108,D2498,HR050101007,Landhari BO,17660238,Agroha SO,17640014,Fatehabad Sub Division,17530005,Hissar Division,17300001,Haryana Circle,BPO,600,
17101066,D2444,HR050103003,Khara Kheri BO,17660241,Badopal SO,17640014,Fatehabad Sub Division,17530005,Hissar Division,17300001,Haryana Circle,BPO,600,
17101171,D1135,HR050119010,Nangla BO,17660299,Tohana Mandi SO,17640018,Tohana Sub Division,17530005,Hissar Division,17300001,Haryana Circle,BPO,600,
17100965,D0587,HR050106003,Dhani Gopal BO,17660250,Bhuna SO,17640014,Fatehabad Sub Division,17530005,Hissar Division,17300001,Haryana Circle,BPO,600,
17100926,D0586,HR050106013,Chandrawal BO,17660250,Bhuna SO,17640014,Fatehabad Sub Division,17530005,Hissar Division,17300001,Haryana Circle,BPO,600,
17101184,C8643,HR050112004,Niyana BO,17660282,Modle Town Hisar SO,17640016,Hisar West Sub Division,17530005,Hissar Division,17300001,Haryana Circle,BPO,600,
17101015,C8642,HR050100018,Harita BO,17660282,Modle Town Hisar SO,17640016,Hisar West Sub Division,17530005,Hissar Division,17300001,Haryana Circle,BPO,600,
17101222,C8620,HR050107020,Ratta Tibba BO,17660258,Fatehabad SO Fatehabad,17640014,Fatehabad Sub Division,17530005,Hissar Division,17300001,Haryana Circle,BPO,600,
17100950,C8619,HR050107007,Dariyapur BO,17660258,Fatehabad SO Fatehabad,17640014,Fatehabad Sub Division,17530005,Hissar Division,17300001,Haryana Circle,BPO,600,
17101098,C8618,HR050108017,Kumbha BO,17660264,Hansi SO,17640015,Hisar East Sub Division,17530005,Hissar Division,17300001,Haryana Circle,BPO,600,
17101074,C8617,HR050108015,Kharkari BO,17660264,Hansi SO,17640015,Hisar East Sub Division,17530005,Hissar Division,17300001,Haryana Circle,BPO,600,
17101027,C8616,HR050108012,Jamawari BO,17660264,Hansi SO,17640015,Hisar East Sub Division,17530005,Hissar Division,17300001,Haryana Circle,BPO,600,
17101007,C8615,HR050108011,Hajampur BO,17660264,Hansi SO,17640015,Hisar East Sub Division,17530005,Hissar Division,17300001,Haryana Circle,BPO,600,
17101150,C7470,HR050205007,Mithanpura BO,17660257,Ellenabad SO,17640037,Sirsa -II Sub Division,17530005,Hissar Division,17300001,Haryana Circle,BPO,600,
17101058,C6446,HR050200018,Keshopura BO,17360008,Sirsa HO,17640017,Sirsa-I Sub Division,17530005,Hissar Division,17300001,Haryana Circle,BPO,600,
17100900,C6445,HR050200004,Bhuratwala BO,17360008,Sirsa HO,17640017,Sirsa-I Sub Division,17530005,Hissar Division,17300001,Haryana Circle,BPO,600,
17101002,C5199,HR050104009,Gurana BO,17660246,Barwala SO Hisar,17640016,Hisar West Sub Division,17530005,Hissar Division,17300001,Haryana Circle,BPO,600,
17100911,C5198,HR050104005,Bugana BO,17660246,Barwala SO Hisar,17640016,Hisar West Sub Division,17530005,Hissar Division,17300001,Haryana Circle,BPO,600,
17100888,C5197,HR050104003,Bhaini Badshahpur BO,17660246,Barwala SO Hisar,17640016,Hisar West Sub Division,17530005,Hissar Division,17300001,Haryana Circle,BPO,600,
17101166,C4850,HR050200101,Nagoki BO,17660243,Baragudha SO,17640017,Sirsa-I Sub Division,17530005,Hissar Division,17300001,Haryana Circle,BPO,600,
17101109,C4849,HR050201009,Lehangewala BO,17660243,Baragudha SO,17640017,Sirsa-I Sub Division,17530005,Hissar Division,17300001,Haryana Circle,BPO,600,
17101034,C4848,HR050201006,Jhiri BO,17660243,Baragudha SO,17640017,Sirsa-I Sub Division,17530005,Hissar Division,17300001,Haryana Circle,BPO,600,
17100991,C4404,HR050109001,Gangwa BO,17660240,Azad Nagar Hisar SO,17640016,Hisar West Sub Division,17530005,Hissar Division,17300001,Haryana Circle,BPO,600,
17101115,C4149,HR050105004,Madanheri BO,17660247,Bass SO,17640015,Hisar East Sub Division,17530005,Hissar Division,17300001,Haryana Circle,BPO,600,
17101206,C2821,HR050119011,Pirthala BO,17660299,Tohana Mandi SO,17640018,Tohana Sub Division,17530005,Hissar Division,17300001,Haryana Circle,BPO,600,
17100987,C2820,HR050119005,Gajuwala BO,17660299,Tohana Mandi SO,17640018,Tohana Sub Division,17530005,Hissar Division,17300001,Haryana Circle,BPO,600,
17100947,C2819,HR050119002,Dangra BO,17660299,Tohana Mandi SO,17640018,Tohana Sub Division,17530005,Hissar Division,17300001,Haryana Circle,BPO,600,
17101235,C2295,HR050106014,Sanchla BO,17660250,Bhuna SO,17640014,Fatehabad Sub Division,17530005,Hissar Division,17300001,Haryana Circle,BPO,600,
17101165,C2294,HR050106010,Nadhori BO,17660250,Bhuna SO,17640014,Fatehabad Sub Division,17530005,Hissar Division,17300001,Haryana Circle,BPO,600,
17101245,C0357,HR050100029,Shaharwa BO,17660282,Modle Town Hisar SO,17640016,Hisar West Sub Division,17530005,Hissar Division,17300001,Haryana Circle,BPO,600,
17101148,C0356,HR050112003,Mirzapur BO,17660282,Modle Town Hisar SO,17640016,Hisar West Sub Division,17530005,Hissar Division,17300001,Haryana Circle,BPO,600,
17101062,C0341,HR050107016,Khairati Khera BO,17660258,Fatehabad SO Fatehabad,17640014,Fatehabad Sub Division,17530005,Hissar Division,17300001,Haryana Circle,BPO,600,
17101056,C0340,HR050107015,Karnoli BO,17660258,Fatehabad SO Fatehabad,17640014,Fatehabad Sub Division,17530005,Hissar Division,17300001,Haryana Circle,BPO,600,
17101009,C0339,HR050107013,Hajrawan Khurd BO,17660258,Fatehabad SO Fatehabad,17640014,Fatehabad Sub Division,17530005,Hissar Division,17300001,Haryana Circle,BPO,600,
17100901,C0338,HR050107008,Bhuthan Kalan BO,17660258,Fatehabad SO Fatehabad,17640014,Fatehabad Sub Division,17530005,Hissar Division,17300001,Haryana Circle,BPO,600,
17100875,C0337,HR050107003,Banawali BO,17660258,Fatehabad SO Fatehabad,17640014,Fatehabad Sub Division,17530005,Hissar Division,17300001,Haryana Circle,BPO,600,
17101290,C0336,HR050108026,Umra BO,17660264,Hansi SO,17640015,Hisar East Sub Division,17530005,Hissar Division,17300001,Haryana Circle,BPO,600,
17101285,C0335,HR050108025,Thurana BO,17660264,Hansi SO,17640015,Hisar East Sub Division,17530005,Hissar Division,17300001,Haryana Circle,BPO,600,
17101093,C0334,HR050108016,Kulana BO,17660264,Hansi SO,17640015,Hisar East Sub Division,17530005,Hissar Division,17300001,Haryana Circle,BPO,600,
17100994,C0333,HR050108010,Ghirai BO,17660264,Hansi SO,17640015,Hisar East Sub Division,17530005,Hissar Division,17300001,Haryana Circle,BPO,600,
17101149,B9190,HR050205004,Mirzapur BO,17660257,Ellenabad SO,17640037,Sirsa -II Sub Division,17530005,Hissar Division,17300001,Haryana Circle,BPO,600,
17100890,B8059,HR050200003,Bhamboor BO,17360008,Sirsa HO,17640017,Sirsa-I Sub Division,17530005,Hissar Division,17300001,Haryana Circle,BPO,600,
17101241,B6760,HR050104018,Sarhera BO,17660246,Barwala SO Hisar,17640016,Hisar West Sub Division,17530005,Hissar Division,17300001,Haryana Circle,BPO,600,
17101073,B6759,HR050104011,Kharkara BO,17660246,Barwala SO Hisar,17640016,Hisar West Sub Division,17530005,Hissar Division,17300001,Haryana Circle,BPO,600,
17101067,B6758,HR050104012,Kharak Punia BO,17660246,Barwala SO Hisar,17640016,Hisar West Sub Division,17530005,Hissar Division,17300001,Haryana Circle,BPO,600,
17100981,B6757,HR050104007,Faridpur BO,17660246,Barwala SO Hisar,17640016,Hisar West Sub Division,17530005,Hissar Division,17300001,Haryana Circle,BPO,600,
17100862,B6756,HR050104002,Badhawar BO,17660246,Barwala SO Hisar,17640016,Hisar West Sub Division,17530005,Hissar Division,17300001,Haryana Circle,BPO,600,
17101238,B6641,HR050120011,Saniana BO,17660301,Uklana Mandi SO,17640018,Tohana Sub Division,17530005,Hissar Division,17300001,Haryana Circle,BPO,600,
17101196,B6640,HR050120012,Parbhuwala BO,17660301,Uklana Mandi SO,17640018,Tohana Sub Division,17530005,Hissar Division,17300001,Haryana Circle,BPO,600,
17100923,B6639,HR050120005,Chamar Khera BO,17660301,Uklana Mandi SO,17640018,Tohana Sub Division,17530005,Hissar Division,17300001,Haryana Circle,BPO,600,
17101094,B5746,HR050101005,Kuleri BO,17660238,Agroha SO,17640014,Fatehabad Sub Division,17530005,Hissar Division,17300001,Haryana Circle,BPO,600,
17101208,B5692,HR050105006,Puthi Samain BO,17660247,Bass SO,17640015,Hisar East Sub Division,17530005,Hissar Division,17300001,Haryana Circle,BPO,600,
17100924,B4306,HR050119001,Chander Kalan BO,17660299,Tohana Mandi SO,17640018,Tohana Sub Division,17530005,Hissar Division,17300001,Haryana Circle,BPO,600,
17101028,B3823,HR050106006,Jandli Kalan BO,17660250,Bhuna SO,17640014,Fatehabad Sub Division,17530005,Hissar Division,17300001,Haryana Circle,BPO,600,
17100978,B3822,HR050106005,Dullat BO,17660250,Bhuna SO,17640014,Fatehabad Sub Division,17530005,Hissar Division,17300001,Haryana Circle,BPO,600,
17101276,B1925,HR050100031,Talwandi Rukka BO,17660282,Modle Town Hisar SO,17640016,Hisar West Sub Division,17530005,Hissar Division,17300001,Haryana Circle,BPO,600,
17101019,B1924,HR050100019,IACBP Hisar BO,17660282,Modle Town Hisar SO,17640016,Hisar West Sub Division,17530005,Hissar Division,17300001,Haryana Circle,BPO,600,
17100883,B1923,HR050100005,Behbalpur BO,17660282,Modle Town Hisar SO,17640016,Hisar West Sub Division,17530005,Hissar Division,17300001,Haryana Circle,BPO,600,
17101168,B1912,HR050107019,Nakhatia BO,17660258,Fatehabad SO Fatehabad,17640014,Fatehabad Sub Division,17530005,Hissar Division,17300001,Haryana Circle,BPO,600,
17101008,B1911,HR050107012,Hajrawan Kalan BO,17660258,Fatehabad SO Fatehabad,17640014,Fatehabad Sub Division,17530005,Hissar Division,17300001,Haryana Circle,BPO,600,
17100899,B1910,HR050107006,Bhodia Khera BO,17660258,Fatehabad SO Fatehabad,17640014,Fatehabad Sub Division,17530005,Hissar Division,17300001,Haryana Circle,BPO,600,
17101209,B1909,HR050108020,Puthimangal Khan BO,17660264,Hansi SO,17640015,Hisar East Sub Division,17530005,Hissar Division,17300001,Haryana Circle,BPO,600,
17101080,B1908,HR050108013,Khokha BO,17660264,Hansi SO,17640015,Hisar East Sub Division,17530005,Hissar Division,17300001,Haryana Circle,BPO,600,
17100992,B1907,HR050108009,Garhi BO,17660264,Hansi SO,17640015,Hisar East Sub Division,17530005,Hissar Division,17300001,Haryana Circle,BPO,600,
17100961,B1906,HR050108006,Dhana Khurd BO,17660264,Hansi SO,17640015,Hisar East Sub Division,17530005,Hissar Division,17300001,Haryana Circle,BPO,600,
17100968,B1905,HR050108007,Dhani Peeranwali BO,17660264,Hansi SO,17640015,Hisar East Sub Division,17530005,Hissar Division,17300001,Haryana Circle,BPO,600,
17101060,AP172,HR050209661,Khai Shergarh,17660289,Odhan SO,17640037,Sirsa -II Sub Division,17530005,Hissar Division,17300001,Haryana Circle,BPO,600,
17101053,AP171,HR050205956,Karamsana B.O.,17660257,Ellenabad SO,17640037,Sirsa -II Sub Division,17530005,Hissar Division,17300001,Haryana Circle,BPO,600,
17100851,AK415,HR050119015,Amani BO,17660299,Tohana Mandi SO,17640018,Tohana Sub Division,17530005,Hissar Division,17300001,Haryana Circle,BPO,600,
17101183,A9650,HR050200025,Nezia Kheda BO,17360008,Sirsa HO,17640017,Sirsa-I Sub Division,17530005,Hissar Division,17300001,Haryana Circle,BPO,600,
17101123,A9649,HR050200022,Mallekan BO,17360008,Sirsa HO,17640017,Sirsa-I Sub Division,17530005,Hissar Division,17300001,Haryana Circle,BPO,600,
17100922,A9648,HR050200038,Chamal BO,17360008,Sirsa HO,17640017,Sirsa-I Sub Division,17530005,Hissar Division,17300001,Haryana Circle,BPO,600,
17100918,A9647,HR050200005,Chakarian BO,17360008,Sirsa HO,17640017,Sirsa-I Sub Division,17530005,Hissar Division,17300001,Haryana Circle,BPO,600,
17100854,A9646,HR050200002,Arniawali BO,17360008,Sirsa HO,17640017,Sirsa-I Sub Division,17530005,Hissar Division,17300001,Haryana Circle,BPO,600,
17100876,A8326,HR050104001,Banbhori BO,17660246,Barwala SO Hisar,17640016,Hisar West Sub Division,17530005,Hissar Division,17300001,Haryana Circle,BPO,600,
17100921,A7530,HR050100007,Chakpanihar BO,17660240,Azad Nagar Hisar SO,17640016,Hisar West Sub Division,17530005,Hissar Division,17300001,Haryana Circle,BPO,600,
17101280,A7322,HR050101012,Thaska BO,17660238,Agroha SO,17640014,Fatehabad Sub Division,17530005,Hissar Division,17300001,Haryana Circle,BPO,600,
17101172,A7321,HR050101008,Nangthala BO,17660238,Agroha SO,17640014,Fatehabad Sub Division,17530005,Hissar Division,17300001,Haryana Circle,BPO,600,
17101096,A7320,HR050101006,Kumaharia BO,17660238,Agroha SO,17640014,Fatehabad Sub Division,17530005,Hissar Division,17300001,Haryana Circle,BPO,600,
17100964,A7273,HR050103002,Dhanger BO,17660241,Badopal SO,17640014,Fatehabad Sub Division,17530005,Hissar Division,17300001,Haryana Circle,BPO,600,
17101075,A7272,HR050105009,Kharkhara BO,17660247,Bass SO,17640015,Hisar East Sub Division,17530005,Hissar Division,17300001,Haryana Circle,BPO,600,
17100894,A7271,HR050105008,Bhatol Jattan BO,17660247,Bass SO,17640015,Hisar East Sub Division,17530005,Hissar Division,17300001,Haryana Circle,BPO,600,
17101049,A5880,HR050119007,Kanheri BO,17660299,Tohana Mandi SO,17640018,Tohana Sub Division,17530005,Hissar Division,17300001,Haryana Circle,BPO,600,
17101020,A5879,HR050119004,Inda Chhoi BO,17660299,Tohana Mandi SO,17640018,Tohana Sub Division,17530005,Hissar Division,17300001,Haryana Circle,BPO,600,
17100868,A5357,HR050106001,Baijalpur BO,17660250,Bhuna SO,17640014,Fatehabad Sub Division,17530005,Hissar Division,17300001,Haryana Circle,BPO,600,
17101077,A3432,HR050100023,Kheri Barki BO,17660282,Modle Town Hisar SO,17640016,Hisar West Sub Division,17530005,Hissar Division,17300001,Haryana Circle,BPO,600,
17101043,A3431,HR050100021,Kaimri BO,17660282,Modle Town Hisar SO,17640016,Hisar West Sub Division,17530005,Hissar Division,17300001,Haryana Circle,BPO,600,
17101092,A3416,HR050107017,Kukranwali BO,17660258,Fatehabad SO Fatehabad,17640014,Fatehabad Sub Division,17530005,Hissar Division,17300001,Haryana Circle,BPO,600,
17101033,A3415,HR050107014,Jhalnia BO,17660258,Fatehabad SO Fatehabad,17640014,Fatehabad Sub Division,17530005,Hissar Division,17300001,Haryana Circle,BPO,600,
17100846,A3414,HR050107001,Ahlisadar BO,17660258,Fatehabad SO Fatehabad,17640014,Fatehabad Sub Division,17530005,Hissar Division,17300001,Haryana Circle,BPO,600,
17101199,A3413,HR050108019,Petwar BO,17660264,Hansi SO,17640015,Hisar East Sub Division,17530005,Hissar Division,17300001,Haryana Circle,BPO,600,
17101140,A3412,HR050108018,Mehanda BO,17660264,Hansi SO,17640015,Hisar East Sub Division,17530005,Hissar Division,17300001,Haryana Circle,BPO,600,
17101207,A2295,HR050205008,Poharkan BO,17660257,Ellenabad SO,17640037,Sirsa -II Sub Division,17530005,Hissar Division,17300001,Haryana Circle,BPO,600,
17101137,A2294,HR050205005,Mauju Khera BO,17660257,Ellenabad SO,17640037,Sirsa -II Sub Division,17530005,Hissar Division,17300001,Haryana Circle,BPO,600,
17100852,A2293,HR050205001,Amritsar Kalan BO,17660257,Ellenabad SO,17640037,Sirsa -II Sub Division,17530005,Hissar Division,17300001,Haryana Circle,BPO,600,
17101187,A1160,HR050200028,Ottu BO,17360008,Sirsa HO,17640017,Sirsa-I Sub Division,17530005,Hissar Division,17300001,Haryana Circle,BPO,600,
17101100,A1159,HR050200042,Kusumbhi BO,17360008,Sirsa HO,17640017,Sirsa-I Sub Division,17530005,Hissar Division,17300001,Haryana Circle,BPO,600,
17101001,A1158,HR050200011,Gudia Kheda BO,17360008,Sirsa HO,17640017,Sirsa-I Sub Division,17530005,Hissar Division,17300001,Haryana Circle,BPO,600,
17100983,A1157,HR050200008,Ferozabad BO,17360008,Sirsa HO,17640017,Sirsa-I Sub Division,17530005,Hissar Division,17300001,Haryana Circle,BPO,600,
17660499,12510202,0,M.S Ellenabad SO,17360008,Sirsa HO,17640037,Sirsa -II Sub Division,17530005,Hissar Division,17300001,Haryana Circle,SPO,1200,
17660296,12507501,HR050211000,Siri Jiwan Nagar SO,17360008,Sirsa HO,17640037,Sirsa -II Sub Division,17530005,Hissar Division,17300001,Haryana Circle,SPO,1800,
17660257,12510201,HR050205000,Ellenabad SO,17360008,Sirsa HO,17640037,Sirsa -II Sub Division,17530005,Hissar Division,17300001,Haryana Circle,SPO,3600,
17660295,12506001,HR050212000,Sikander Pur SO,17360008,Sirsa HO,17640017,Sirsa-I Sub Division,17530005,Hissar Division,17300001,Haryana Circle,SPO,1200,
17660240,12500701,HR050129000,Azad Nagar Hisar SO,17360007,Hisar HO,17640016,Hisar West Sub Division,17530005,Hissar Division,17300001,Haryana Circle,SPO,1800,
17660303,12500503,HR050133000,Vidut Nagar Hisar SO,17360007,Hisar HO,17640015,Hisar East Sub Division,17530005,Hissar Division,17300001,Haryana Circle,SPO,1200,
17660293,12505101,HR050116000,Rattia SO,17360007,Hisar HO,17640018,Tohana Sub Division,17530005,Hissar Division,17300001,Haryana Circle,SPO,3600,
17660290,12511201,HR050115000,Pabra SO,17360007,Hisar HO,17640018,Tohana Sub Division,17530005,Hissar Division,17300001,Haryana Circle,SPO,1200,
17660299,12512001,HR050119000,Tohana Mandi SO,17360007,Hisar HO,17640018,Tohana Sub Division,17530005,Hissar Division,17300001,Haryana Circle,SPO,3600,
17660270,12513301,HR050110000,Jakhal Mandi SO,17360007,Hisar HO,17640018,Tohana Sub Division,17530005,Hissar Division,17300001,Haryana Circle,SPO,2640,
17660241,12504801,HR050103000,Badopal SO,17360007,Hisar HO,17640014,Fatehabad Sub Division,17530005,Hissar Division,17300001,Haryana Circle,SPO,1200,
17660242,12505401,HR050202000,Bahaudin SO,17360008,Sirsa HO,17640017,Sirsa-I Sub Division,17530005,Hissar Division,17300001,Haryana Circle,SPO,1200,
17660292,12507601,HR050210000,Rania SO,17360008,Sirsa HO,17640017,Sirsa-I Sub Division,17530005,Hissar Division,17300001,Haryana Circle,SPO,2640,
17660261,12510301,HR050206000,Goriwala SO,17360008,Sirsa HO,17640037,Sirsa -II Sub Division,17530005,Hissar Division,17300001,Haryana Circle,SPO,1200,
17660248,12505501,HR050216000,Begu Road Sirsa SO,17360008,Sirsa HO,17640037,Sirsa -II Sub Division,17530005,Hissar Division,17300001,Haryana Circle,SPO,1200,
17660254,12510401,HR050215000,Dabwali Town SO,17360008,Sirsa HO,17640037,Sirsa -II Sub Division,17530005,Hissar Division,17300001,Haryana Circle,SPO,1200,
17660289,12507701,HR050209000,Odhan SO,17360008,Sirsa HO,17640037,Sirsa -II Sub Division,17530005,Hissar Division,17300001,Haryana Circle,SPO,1800,
17660252,12510101,HR050203000,Chautala SO,17360008,Sirsa HO,17640037,Sirsa -II Sub Division,17530005,Hissar Division,17300001,Haryana Circle,SPO,1200,
17660502,12506101,HR050189000,Nagpur S.O.,17360007,Hisar HO,17640018,Tohana Sub Division,17530005,Hissar Division,17300001,Haryana Circle,SPO,1800,
17660287,12500109,HR050132000,NAM Hisar SO,17360007,Hisar HO,17640016,Hisar West Sub Division,17530005,Hissar Division,17300001,Haryana Circle,SPO,1200,
17660283,12505504,HR050217000,MTS Sirsa SO,17360008,Sirsa HO,17640037,Sirsa -II Sub Division,17530005,Hissar Division,17300001,Haryana Circle,SPO,1200,
17660273,12505502,HR050214000,Khairpur SO,17360008,Sirsa HO,17640017,Sirsa-I Sub Division,17530005,Hissar Division,17300001,Haryana Circle,SPO,1200,
17660285,12505505,HR050220000,Nai Mandi Sirsa SO,17360008,Sirsa HO,17640037,Sirsa -II Sub Division,17530005,Hissar Division,17300001,Haryana Circle,SPO,1200,
17660300,12512002,HR050144000,Tohana SO,17360007,Hisar HO,17640018,Tohana Sub Division,17530005,Hissar Division,17300001,Haryana Circle,SPO,1800,
17660281,12505503,HR050218000,MiniSecttSirsa SO,17360008,Sirsa HO,17640017,Sirsa-I Sub Division,17530005,Hissar Division,17300001,Haryana Circle,SPO,1200,
17660243,12507801,HR050201000,Baragudha SO,17360008,Sirsa HO,17640017,Sirsa-I Sub Division,17530005,Hissar Division,17300001,Haryana Circle,SPO,1800,
17660253,12511001,HR050213000,Chopta Nathu Sari SO,17360008,Sirsa HO,17640017,Sirsa-I Sub Division,17530005,Hissar Division,17300001,Haryana Circle,SPO,1200,
17660277,12510402,HR050208000,Mandi Dabwali SO,17360008,Sirsa HO,17640037,Sirsa -II Sub Division,17530005,Hissar Division,17300001,Haryana Circle,SPO,3600,
17660272,12520101,HR050207000,Kalanwali SO,17360008,Sirsa HO,17640037,Sirsa -II Sub Division,17530005,Hissar Division,17300001,Haryana Circle,SPO,3600,
17660271,12505601,HR050219000,JCD Vidyapeeth Sirsa,17360008,Sirsa HO,17640017,Sirsa-I Sub Division,17530005,Hissar Division,17300001,Haryana Circle,SPO,1200,
17660256,12505801,HR050204000,Ding SO,17360008,Sirsa HO,17640017,Sirsa-I Sub Division,17530005,Hissar Division,17300001,Haryana Circle,SPO,1200,
17660301,12511301,HR050120000,Uklana Mandi SO,17360007,Hisar HO,17640018,Tohana Sub Division,17530005,Hissar Division,17300001,Haryana Circle,SPO,3600,
17360008,12505500,HR050200000,Sirsa HO,17360008,Sirsa HO,17640017,Sirsa-I Sub Division,17530005,Hissar Division,17300001,Haryana Circle,HPO,10200,
17660282,12500501,HR050112000,Modle Town Hisar SO,17360007,Hisar HO,17640016,Hisar West Sub Division,17530005,Hissar Division,17300001,Haryana Circle,SPO,3600,
17660238,12504701,HR050101000,Agroha SO,17360007,Hisar HO,17640014,Fatehabad Sub Division,17530005,Hissar Division,17300001,Haryana Circle,SPO,1800,
17660258,12505001,HR050107000,Fatehabad SO Fatehabad,17360007,Hisar HO,17640014,Fatehabad Sub Division,17530005,Hissar Division,17300001,Haryana Circle,SPO,8400,
17660255,12510601,HR050122000,Dharsul Kalan SO,17360007,Hisar HO,17640018,Tohana Sub Division,17530005,Hissar Division,17300001,Haryana Circle,SPO,1800,
17660275,12505102,HR050146000,M S Rattia SO,17360007,Hisar HO,17640018,Tohana Sub Division,17530005,Hissar Division,17300001,Haryana Circle,SPO,1200,
17660259,12505002,HR050137000,Fatehabd Kty SO,17360007,Hisar HO,17640014,Fatehabad Sub Division,17530005,Hissar Division,17300001,Haryana Circle,SPO,1200,
17660250,12511101,HR050106000,Bhuna SO,17360007,Hisar HO,17640014,Fatehabad Sub Division,17530005,Hissar Division,17300001,Haryana Circle,SPO,1800,
17660249,12505301,HR050102000,Bhattu Kalan SO,17360007,Hisar HO,17640014,Fatehabad Sub Division,17530005,Hissar Division,17300001,Haryana Circle,SPO,1800,
17660291,12500110,HR050131000,Patel Nager Hisar SO,17360007,Hisar HO,17640015,Hisar East Sub Division,17530005,Hissar Division,17300001,Haryana Circle,SPO,1200,
17660288,12503901,HR050114000,Narnaund SO,17360007,Hisar HO,17640015,Hisar East Sub Division,17530005,Hissar Division,17300001,Haryana Circle,SPO,1800,
17660239,12503301,HR050141000,Anaj Mandi Hansi SO,17360007,Hisar HO,17640015,Hisar East Sub Division,17530005,Hissar Division,17300001,Haryana Circle,SPO,1200,
17660279,12503305,HR050143000,Mini Secretariat Hansi SO,17360007,Hisar HO,17640015,Hisar East Sub Division,17530005,Hissar Division,17300001,Haryana Circle,SPO,1200,
17660264,12503304,HR050108000,Hansi SO,17360007,Hisar HO,17640015,Hisar East Sub Division,17530005,Hissar Division,17300001,Haryana Circle,SPO,8400,
17660278,12500107,HR050130000,MCHisar SO,17360007,Hisar HO,17640015,Hisar East Sub Division,17530005,Hissar Division,17300001,Haryana Circle,SPO,1200,
17660274,12503801,HR050111000,Khanda Kheri SO,17360007,Hisar HO,17640015,Hisar East Sub Division,17530005,Hissar Division,17300001,Haryana Circle,SPO,1200,
17660247,12504201,HR050105000,Bass SO,17360007,Hisar HO,17640015,Hisar East Sub Division,17530005,Hissar Division,17300001,Haryana Circle,SPO,1200,
17660245,12503302,HR050139000,Barwala Road Hansi SO,17360007,Hisar HO,17640015,Hisar East Sub Division,17530005,Hissar Division,17300001,Haryana Circle,SPO,1200,
17660284,12505003,HR050138000,Nai Mandi Fatehabad SO,17360007,Hisar HO,17640014,Fatehabad Sub Division,17530005,Hissar Division,17300001,Haryana Circle,SPO,1200,
17660276,12505201,HR050113000,Mandi Adampur SO,17360007,Hisar HO,17640014,Fatehabad Sub Division,17530005,Hissar Division,17300001,Haryana Circle,SPO,3600,
17660244,12512101,HR050136000,BARWALA MANDI SO,17360007,Hisar HO,17640016,Hisar West Sub Division,17530005,Hissar Division,17300001,Haryana Circle,SPO,1200,
17660302,12500502,HR050134000,Urban Estate-II Hisar S.O,17360007,Hisar HO,17640015,Hisar East Sub Division,17530005,Hissar Division,17300001,Haryana Circle,SPO,1200,
17660263,12503303,HR050140000,Hansi City SO,17360007,Hisar HO,17640015,Hisar East Sub Division,17530005,Hissar Division,17300001,Haryana Circle,SPO,1800,
17660297,12504901,HR050117000,Sisai SO Hisar,17360007,Hisar HO,17640015,Hisar East Sub Division,17530005,Hissar Division,17300001,Haryana Circle,SPO,1200,
17660294,12504401,HR050118000,Satroad Khurd SO,17360007,Hisar HO,17640015,Hisar East Sub Division,17530005,Hissar Division,17300001,Haryana Circle,SPO,1800,
17660269,12500103,HR050127000,HTM Hisar SO,17360007,Hisar HO,17640016,Hisar West Sub Division,17530005,Hissar Division,17300001,Haryana Circle,SPO,1200,
17660251,12501101,HR050135000,BSF Hisar SO,17360007,Hisar HO,17640016,Hisar West Sub Division,17530005,Hissar Division,17300001,Haryana Circle,SPO,1200,
17660286,12503701,HR050121000,Nalwa SO,17360007,Hisar HO,17640015,Hisar East Sub Division,17530005,Hissar Division,17300001,Haryana Circle,SPO,1200,
17660280,12500108,HR050128000,Mini Sectthisar SO,17360007,Hisar HO,17640016,Hisar West Sub Division,17530005,Hissar Division,17300001,Haryana Circle,SPO,1800,
17660268,12500106,HR050125000,Hisar Kty SO,17360007,Hisar HO,17640016,Hisar West Sub Division,17530005,Hissar Division,17300001,Haryana Circle,SPO,1800,
17660266,12500601,HR050123000,Hisar Cantt SO,17360007,Hisar HO,17640015,Hisar East Sub Division,17530005,Hissar Division,17300001,Haryana Circle,SPO,1200,
17660265,12500104,HR050126000,Hisar Nai Mandi SO,17360007,Hisar HO,17640016,Hisar West Sub Division,17530005,Hissar Division,17300001,Haryana Circle,SPO,1200,
17660262,12500401,HR050109000,Ha U Hisar SO,17360007,Hisar HO,17640016,Hisar West Sub Division,17530005,Hissar Division,17300001,Haryana Circle,SPO,3600,
17660260,12500102,HR050145000,Gju Hisar SO,17360007,Hisar HO,17640016,Hisar West Sub Division,17530005,Hissar Division,17300001,Haryana Circle,SPO,1200,
17660267,12500105,HR050124000,Hisar City SO,17360007,Hisar HO,17640016,Hisar West Sub Division,17530005,Hissar Division,17300001,Haryana Circle,SPO,1800,
17660246,12512102,HR050104000,Barwala SO Hisar,17360007,Hisar HO,17640016,Hisar West Sub Division,17530005,Hissar Division,17300001,Haryana Circle,SPO,3600,
17360007,12500100,HR050100000,Hisar HO,17360007,Hisar HO,17640016,Hisar West Sub Division,17530005,Hissar Division,17300001,Haryana Circle,HPO,10200,
17101635,M7015,HR060309012,Uchana Khrud B.O,17660376,Uchana S.O,17640020,Jind West Sub Division,17530006,Karnal Division,17300001,Haryana Circle,BPO,600,
17101625,M7014,HR060309013,Sudkain Kalan B.O,17660376,Uchana S.O,17640020,Jind West Sub Division,17530006,Karnal Division,17300001,Haryana Circle,BPO,600,
17101525,M7013,HR060309011,Mohangarh B.O,17660376,Uchana S.O,17640020,Jind West Sub Division,17530006,Karnal Division,17300001,Haryana Circle,BPO,600,
17101511,M7012,HR060309010,Makhand B.O,17660376,Uchana S.O,17640020,Jind West Sub Division,17530006,Karnal Division,17300001,Haryana Circle,BPO,600,
17101480,M7011,HR060309009,Khatkar B.O,17660376,Uchana S.O,17640020,Jind West Sub Division,17530006,Karnal Division,17300001,Haryana Circle,BPO,600,
17101477,M7010,HR060309014,Kharakbhura B.O,17660376,Uchana S.O,17640020,Jind West Sub Division,17530006,Karnal Division,17300001,Haryana Circle,BPO,600,
17101471,M7009,HR060309008,Kasun B.O,17660376,Uchana S.O,17640020,Jind West Sub Division,17530006,Karnal Division,17300001,Haryana Circle,BPO,600,
17101469,M7008,HR060309007,Karsindhu B.O,17660376,Uchana S.O,17640020,Jind West Sub Division,17530006,Karnal Division,17300001,Haryana Circle,BPO,600,
17101454,M7007,HR060309006,Kakrod B.O,17660376,Uchana S.O,17640020,Jind West Sub Division,17530006,Karnal Division,17300001,Haryana Circle,BPO,600,
17101450,M7006,HR060309016,Kabarchha B.O,17660376,Uchana S.O,17640020,Jind West Sub Division,17530006,Karnal Division,17300001,Haryana Circle,BPO,600,
17101418,M7005,HR060309005,Gogrian B.O,17660376,Uchana S.O,17640020,Jind West Sub Division,17530006,Karnal Division,17300001,Haryana Circle,BPO,600,
17101356,M7004,HR060309004,Budain B.O,17660376,Uchana S.O,17640020,Jind West Sub Division,17530006,Karnal Division,17300001,Haryana Circle,BPO,600,
17101343,M7003,HR060309003,Bhongra B.O,17660376,Uchana S.O,17640020,Jind West Sub Division,17530006,Karnal Division,17300001,Haryana Circle,BPO,600,
17101330,M7002,HR060309002,Barsola B.O,17660376,Uchana S.O,17640020,Jind West Sub Division,17530006,Karnal Division,17300001,Haryana Circle,BPO,600,
17101327,M7001,HR060309001,Baroda B.O,17660376,Uchana S.O,17640020,Jind West Sub Division,17530006,Karnal Division,17300001,Haryana Circle,BPO,600,
17101621,M1472,HR060306011,Siwaha B.O,17660364,Pillukhera S.O,17640019,Jind East Sub Division,17530006,Karnal Division,17300001,Haryana Circle,BPO,600,
17101527,M1471,HR060306010,Morkhi B.O,17660364,Pillukhera S.O,17640019,Jind East Sub Division,17530006,Karnal Division,17300001,Haryana Circle,BPO,600,
17101507,M1470,HR060306009,Ludana B.O,17660364,Pillukhera S.O,17640019,Jind East Sub Division,17530006,Karnal Division,17300001,Haryana Circle,BPO,600,
17101459,M1469,HR060306008,Kalwa B.O,17660364,Pillukhera S.O,17640019,Jind East Sub Division,17530006,Karnal Division,17300001,Haryana Circle,BPO,600,
17101439,M1468,HR060306007,Jamni B.O,17660364,Pillukhera S.O,17640019,Jind East Sub Division,17530006,Karnal Division,17300001,Haryana Circle,BPO,600,
17101423,M1467,HR060306006,Hadwa B.O,17660364,Pillukhera S.O,17640019,Jind East Sub Division,17530006,Karnal Division,17300001,Haryana Circle,BPO,600,
17101406,M1466,HR060306005,Gangoli B.O,17660364,Pillukhera S.O,17640019,Jind East Sub Division,17530006,Karnal Division,17300001,Haryana Circle,BPO,600,
17101390,M1465,HR060306580,DHARAULI,17660364,Pillukhera S.O,17640019,Jind East Sub Division,17530006,Karnal Division,17300001,Haryana Circle,BPO,600,
17101358,M1464,HR060306004,Budha Khera B.O,17660364,Pillukhera S.O,17640019,Jind East Sub Division,17530006,Karnal Division,17300001,Haryana Circle,BPO,600,
17101331,M1463,HR060306003,Barthana B.O,17660364,Pillukhera S.O,17640019,Jind East Sub Division,17530006,Karnal Division,17300001,Haryana Circle,BPO,600,
17101318,M1462,HR060306002,Bambhewa B.O,17660364,Pillukhera S.O,17640019,Jind East Sub Division,17530006,Karnal Division,17300001,Haryana Circle,BPO,600,
17101305,M1461,HR060306001,Assan B.O,17660364,Pillukhera S.O,17640019,Jind East Sub Division,17530006,Karnal Division,17300001,Haryana Circle,BPO,600,
17101572,M1450,HR060211002,Rair Kalan B.O,17660360,Panipat Refinary S.O,17640023,Panipat Sub Division,17530006,Karnal Division,17300001,Haryana Circle,BPO,600,
17101451,M1449,HR060211004,Kabri B.O,17660360,Panipat Refinary S.O,17640023,Panipat Sub Division,17530006,Karnal Division,17300001,Haryana Circle,BPO,600,
17101407,M1448,HR060211005,Ganjbarh B.O,17660360,Panipat Refinary S.O,17640023,Panipat Sub Division,17530006,Karnal Division,17300001,Haryana Circle,BPO,600,
17101375,M1447,HR060211001,Dadlana B.O,17660360,Panipat Refinary S.O,17640023,Panipat Sub Division,17530006,Karnal Division,17300001,Haryana Circle,BPO,600,
17101309,M1446,HR060211003,Babarpur B.O,17660360,Panipat Refinary S.O,17640023,Panipat Sub Division,17530006,Karnal Division,17300001,Haryana Circle,BPO,600,
17101634,M1045,HR060112011,Uchana B.O,17660374,Taraori S.O,17640021,Karnal East Sub Division,17530006,Karnal Division,17300001,Haryana Circle,BPO,600,
17101628,M1044,HR060112007,Sultanpur B.O,17660374,Taraori S.O,17640021,Karnal East Sub Division,17530006,Karnal Division,17300001,Haryana Circle,BPO,600,
17101602,M1043,HR060112008,Saunkra B.O,17660374,Taraori S.O,17640021,Karnal East Sub Division,17530006,Karnal Division,17300001,Haryana Circle,BPO,600,
17101606,M1042,HR060112006,Shamgarh B.O,17660374,Taraori S.O,17640021,Karnal East Sub Division,17530006,Karnal Division,17300001,Haryana Circle,BPO,600,
17101595,M1041,HR060112009,Sambhi B.O,17660374,Taraori S.O,17640021,Karnal East Sub Division,17530006,Karnal Division,17300001,Haryana Circle,BPO,600,
17101592,M1040,HR060112014,Sagga B.O,17660374,Taraori S.O,17640021,Karnal East Sub Division,17530006,Karnal Division,17300001,Haryana Circle,BPO,600,
17101580,M1039,HR060112005,Ramba B.O,17660374,Taraori S.O,17640021,Karnal East Sub Division,17530006,Karnal Division,17300001,Haryana Circle,BPO,600,
17101579,M1038,HR060112004,Ramana Ramani B.O,17660374,Taraori S.O,17640021,Karnal East Sub Division,17530006,Karnal Division,17300001,Haryana Circle,BPO,600,
17101547,M1037,HR060112003,Padhana B.O,17660374,Taraori S.O,17640021,Karnal East Sub Division,17530006,Karnal Division,17300001,Haryana Circle,BPO,600,
17101540,M1036,HR060112010,Nariana B.O,17660374,Taraori S.O,17640021,Karnal East Sub Division,17530006,Karnal Division,17300001,Haryana Circle,BPO,600,
17101500,M1035,HR060112002,Kuruk Jagir B.O,17660374,Taraori S.O,17640021,Karnal East Sub Division,17530006,Karnal Division,17300001,Haryana Circle,BPO,600,
17101465,M1034,HR060112012,KARAN LAKE B.O,17660374,Taraori S.O,17640021,Karnal East Sub Division,17530006,Karnal Division,17300001,Haryana Circle,BPO,600,
17101452,M1033,HR060112013,Kachwa B.O,17660374,Taraori S.O,17640021,Karnal East Sub Division,17530006,Karnal Division,17300001,Haryana Circle,BPO,600,
17101339,M1032,HR060112001,Bhaini Khrud B.O,17660374,Taraori S.O,17640021,Karnal East Sub Division,17530006,Karnal Division,17300001,Haryana Circle,BPO,600,
17101549,M1031,HR060205003,Palri B.O,17660345,Neoltha S.O,17640023,Panipat Sub Division,17530006,Karnal Division,17300001,Haryana Circle,BPO,600,
17101395,M1030,HR060205002,Didwari B.O,17660345,Neoltha S.O,17640023,Panipat Sub Division,17530006,Karnal Division,17300001,Haryana Circle,BPO,600,
17101377,M1029,HR060205001,Dahar B.O,17660345,Neoltha S.O,17640023,Panipat Sub Division,17530006,Karnal Division,17300001,Haryana Circle,BPO,600,
17101620,M1028,HR060206004,Siwaha B.O,17660350,Panipat Beas Project S.O,17640023,Panipat Sub Division,17530006,Karnal Division,17300001,Haryana Circle,BPO,600,
17101552,M1027,HR060206003,Pasina Kalan BO B.O,17660350,Panipat Beas Project S.O,17640023,Panipat Sub Division,17530006,Karnal Division,17300001,Haryana Circle,BPO,600,
17101398,M1026,HR060206001,Diwana B.O,17660350,Panipat Beas Project S.O,17640023,Panipat Sub Division,17530006,Karnal Division,17300001,Haryana Circle,BPO,600,
17101376,M1025,HR060206002,Dadola B.O,17660350,Panipat Beas Project S.O,17640023,Panipat Sub Division,17530006,Karnal Division,17300001,Haryana Circle,BPO,600,
17101633,M1024,HR060107004,Tikri B.O,17660366,S.S. Kunjpura S.O,17640021,Karnal East Sub Division,17530006,Karnal Division,17300001,Haryana Circle,BPO,600,
17101624,M1023,HR060107003,Subri B.O,17660366,S.S. Kunjpura S.O,17640021,Karnal East Sub Division,17530006,Karnal Division,17300001,Haryana Circle,BPO,600,
17101415,M1022,HR060107002,Gheer B.O,17660366,S.S. Kunjpura S.O,17640021,Karnal East Sub Division,17530006,Karnal Division,17300001,Haryana Circle,BPO,600,
17101324,M1021,HR060107001,Bara Gaon B.O,17660366,S.S. Kunjpura S.O,17640021,Karnal East Sub Division,17530006,Karnal Division,17300001,Haryana Circle,BPO,600,
17101639,M1008,HR060108006,Uncha Samana B.O,17660338,Madhuban S.O (Karnal),17640022,Karnal West Sub Division,17530006,Karnal Division,17300001,Haryana Circle,BPO,600,
17101590,M1007,HR060108013,S.P. Sohana B.O,17660338,Madhuban S.O (Karnal),17640022,Karnal West Sub Division,17530006,Karnal Division,17300001,Haryana Circle,BPO,600,
17101581,M1006,HR060108012,Ranwar B.O,17660338,Madhuban S.O (Karnal),17640022,Karnal West Sub Division,17530006,Karnal Division,17300001,Haryana Circle,BPO,600,
17101559,M1005,HR060108011,Phoosgarh B.O,17660338,Madhuban S.O (Karnal),17640022,Karnal West Sub Division,17530006,Karnal Division,17300001,Haryana Circle,BPO,600,
17101531,M1004,HR060108010,Nagla Megha B.O,17660338,Madhuban S.O (Karnal),17640022,Karnal West Sub Division,17530006,Karnal Division,17300001,Haryana Circle,BPO,600,
17101526,M1003,HR060108009,Mohidinpur B.O,17660338,Madhuban S.O (Karnal),17640022,Karnal West Sub Division,17530006,Karnal Division,17300001,Haryana Circle,BPO,600,
17101501,M1002,HR060108005,Kutail B.O,17660338,Madhuban S.O (Karnal),17640022,Karnal West Sub Division,17530006,Karnal Division,17300001,Haryana Circle,BPO,600,
17101416,M1001,HR060108003,Ghogripur B.O,17660338,Madhuban S.O (Karnal),17640022,Karnal West Sub Division,17530006,Karnal Division,17300001,Haryana Circle,BPO,600,
17101408,M1000,HR060108008,Ganjogarhi B.O,17660338,Madhuban S.O (Karnal),17640022,Karnal West Sub Division,17530006,Karnal Division,17300001,Haryana Circle,BPO,600,
17101397,M0999,HR060108015,Dilawara B.O,17660338,Madhuban S.O (Karnal),17640022,Karnal West Sub Division,17530006,Karnal Division,17300001,Haryana Circle,BPO,600,
17101386,M0998,HR060108014,Dhakwala Gujran B.O,17660338,Madhuban S.O (Karnal),17640022,Karnal West Sub Division,17530006,Karnal Division,17300001,Haryana Circle,BPO,600,
17101334,M0997,HR060108002,Beejna B.O,17660338,Madhuban S.O (Karnal),17640022,Karnal West Sub Division,17530006,Karnal Division,17300001,Haryana Circle,BPO,600,
17101315,M0996,HR060108007,Bajida Jattan B.O,17660338,Madhuban S.O (Karnal),17640022,Karnal West Sub Division,17530006,Karnal Division,17300001,Haryana Circle,BPO,600,
17101326,M0995,HR060108001,Barauta B.O,17660338,Madhuban S.O (Karnal),17640022,Karnal West Sub Division,17530006,Karnal Division,17300001,Haryana Circle,BPO,600,
17101642,M0994,HR060203015,Urlana Kalan B.O,17660315,Israna S.O,17640023,Panipat Sub Division,17530006,Karnal Division,17300001,Haryana Circle,BPO,600,
17101604,M0993,HR060203013,Shahpur B.O,17660315,Israna S.O,17640023,Panipat Sub Division,17530006,Karnal Division,17300001,Haryana Circle,BPO,600,
17101603,M0992,HR060203012,Seenk B.O,17660315,Israna S.O,17640023,Panipat Sub Division,17530006,Karnal Division,17300001,Haryana Circle,BPO,600,
17101567,M0991,HR060203010,Puther B.O,17660315,Israna S.O,17640023,Panipat Sub Division,17530006,Karnal Division,17300001,Haryana Circle,BPO,600,
17101551,M0990,HR060203009,Pardhana B.O,17660315,Israna S.O,17640023,Panipat Sub Division,17530006,Karnal Division,17300001,Haryana Circle,BPO,600,
17101516,M0989,HR060203008,Mandi B.O,17660315,Israna S.O,17640023,Panipat Sub Division,17530006,Karnal Division,17300001,Haryana Circle,BPO,600,
17101497,M0988,HR060203007,Kurana B.O,17660315,Israna S.O,17640023,Panipat Sub Division,17530006,Karnal Division,17300001,Haryana Circle,BPO,600,
17101461,M0987,HR060203006,Karad B.O,17660315,Israna S.O,17640023,Panipat Sub Division,17530006,Karnal Division,17300001,Haryana Circle,BPO,600,
17101446,M0986,HR060203014,Jondhan Kalan B.O,17660315,Israna S.O,17640023,Panipat Sub Division,17530006,Karnal Division,17300001,Haryana Circle,BPO,600,
17101355,M0985,HR060203003,Buana Lakhu B.O,17660315,Israna S.O,17640023,Panipat Sub Division,17530006,Karnal Division,17300001,Haryana Circle,BPO,600,
17101320,M0984,HR060203002,Bandh B.O,17660315,Israna S.O,17640023,Panipat Sub Division,17530006,Karnal Division,17300001,Haryana Circle,BPO,600,
17101295,M0983,HR060203001,Ahar B.O,17660315,Israna S.O,17640023,Panipat Sub Division,17530006,Karnal Division,17300001,Haryana Circle,BPO,600,
17101536,M0973,HR060113006,Nangal B.O,17660310,Garhi Birbal S.O,17640021,Karnal East Sub Division,17530006,Karnal Division,17300001,Haryana Circle,BPO,600,
17101458,M0972,HR060113005,Kalsora B.O,17660310,Garhi Birbal S.O,17640021,Karnal East Sub Division,17530006,Karnal Division,17300001,Haryana Circle,BPO,600,
17101456,M0971,HR060113004,Kalri Jagir B.O,17660310,Garhi Birbal S.O,17640021,Karnal East Sub Division,17530006,Karnal Division,17300001,Haryana Circle,BPO,600,
17101372,M0970,HR060113003,Dabkoli Kalan B.O,17660310,Garhi Birbal S.O,17640021,Karnal East Sub Division,17530006,Karnal Division,17300001,Haryana Circle,BPO,600,
17101368,M0969,HR060113002,Chogawan B.O,17660310,Garhi Birbal S.O,17640021,Karnal East Sub Division,17530006,Karnal Division,17300001,Haryana Circle,BPO,600,
17101345,M0968,HR060113001,Biana B.O,17660310,Garhi Birbal S.O,17640021,Karnal East Sub Division,17530006,Karnal Division,17300001,Haryana Circle,BPO,600,
17101576,M0967,HR060202001,Raksera B.O,17660312,Hathwala S.O,17640023,Panipat Sub Division,17530006,Karnal Division,17300001,Haryana Circle,BPO,600,
17101585,M0966,HR060303003,Ritauli B.O,17660309,Dharthrath S.O,17640019,Jind East Sub Division,17530006,Karnal Division,17300001,Haryana Circle,BPO,600,
17101524,M0965,HR060303002,Mohammad Khera B.O,17660309,Dharthrath S.O,17640019,Jind East Sub Division,17530006,Karnal Division,17300001,Haryana Circle,BPO,600,
17101491,M0964,HR060303005,Khunga Kothi B.O,17660309,Dharthrath S.O,17640019,Jind East Sub Division,17530006,Karnal Division,17300001,Haryana Circle,BPO,600,
17101378,M0963,HR060303004,Dalamwala B.O,17660309,Dharthrath S.O,17640019,Jind East Sub Division,17530006,Karnal Division,17300001,Haryana Circle,BPO,600,
17101321,M0962,HR060303001,Baniya Khera B.O,17660309,Dharthrath S.O,17640019,Jind East Sub Division,17530006,Karnal Division,17300001,Haryana Circle,BPO,600,
17101593,M0961,HR060302006,Sainthali B.O,17660308,Dhanoda Kalan S.O,17640020,Jind West Sub Division,17530006,Karnal Division,17300001,Haryana Circle,BPO,600,
17101591,M0960,HR060302005,Sachha Khera B.O,17660308,Dhanoda Kalan S.O,17640020,Jind West Sub Division,17530006,Karnal Division,17300001,Haryana Circle,BPO,600,
17101518,M0959,HR060302004,Mangalpur B.O,17660308,Dhanoda Kalan S.O,17640020,Jind West Sub Division,17530006,Karnal Division,17300001,Haryana Circle,BPO,600,
17101433,M0958,HR060302003,Jajanwala B.O,17660308,Dhanoda Kalan S.O,17640020,Jind West Sub Division,17530006,Karnal Division,17300001,Haryana Circle,BPO,600,
17101401,M0957,HR060302002,Durjanpur B.O,17660308,Dhanoda Kalan S.O,17640020,Jind West Sub Division,17530006,Karnal Division,17300001,Haryana Circle,BPO,600,
17101349,M0956,HR060302007,Bikhiwala B.O,17660308,Dhanoda Kalan S.O,17640020,Jind West Sub Division,17530006,Karnal Division,17300001,Haryana Circle,BPO,600,
17101310,M0955,HR060302001,Badanpur B.O,17660308,Dhanoda Kalan S.O,17640020,Jind West Sub Division,17530006,Karnal Division,17300001,Haryana Circle,BPO,600,
17101643,M0950,HR060204008,Waisor B.O,17660339,Madlauda S.O,17640019,Jind East Sub Division,17530006,Karnal Division,17300001,Haryana Circle,BPO,600,
17101608,M0949,HR060204007,Shera B.O,17660339,Madlauda S.O,17640019,Jind East Sub Division,17530006,Karnal Division,17300001,Haryana Circle,BPO,600,
17101568,M0948,HR060204010,Qawi B.O,17660339,Madlauda S.O,17640019,Jind East Sub Division,17530006,Karnal Division,17300001,Haryana Circle,BPO,600,
17101538,M0947,HR060204006,Nara B.O,17660339,Madlauda S.O,17640019,Jind East Sub Division,17530006,Karnal Division,17300001,Haryana Circle,BPO,600,
17101447,M0946,HR060204005,Joshi B.O,17660339,Madlauda S.O,17640019,Jind East Sub Division,17530006,Karnal Division,17300001,Haryana Circle,BPO,600,
17101341,M0945,HR060204004,Bhandari B.O,17660339,Madlauda S.O,17640019,Jind East Sub Division,17530006,Karnal Division,17300001,Haryana Circle,BPO,600,
17101307,M0944,HR060204003,Ataula B.O,17660339,Madlauda S.O,17640019,Jind East Sub Division,17530006,Karnal Division,17300001,Haryana Circle,BPO,600,
17101298,M0943,HR060204009,Allupur B.O,17660339,Madlauda S.O,17640019,Jind East Sub Division,17530006,Karnal Division,17300001,Haryana Circle,BPO,600,
17101293,M0942,HR060204001,Adyana B.O,17660339,Madlauda S.O,17640019,Jind East Sub Division,17530006,Karnal Division,17300001,Haryana Circle,BPO,600,
17101619,M0925,HR060133008,Sitamai B.O,17660346,Nigdhu S.O,17640021,Karnal East Sub Division,17530006,Karnal Division,17300001,Haryana Circle,BPO,600,
17101601,M0924,HR060133004,Sanwat B.O,17660346,Nigdhu S.O,17640021,Karnal East Sub Division,17530006,Karnal Division,17300001,Haryana Circle,BPO,600,
17101596,M0923,HR060133007,Samlbhi B.O,17660346,Nigdhu S.O,17640021,Karnal East Sub Division,17530006,Karnal Division,17300001,Haryana Circle,BPO,600,
17101573,M0922,HR060133003,Raison B.O,17660346,Nigdhu S.O,17640021,Karnal East Sub Division,17530006,Karnal Division,17300001,Haryana Circle,BPO,600,
17101510,M0921,HR060133006,Majra Rodan B.O,17660346,Nigdhu S.O,17640021,Karnal East Sub Division,17530006,Karnal Division,17300001,Haryana Circle,BPO,600,
17101467,M0920,HR060133005,Karsa Dod B.O,17660346,Nigdhu S.O,17640021,Karnal East Sub Division,17530006,Karnal Division,17300001,Haryana Circle,BPO,600,
17101438,M0919,HR060133002,Jamba B.O,17660346,Nigdhu S.O,17640021,Karnal East Sub Division,17530006,Karnal Division,17300001,Haryana Circle,BPO,600,
17101297,M0918,HR060133001,Aibla B.O,17660346,Nigdhu S.O,17640021,Karnal East Sub Division,17530006,Karnal Division,17300001,Haryana Circle,BPO,600,
17101555,M0917,HR060301006,Pegan B.O,17660304,Alewa S.O,17640020,Jind West Sub Division,17530006,Karnal Division,17300001,Haryana Circle,BPO,600,
17101475,M0916,HR060301005,Khanda B.O,17660304,Alewa S.O,17640020,Jind West Sub Division,17530006,Karnal Division,17300001,Haryana Circle,BPO,600,
17101400,M0915,HR060301004,Durana B.O,17660304,Alewa S.O,17640020,Jind West Sub Division,17530006,Karnal Division,17300001,Haryana Circle,BPO,600,
17101393,M0914,HR060301003,Dhilluwal B.O,17660304,Alewa S.O,17640020,Jind West Sub Division,17530006,Karnal Division,17300001,Haryana Circle,BPO,600,
17101348,M0913,HR060301002,Bighana B.O,17660304,Alewa S.O,17640020,Jind West Sub Division,17530006,Karnal Division,17300001,Haryana Circle,BPO,600,
17101632,M0912,HR060300033,Thua B.O,17660342,Naguran S.O,17640019,Jind East Sub Division,17530006,Karnal Division,17300001,Haryana Circle,BPO,600,
17101605,M0911,HR060320010,Shahpur B.O,17660342,Naguran S.O,17640019,Jind East Sub Division,17530006,Karnal Division,17300001,Haryana Circle,BPO,600,
17101599,M0910,HR060300030,Sandil B.O,17660342,Naguran S.O,17640019,Jind East Sub Division,17530006,Karnal Division,17300001,Haryana Circle,BPO,600,
17101517,M0909,HR060300021,Mandi Kalan B.O,17660342,Naguran S.O,17640019,Jind East Sub Division,17530006,Karnal Division,17300001,Haryana Circle,BPO,600,
17101504,M0908,HR060300020,Lodhar B.O,17660342,Naguran S.O,17640019,Jind East Sub Division,17530006,Karnal Division,17300001,Haryana Circle,BPO,600,
17101496,M0907,HR060300018,Kuchrana Kalan B.O,17660342,Naguran S.O,17640019,Jind East Sub Division,17530006,Karnal Division,17300001,Haryana Circle,BPO,600,
17101473,M0906,HR060300016,Kendela B.O,17660342,Naguran S.O,17640019,Jind East Sub Division,17530006,Karnal Division,17300001,Haryana Circle,BPO,600,
17101381,M0905,HR060300008,Dehola B.O,17660342,Naguran S.O,17640019,Jind East Sub Division,17530006,Karnal Division,17300001,Haryana Circle,BPO,600,
17101369,M0904,HR060300005,Chuharpur B.O,17660342,Naguran S.O,17640019,Jind East Sub Division,17530006,Karnal Division,17300001,Haryana Circle,BPO,600,
17101365,M0903,HR060300004,Chhatar B.O,17660342,Naguran S.O,17640019,Jind East Sub Division,17530006,Karnal Division,17300001,Haryana Circle,BPO,600,
17101311,M0902,HR060300002,Badhana B.O,17660342,Naguran S.O,17640019,Jind East Sub Division,17530006,Karnal Division,17300001,Haryana Circle,BPO,600,
17101631,M0901,HR060111006,Thari B.O,17660369,Salwan S.O,17640022,Karnal West Sub Division,17530006,Karnal Division,17300001,Haryana Circle,BPO,600,
17101557,M0900,HR060111005,Phaphrana B.O,17660369,Salwan S.O,17640022,Karnal West Sub Division,17530006,Karnal Division,17300001,Haryana Circle,BPO,600,
17101291,M0899,HR060111004,A.K.G.V.Mormajra B.O,17660369,Salwan S.O,17640022,Karnal West Sub Division,17530006,Karnal Division,17300001,Haryana Circle,BPO,600,
17101499,M0898,HR060111003,Kurlan B.O,17660369,Salwan S.O,17640022,Karnal West Sub Division,17530006,Karnal Division,17300001,Haryana Circle,BPO,600,
17101419,M0897,HR060111001,Goli B.O,17660369,Salwan S.O,17640022,Karnal West Sub Division,17530006,Karnal Division,17300001,Haryana Circle,BPO,600,
17101541,M0896,HR060308008,Nidana B.O,17660373,Shamlo Kalan S.O,17640020,Jind West Sub Division,17530006,Karnal Division,17300001,Haryana Circle,BPO,600,
17101493,M0895,HR060308007,Kinana B.O,17660373,Shamlo Kalan S.O,17640020,Jind West Sub Division,17530006,Karnal Division,17300001,Haryana Circle,BPO,600,
17101412,M0894,HR060308005,Garhwali B.O,17660373,Shamlo Kalan S.O,17640020,Jind West Sub Division,17530006,Karnal Division,17300001,Haryana Circle,BPO,600,
17101413,M0893,HR060308006,Gatauli B.O,17660373,Shamlo Kalan S.O,17640020,Jind West Sub Division,17530006,Karnal Division,17300001,Haryana Circle,BPO,600,
17101392,M0892,HR060308004,Dhigana B.O,17660373,Shamlo Kalan S.O,17640020,Jind West Sub Division,17530006,Karnal Division,17300001,Haryana Circle,BPO,600,
17101354,M0891,HR060308003,Buana B.O,17660373,Shamlo Kalan S.O,17640020,Jind West Sub Division,17530006,Karnal Division,17300001,Haryana Circle,BPO,600,
17101352,M0890,HR060308002,Bishanpura B.O,17660373,Shamlo Kalan S.O,17640020,Jind West Sub Division,17530006,Karnal Division,17300001,Haryana Circle,BPO,600,
17101328,M0889,HR060308001,Baroli B.O,17660373,Shamlo Kalan S.O,17640020,Jind West Sub Division,17530006,Karnal Division,17300001,Haryana Circle,BPO,600,
17101316,L9304,HR060102002,Bal Rangan B.O,17660307,Ballah S.O,17640022,Karnal West Sub Division,17530006,Karnal Division,17300001,Haryana Circle,BPO,600,
17101488,L8767,HR060201003,Khojkipur B.O,17660306,Atta S.O,17640023,Panipat Sub Division,17530006,Karnal Division,17300001,Haryana Circle,BPO,600,
17101396,L8766,HR060201002,Dikadla B.O,17660306,Atta S.O,17640023,Panipat Sub Division,17530006,Karnal Division,17300001,Haryana Circle,BPO,600,
17101382,L8765,HR060201001,Dehra B.O,17660306,Atta S.O,17640023,Panipat Sub Division,17530006,Karnal Division,17300001,Haryana Circle,BPO,600,
17101371,L8637,HR060124001,Pundrak B.O,17660333,Karnal Ram Nagar S.O,17640022,Karnal West Sub Division,17530006,Karnal Division,17300001,Haryana Circle,BPO,600,
17101533,L8259,HR060106002,Nalipar B.O,17660336,Kunjpura S.O,17640021,Karnal East Sub Division,17530006,Karnal Division,17300001,Haryana Circle,BPO,600,
17101487,L8258,HR060106001,Khirajpur B.O,17660336,Kunjpura S.O,17640021,Karnal East Sub Division,17530006,Karnal Division,17300001,Haryana Circle,BPO,600,
17101623,L8200,HR060103019,Staundi B.O,17660311,Gharunda S.O,17640022,Karnal West Sub Division,17530006,Karnal Division,17300001,Haryana Circle,BPO,600,
17101589,L8199,HR060103018,S.P. Khalsa B.O,17660311,Gharunda S.O,17640022,Karnal West Sub Division,17530006,Karnal Division,17300001,Haryana Circle,BPO,600,
17101571,L8198,HR060103016,Raipur Jattan B.O,17660311,Gharunda S.O,17640022,Karnal West Sub Division,17530006,Karnal Division,17300001,Haryana Circle,BPO,600,
17101561,L8197,HR060103015,Phurlak B.O,17660311,Gharunda S.O,17640022,Karnal West Sub Division,17530006,Karnal Division,17300001,Haryana Circle,BPO,600,
17101503,L8196,HR060103014,Lalupura B.O,17660311,Gharunda S.O,17640022,Karnal West Sub Division,17530006,Karnal Division,17300001,Haryana Circle,BPO,600,
17101495,L8195,HR060103013,Kohand B.O,17660311,Gharunda S.O,17640022,Karnal West Sub Division,17530006,Karnal Division,17300001,Haryana Circle,BPO,600,
17101489,L8194,HR060103022,Khora Kheri B.O,17660311,Gharunda S.O,17640022,Karnal West Sub Division,17530006,Karnal Division,17300001,Haryana Circle,BPO,600,
17101457,L8193,HR060103012,Kalron B.O,17660311,Gharunda S.O,17640022,Karnal West Sub Division,17530006,Karnal Division,17300001,Haryana Circle,BPO,600,
17101453,L8192,HR060103011,Kaimla B.O,17660311,Gharunda S.O,17640022,Karnal West Sub Division,17530006,Karnal Division,17300001,Haryana Circle,BPO,600,
17101437,L8191,HR060103010,Jamalpur B.O,17660311,Gharunda S.O,17640022,Karnal West Sub Division,17530006,Karnal Division,17300001,Haryana Circle,BPO,600,
17101426,L8190,HR060103009,HARI SINGH PUNDRI,17660311,Gharunda S.O,17640022,Karnal West Sub Division,17530006,Karnal Division,17300001,Haryana Circle,BPO,600,
17101421,L8189,HR060103008,Gudha B.O,17660311,Gharunda S.O,17640022,Karnal West Sub Division,17530006,Karnal Division,17300001,Haryana Circle,BPO,600,
17101404,L8188,HR060103007,Gagsina B.O,17660311,Gharunda S.O,17640022,Karnal West Sub Division,17530006,Karnal Division,17300001,Haryana Circle,BPO,600,
17101402,L8187,HR060103020,Faridpur B.O,17660311,Gharunda S.O,17640022,Karnal West Sub Division,17530006,Karnal Division,17300001,Haryana Circle,BPO,600,
17101363,L8186,HR060103004,Chaura B.O,17660311,Gharunda S.O,17640022,Karnal West Sub Division,17530006,Karnal Division,17300001,Haryana Circle,BPO,600,
17101333,L8185,HR060103002,Bastara B.O,17660311,Gharunda S.O,17640022,Karnal West Sub Division,17530006,Karnal Division,17300001,Haryana Circle,BPO,600,
17101329,L8184,HR060103001,Barsat B.O,17660311,Gharunda S.O,17640022,Karnal West Sub Division,17530006,Karnal Division,17300001,Haryana Circle,BPO,600,
17101302,L8183,HR060103017,Arainpura B.O,17660311,Gharunda S.O,17640022,Karnal West Sub Division,17530006,Karnal Division,17300001,Haryana Circle,BPO,600,
17101509,J9600,HR060209003,Mahoti B.O,17660363,Patti Kalyana S.O,17640023,Panipat Sub Division,17530006,Karnal Division,17300001,Haryana Circle,BPO,600,
17101405,J9599,HR060209002,Gandhi Samarak Nidhi B.O,17660363,Patti Kalyana S.O,17640023,Panipat Sub Division,17530006,Karnal Division,17300001,Haryana Circle,BPO,600,
17101342,J9598,HR060209001,Bhodwal Majri B.O,17660363,Patti Kalyana S.O,17640023,Panipat Sub Division,17530006,Karnal Division,17300001,Haryana Circle,BPO,600,
17101607,J7231,HR060105010,Sheikhpura Manchuri B.O,17660323,Jundla S.O,17640022,Karnal West Sub Division,17530006,Karnal Division,17300001,Haryana Circle,BPO,600,
17101562,J7230,HR060105004,Picholia B.O,17660323,Jundla S.O,17640022,Karnal West Sub Division,17530006,Karnal Division,17300001,Haryana Circle,BPO,600,
17101556,J7229,HR060105006,Peont B.O,17660323,Jundla S.O,17640022,Karnal West Sub Division,17530006,Karnal Division,17300001,Haryana Circle,BPO,600,
17101546,J7228,HR060105005,Padha B.O,17660323,Jundla S.O,17640022,Karnal West Sub Division,17530006,Karnal Division,17300001,Haryana Circle,BPO,600,
17101485,J7227,HR060105009,Kheri Naroo B.O,17660323,Jundla S.O,17640022,Karnal West Sub Division,17530006,Karnal Division,17300001,Haryana Circle,BPO,600,
17101472,J7226,HR060105003,Katleri B.O,17660323,Jundla S.O,17640022,Karnal West Sub Division,17530006,Karnal Division,17300001,Haryana Circle,BPO,600,
17101440,J7225,HR060105008,Jani B.O,17660323,Jundla S.O,17640022,Karnal West Sub Division,17530006,Karnal Division,17300001,Haryana Circle,BPO,600,
17101366,J7224,HR060105002,Chirao B.O,17660323,Jundla S.O,17640022,Karnal West Sub Division,17530006,Karnal Division,17300001,Haryana Circle,BPO,600,
17101322,J7223,HR060105001,Bansa B.O,17660323,Jundla S.O,17640022,Karnal West Sub Division,17530006,Karnal Division,17300001,Haryana Circle,BPO,600,
17101618,J6653,HR060110011,Sirsi B.O,17660349,Nissing S.O,17640021,Karnal East Sub Division,17530006,Karnal Division,17300001,Haryana Circle,BPO,600,
17101615,J6652,HR060110009,Singhra B.O,17660349,Nissing S.O,17640021,Karnal East Sub Division,17530006,Karnal Division,17300001,Haryana Circle,BPO,600,
17101522,J6651,HR060110008,Mehmal B.O,17660349,Nissing S.O,17640021,Karnal East Sub Division,17530006,Karnal Division,17300001,Haryana Circle,BPO,600,
17101519,J6650,HR060110012,Manjura B.O,17660349,Nissing S.O,17640021,Karnal East Sub Division,17530006,Karnal Division,17300001,Haryana Circle,BPO,600,
17101420,J6649,HR060110007,Gonder B.O,17660349,Nissing S.O,17640021,Karnal East Sub Division,17530006,Karnal Division,17300001,Haryana Circle,BPO,600,
17101374,J6648,HR060110006,Dachar B.O,17660349,Nissing S.O,17640021,Karnal East Sub Division,17530006,Karnal Division,17300001,Haryana Circle,BPO,600,
17101353,J6647,HR060110005,Brass B.O,17660349,Nissing S.O,17640021,Karnal East Sub Division,17530006,Karnal Division,17300001,Haryana Circle,BPO,600,
17101332,J6646,HR060110004,Bastali B.O,17660349,Nissing S.O,17640021,Karnal East Sub Division,17530006,Karnal Division,17300001,Haryana Circle,BPO,600,
17101317,J6645,HR060110010,Balu B.O,17660349,Nissing S.O,17640021,Karnal East Sub Division,17530006,Karnal Division,17300001,Haryana Circle,BPO,600,
17101300,J6644,HR060110003,Amupur B.O,17660349,Nissing S.O,17640021,Karnal East Sub Division,17530006,Karnal Division,17300001,Haryana Circle,BPO,600,
17101294,J6643,HR060110002,Agongh B.O,17660349,Nissing S.O,17640021,Karnal East Sub Division,17530006,Karnal Division,17300001,Haryana Circle,BPO,600,
17101292,J6642,HR060110001,Achhanpur B.O,17660349,Nissing S.O,17640021,Karnal East Sub Division,17530006,Karnal Division,17300001,Haryana Circle,BPO,600,
17101636,J2771,HR060109016,Udana B.O,17660348,Nilokheri S.O,17640021,Karnal East Sub Division,17530006,Karnal Division,17300001,Haryana Circle,BPO,600,
17101611,J2770,HR060109014,Sikri B.O,17660348,Nilokheri S.O,17640021,Karnal East Sub Division,17530006,Karnal Division,17300001,Haryana Circle,BPO,600,
17101610,J2769,HR060109013,Sidhpur B.O,17660348,Nilokheri S.O,17640021,Karnal East Sub Division,17530006,Karnal Division,17300001,Haryana Circle,BPO,600,
17101598,J2768,HR060109011,Sandhir B.O,17660348,Nilokheri S.O,17640021,Karnal East Sub Division,17530006,Karnal Division,17300001,Haryana Circle,BPO,600,
17101594,J2767,HR060109015,Samana Bahu B.O,17660348,Nilokheri S.O,17640021,Karnal East Sub Division,17530006,Karnal Division,17300001,Haryana Circle,BPO,600,
17101338,J2766,HR060109003,Bhadson B.O,17660348,Nilokheri S.O,17640021,Karnal East Sub Division,17530006,Karnal Division,17300001,Haryana Circle,BPO,600,
17101314,J2765,HR060109004,Bairsal B.O,17660348,Nilokheri S.O,17640021,Karnal East Sub Division,17530006,Karnal Division,17300001,Haryana Circle,BPO,600,
17101304,J2764,HR060109002,Arjheri B.O,17660348,Nilokheri S.O,17640021,Karnal East Sub Division,17530006,Karnal Division,17300001,Haryana Circle,BPO,600,
17101554,J1737,HR060304012,Pauli B.O,17660322,Julana S.O,17640020,Jind West Sub Division,17530006,Karnal Division,17300001,Haryana Circle,BPO,600,
17101535,J1736,HR060304011,Nandgarh B.O,17660322,Julana S.O,17640020,Jind West Sub Division,17530006,Karnal Division,17300001,Haryana Circle,BPO,600,
17101523,J1735,HR060304010,Mehrara B.O,17660322,Julana S.O,17640020,Jind West Sub Division,17530006,Karnal Division,17300001,Haryana Circle,BPO,600,
17101514,J1734,HR060304009,Malwi B.O,17660322,Julana S.O,17640020,Jind West Sub Division,17530006,Karnal Division,17300001,Haryana Circle,BPO,600,
17101502,J1733,HR060304008,Lajwan Kalan B.O,17660322,Julana S.O,17640020,Jind West Sub Division,17530006,Karnal Division,17300001,Haryana Circle,BPO,600,
17101492,J1732,HR060304007,Kila Zaffargarh B.O,17660322,Julana S.O,17640020,Jind West Sub Division,17530006,Karnal Division,17300001,Haryana Circle,BPO,600,
17101474,J1731,HR060304005,Karela B.O,17660322,Julana S.O,17640020,Jind West Sub Division,17530006,Karnal Division,17300001,Haryana Circle,BPO,600,
17101468,J1730,HR060304006,Karsaula B.O,17660322,Julana S.O,17640020,Jind West Sub Division,17530006,Karnal Division,17300001,Haryana Circle,BPO,600,
17101427,J1729,HR060304004,Hathwala B.O,17660322,Julana S.O,17640020,Jind West Sub Division,17530006,Karnal Division,17300001,Haryana Circle,BPO,600,
17101403,J1728,HR060304003,Fateh Garh B.O,17660322,Julana S.O,17640020,Jind West Sub Division,17530006,Karnal Division,17300001,Haryana Circle,BPO,600,
17101383,J1727,HR060304002,Deorer B.O,17660322,Julana S.O,17640020,Jind West Sub Division,17530006,Karnal Division,17300001,Haryana Circle,BPO,600,
17101357,J1726,HR060304001,Budda Khera Lather B.O,17660322,Julana S.O,17640020,Jind West Sub Division,17530006,Karnal Division,17300001,Haryana Circle,BPO,600,
17101600,H9724,HR060104003,Sanghowa B.O,17660313,Indri S.O,17640021,Karnal East Sub Division,17530006,Karnal Division,17300001,Haryana Circle,BPO,600,
17101553,H9723,HR060104017,Pathera B.O,17660313,Indri S.O,17640021,Karnal East Sub Division,17530006,Karnal Division,17300001,Haryana Circle,BPO,600,
17101532,H9722,HR060104015,Nagla Roran B.O,17660313,Indri S.O,17640021,Karnal East Sub Division,17530006,Karnal Division,17300001,Haryana Circle,BPO,600,
17101530,H9721,HR060104018,Muradhgarh B.O,17660313,Indri S.O,17640021,Karnal East Sub Division,17530006,Karnal Division,17300001,Haryana Circle,BPO,600,
17101484,H9720,HR060104014,Kheri Man Singh B.O,17660313,Indri S.O,17640021,Karnal East Sub Division,17530006,Karnal Division,17300001,Haryana Circle,BPO,600,
17101482,H9719,HR060104013,Kheri Bhutan B.O,17660313,Indri S.O,17640021,Karnal East Sub Division,17530006,Karnal Division,17300001,Haryana Circle,BPO,600,
17101481,H9718,HR060104012,Khera B.O,17660313,Indri S.O,17640021,Karnal East Sub Division,17530006,Karnal Division,17300001,Haryana Circle,BPO,600,
17101476,H9717,HR060104011,Khanpur B.O,17660313,Indri S.O,17640021,Karnal East Sub Division,17530006,Karnal Division,17300001,Haryana Circle,BPO,600,
17101445,H9716,HR060104008,Johar Majra B.O,17660313,Indri S.O,17640021,Karnal East Sub Division,17530006,Karnal Division,17300001,Haryana Circle,BPO,600,
17101425,H9715,HR060104007,Hanori B.O,17660313,Indri S.O,17640021,Karnal East Sub Division,17530006,Karnal Division,17300001,Haryana Circle,BPO,600,
17101411,H9714,HR060104006,Garhi Jattan B.O,17660313,Indri S.O,17640021,Karnal East Sub Division,17530006,Karnal Division,17300001,Haryana Circle,BPO,600,
17101379,H9713,HR060104001,Darar B.O,17660313,Indri S.O,17640021,Karnal East Sub Division,17530006,Karnal Division,17300001,Haryana Circle,BPO,600,
17101346,H9712,HR060104002,Bibi Pur Jattan B.O,17660313,Indri S.O,17640021,Karnal East Sub Division,17530006,Karnal Division,17300001,Haryana Circle,BPO,600,
17101641,H2351,HR060101011,Uplana B.O,17660305,Assandh S.O,17640022,Karnal West Sub Division,17530006,Karnal Division,17300001,Haryana Circle,BPO,600,
17101630,H2350,HR060101009,Thal B.O,17660305,Assandh S.O,17640022,Karnal West Sub Division,17530006,Karnal Division,17300001,Haryana Circle,BPO,600,
17101570,H2349,HR060101008,Rahra B.O,17660305,Assandh S.O,17640022,Karnal West Sub Division,17530006,Karnal Division,17300001,Haryana Circle,BPO,600,
17101565,H2348,HR060101012,Popran B.O,17660305,Assandh S.O,17640022,Karnal West Sub Division,17530006,Karnal Division,17300001,Haryana Circle,BPO,600,
17101521,H2347,HR060101014,Mardanheri B.O,17660305,Assandh S.O,17640022,Karnal West Sub Division,17530006,Karnal Division,17300001,Haryana Circle,BPO,600,
17101486,H2346,HR060101006,Kheri Sarf Ali B.O,17660305,Assandh S.O,17640022,Karnal West Sub Division,17530006,Karnal Division,17300001,Haryana Circle,BPO,600,
17101466,H2345,HR060101007,Karsa Chor B.O,17660305,Assandh S.O,17640022,Karnal West Sub Division,17530006,Karnal Division,17300001,Haryana Circle,BPO,600,
17101436,H2344,HR060101010,Jalmana B.O,17660305,Assandh S.O,17640022,Karnal West Sub Division,17530006,Karnal Division,17300001,Haryana Circle,BPO,600,
17101432,H2343,HR060101005,Jai Singh Pura B.O,17660305,Assandh S.O,17640022,Karnal West Sub Division,17530006,Karnal Division,17300001,Haryana Circle,BPO,600,
17101367,H2342,HR060101004,Chochra B.O,17660305,Assandh S.O,17640022,Karnal West Sub Division,17530006,Karnal Division,17300001,Haryana Circle,BPO,600,
17101350,H2341,HR060101003,Bilona B.O,17660305,Assandh S.O,17640022,Karnal West Sub Division,17530006,Karnal Division,17300001,Haryana Circle,BPO,600,
17101319,H2340,HR060101002,Bandarala B.O,17660305,Assandh S.O,17640022,Karnal West Sub Division,17530006,Karnal Division,17300001,Haryana Circle,BPO,600,
17101313,H2339,HR060101013,Bahari B.O,17660305,Assandh S.O,17640022,Karnal West Sub Division,17530006,Karnal Division,17300001,Haryana Circle,BPO,600,
17101303,H2338,HR060101001,Ardhana B.O,17660305,Assandh S.O,17640022,Karnal West Sub Division,17530006,Karnal Division,17300001,Haryana Circle,BPO,600,
17101617,G6878,HR060305029,Sinsar B.O,17660344,Narwana S.O,17640020,Jind West Sub Division,17530006,Karnal Division,17300001,Haryana Circle,BPO,600,
17101506,G6877,HR060305021,Lowan B.O,17660344,Narwana S.O,17640020,Jind West Sub Division,17530006,Karnal Division,17300001,Haryana Circle,BPO,600,
17101462,G6876,HR060305020,Karamgarh B.O,17660344,Narwana S.O,17640020,Jind West Sub Division,17530006,Karnal Division,17300001,Haryana Circle,BPO,600,
17101444,G6875,HR060305014,Jheel B.O,17660344,Narwana S.O,17640020,Jind West Sub Division,17530006,Karnal Division,17300001,Haryana Circle,BPO,600,
17101414,G6874,HR060305011,Ghason Kalan B.O,17660344,Narwana S.O,17640020,Jind West Sub Division,17530006,Karnal Division,17300001,Haryana Circle,BPO,600,
17101373,G6873,HR060305005,Dablain Kalan B.O,17660344,Narwana S.O,17640020,Jind West Sub Division,17530006,Karnal Division,17300001,Haryana Circle,BPO,600,
17101384,G6872,HR060305006,Dhabitek Singh B.O,17660344,Narwana S.O,17640020,Jind West Sub Division,17530006,Karnal Division,17300001,Haryana Circle,BPO,600,
17101299,G6871,HR060305001,Amargarh B.O,17660344,Narwana S.O,17640020,Jind West Sub Division,17530006,Karnal Division,17300001,Haryana Circle,BPO,600,
17101508,G6855,HR060210007,Machhrauli B.O,17660370,Samalkha S.O,17640023,Panipat Sub Division,17530006,Karnal Division,17300001,Haryana Circle,BPO,600,
17101494,G6854,HR060210005,Kiwana B.O,17660370,Samalkha S.O,17640023,Panipat Sub Division,17530006,Karnal Division,17300001,Haryana Circle,BPO,600,
17101364,G4794,HR060207002,Chhajpur Kalan B.O,17660353,Panipat Khadi Ashram S.O,17640023,Panipat Sub Division,17530006,Karnal Division,17300001,Haryana Circle,BPO,600,
17101361,G2019,HR060123001,Canal Colony B.O,17660331,Karnal Partap Pura S.O,17640022,Karnal West Sub Division,17530006,Karnal Division,17300001,Haryana Circle,BPO,600,
17101351,G1981,HR060216001,Binjhol B.O,17660358,Panipat NFL S.O,17640023,Panipat Sub Division,17530006,Karnal Division,17300001,Haryana Circle,BPO,600,
17101441,G1467,HR060208007,Jattal B.O,17660362,Panipat Thermal Project S.O,17640023,Panipat Sub Division,17530006,Karnal Division,17300001,Haryana Circle,BPO,600,
17101569,F9948,HR060300027,Radhana B.O,17360009,Jind H.O,17640019,Jind East Sub Division,17530006,Karnal Division,17300001,Haryana Circle,BPO,600,
17101443,F9947,HR060300014,Jhanjkalan B.O,17360009,Jind H.O,17640019,Jind East Sub Division,17530006,Karnal Division,17300001,Haryana Circle,BPO,600,
17101430,F9946,HR060300011,Ikkas B.O,17360009,Jind H.O,17640019,Jind East Sub Division,17530006,Karnal Division,17300001,Haryana Circle,BPO,600,
17101347,F9945,HR060300003,Bibipur B.O,17360009,Jind H.O,17640019,Jind East Sub Division,17530006,Karnal Division,17300001,Haryana Circle,BPO,600,
17101548,F8542,HR060307014,Paju Kalan B.O,17660368,Safidon S.O,17640019,Jind East Sub Division,17530006,Karnal Division,17300001,Haryana Circle,BPO,600,
17101513,F8541,HR060307011,Malikpur B.O,17660368,Safidon S.O,17640019,Jind East Sub Division,17530006,Karnal Division,17300001,Haryana Circle,BPO,600,
17101626,F8318,HR060305030,Sudkain Khurd B.O,17660344,Narwana S.O,17640020,Jind West Sub Division,17530006,Karnal Division,17300001,Haryana Circle,BPO,600,
17101490,F8317,HR060305019,Khrindwal B.O,17660344,Narwana S.O,17640020,Jind West Sub Division,17530006,Karnal Division,17300001,Haryana Circle,BPO,600,
17101460,F8316,HR060305016,Kalwan B.O,17660344,Narwana S.O,17640020,Jind West Sub Division,17530006,Karnal Division,17300001,Haryana Circle,BPO,600,
17101409,F8315,HR060305012,Garhi B.O,17660344,Narwana S.O,17640020,Jind West Sub Division,17530006,Karnal Division,17300001,Haryana Circle,BPO,600,
17101385,F8314,HR060305004,Dhakal B.O,17660344,Narwana S.O,17640020,Jind West Sub Division,17530006,Karnal Division,17300001,Haryana Circle,BPO,600,
17101340,F8313,HR060305003,Bhana Brahmana B.O,17660344,Narwana S.O,17640020,Jind West Sub Division,17530006,Karnal Division,17300001,Haryana Circle,BPO,600,
17101336,F8312,HR060305002,Belarkhan B.O,17660344,Narwana S.O,17640020,Jind West Sub Division,17530006,Karnal Division,17300001,Haryana Circle,BPO,600,
17101442,F8295,HR060210003,Jaurasi B.O,17660370,Samalkha S.O,17640023,Panipat Sub Division,17530006,Karnal Division,17300001,Haryana Circle,BPO,600,
17101435,F6204,HR060207010,Jalalpur B.O,17660353,Panipat Khadi Ashram S.O,17640023,Panipat Sub Division,17530006,Karnal Division,17300001,Haryana Circle,BPO,600,
17101362,F6203,HR060207008,Chandoli B.O,17660353,Panipat Khadi Ashram S.O,17640023,Panipat Sub Division,17530006,Karnal Division,17300001,Haryana Circle,BPO,600,
17101325,F6202,HR060207018,Barana B.O,17660353,Panipat Khadi Ashram S.O,17640023,Panipat Sub Division,17530006,Karnal Division,17300001,Haryana Circle,BPO,600,
17101609,F3018,HR060208008,Shodapur B.O,17660362,Panipat Thermal Project S.O,17640023,Panipat Sub Division,17530006,Karnal Division,17300001,Haryana Circle,BPO,600,
17101505,F3017,HR060208003,Lohari B.O,17660362,Panipat Thermal Project S.O,17640023,Panipat Sub Division,17530006,Karnal Division,17300001,Haryana Circle,BPO,600,
17101478,F1505,HR060300017,Kharakramji B.O,17360009,Jind H.O,17640019,Jind East Sub Division,17530006,Karnal Division,17300001,Haryana Circle,BPO,600,
17101434,F1504,HR060300013,Jajwan B.O,17360009,Jind H.O,17640019,Jind East Sub Division,17530006,Karnal Division,17300001,Haryana Circle,BPO,600,
17101296,F1503,HR060300001,Ahirka B.O,17360009,Jind H.O,17640019,Jind East Sub Division,17530006,Karnal Division,17300001,Haryana Circle,BPO,600,
17101614,F0124,HR060307019,Singhana B.O,17660368,Safidon S.O,17640019,Jind East Sub Division,17530006,Karnal Division,17300001,Haryana Circle,BPO,600,
17101512,F0123,HR060307010,Malar B.O,17660368,Safidon S.O,17640019,Jind East Sub Division,17530006,Karnal Division,17300001,Haryana Circle,BPO,600,
17101470,F0122,HR060307009,Karsindu B.O,17660368,Safidon S.O,17640019,Jind East Sub Division,17530006,Karnal Division,17300001,Haryana Circle,BPO,600,
17101428,F0121,HR060307007,Hatt B.O,17660368,Safidon S.O,17640019,Jind East Sub Division,17530006,Karnal Division,17300001,Haryana Circle,BPO,600,
17101301,F0120,HR060307001,Anchra Kalan B.O,17660368,Safidon S.O,17640019,Jind East Sub Division,17530006,Karnal Division,17300001,Haryana Circle,BPO,600,
17101534,E9900,HR060210008,Namunda B.O,17660370,Samalkha S.O,17640023,Panipat Sub Division,17530006,Karnal Division,17300001,Haryana Circle,BPO,600,
17101323,E7848,HR060207001,Bapoli B.O,17660353,Panipat Khadi Ashram S.O,17640023,Panipat Sub Division,17530006,Karnal Division,17300001,Haryana Circle,BPO,600,
17101455,E4726,HR060208002,Kalkha B.O,17660362,Panipat Thermal Project S.O,17640023,Panipat Sub Division,17530006,Karnal Division,17300001,Haryana Circle,BPO,600,
17101578,E3164,HR060300028,Ram Rai B.O,17360009,Jind H.O,17640019,Jind East Sub Division,17530006,Karnal Division,17300001,Haryana Circle,BPO,600,
17101544,E3163,HR060300025,Nirjan B.O,17360009,Jind H.O,17640019,Jind East Sub Division,17530006,Karnal Division,17300001,Haryana Circle,BPO,600,
17101520,E3162,HR060300022,Manohar Pur B.O,17360009,Jind H.O,17640019,Jind East Sub Division,17530006,Karnal Division,17300001,Haryana Circle,BPO,600,
17101612,E1734,HR060307018,Silakheri B.O,17660368,Safidon S.O,17640019,Jind East Sub Division,17530006,Karnal Division,17300001,Haryana Circle,BPO,600,
17101577,E1733,HR060307015,Ram Nagar B.O,17660368,Safidon S.O,17640019,Jind East Sub Division,17530006,Karnal Division,17300001,Haryana Circle,BPO,600,
17101638,E1534,HR060305032,Ujhana B.O,17660344,Narwana S.O,17640020,Jind West Sub Division,17530006,Karnal Division,17300001,Haryana Circle,BPO,600,
17101627,E1533,HR060305027,Sulhera B.O,17660344,Narwana S.O,17640020,Jind West Sub Division,17530006,Karnal Division,17300001,Haryana Circle,BPO,600,
17101560,E1532,HR060305023,Phullian Kalan B.O,17660344,Narwana S.O,17640020,Jind West Sub Division,17530006,Karnal Division,17300001,Haryana Circle,BPO,600,
17101399,E1531,HR060305010,Dumarkhan Kalan B.O,17660344,Narwana S.O,17640020,Jind West Sub Division,17530006,Karnal Division,17300001,Haryana Circle,BPO,600,
17101463,E1515,HR060210004,Karhans B.O,17660370,Samalkha S.O,17640023,Panipat Sub Division,17530006,Karnal Division,17300001,Haryana Circle,BPO,600,
17101584,D9419,HR060207004,Risalu B.O,17660353,Panipat Khadi Ashram S.O,17640023,Panipat Sub Division,17530006,Karnal Division,17300001,Haryana Circle,BPO,600,
17101575,D9418,HR060207016,Rajkheri B.O,17660353,Panipat Khadi Ashram S.O,17640023,Panipat Sub Division,17530006,Karnal Division,17300001,Haryana Circle,BPO,600,
17101550,D9417,HR060207015,Panipat Kathery (U) B.O,17660353,Panipat Khadi Ashram S.O,17640023,Panipat Sub Division,17530006,Karnal Division,17300001,Haryana Circle,BPO,600,
17101545,D9416,HR060207012,Noorwala B.O,17660353,Panipat Khadi Ashram S.O,17640023,Panipat Sub Division,17530006,Karnal Division,17300001,Haryana Circle,BPO,600,
17101308,D9415,HR060207007,Babail B.O,17660353,Panipat Khadi Ashram S.O,17640023,Panipat Sub Division,17530006,Karnal Division,17300001,Haryana Circle,BPO,600,
17101359,D6907,HR060216002,Bursham B.O,17660358,Panipat NFL S.O,17640023,Panipat Sub Division,17530006,Karnal Division,17300001,Haryana Circle,BPO,600,
17101542,D4824,HR060300024,Nidani B.O,17360009,Jind H.O,17640019,Jind East Sub Division,17530006,Karnal Division,17300001,Haryana Circle,BPO,600,
17101431,D4823,HR060300012,Intal Kalan B.O,17360009,Jind H.O,17640019,Jind East Sub Division,17530006,Karnal Division,17300001,Haryana Circle,BPO,600,
17101394,D3456,HR060307006,Didwara B.O,17660368,Safidon S.O,17640019,Jind East Sub Division,17530006,Karnal Division,17300001,Haryana Circle,BPO,600,
17101616,D3216,HR060305028,Singhwal B.O,17660344,Narwana S.O,17640020,Jind West Sub Division,17530006,Karnal Division,17300001,Haryana Circle,BPO,600,
17101335,D3199,HR060210001,Beholi B.O,17660370,Samalkha S.O,17640023,Panipat Sub Division,17530006,Karnal Division,17300001,Haryana Circle,BPO,600,
17101640,C7905,HR060208005,Untla B.O,17660362,Panipat Thermal Project S.O,17640023,Panipat Sub Division,17530006,Karnal Division,17300001,Haryana Circle,BPO,600,
17101337,C7904,HR060208006,Bhadar B.O,17660362,Panipat Thermal Project S.O,17640023,Panipat Sub Division,17530006,Karnal Division,17300001,Haryana Circle,BPO,600,
17101306,C7903,HR060208001,Assan Kalan B.O,17660362,Panipat Thermal Project S.O,17640023,Panipat Sub Division,17530006,Karnal Division,17300001,Haryana Circle,BPO,600,
17101622,C5082,HR060307020,Siwan Mal B.O,17660368,Safidon S.O,17640019,Jind East Sub Division,17530006,Karnal Division,17300001,Haryana Circle,BPO,600,
17101586,C5081,HR060307017,Rohar B.O,17660368,Safidon S.O,17640019,Jind East Sub Division,17530006,Karnal Division,17300001,Haryana Circle,BPO,600,
17101543,C5080,HR060307013,Nimnabad B.O,17660368,Safidon S.O,17640019,Jind East Sub Division,17530006,Karnal Division,17300001,Haryana Circle,BPO,600,
17101464,C5079,HR060307021,Karkhana B.O,17660368,Safidon S.O,17640019,Jind East Sub Division,17530006,Karnal Division,17300001,Haryana Circle,BPO,600,
17101389,C5078,HR060307005,Dharamgarh B.O,17660368,Safidon S.O,17640019,Jind East Sub Division,17530006,Karnal Division,17300001,Haryana Circle,BPO,600,
17101344,C5077,HR060307003,Bhuslana Kalan B.O,17660368,Safidon S.O,17640019,Jind East Sub Division,17530006,Karnal Division,17300001,Haryana Circle,BPO,600,
17101574,C4885,HR060305025,Rajgarh Gurthali B.O,17660344,Narwana S.O,17640020,Jind West Sub Division,17530006,Karnal Division,17300001,Haryana Circle,BPO,600,
17101479,C4884,HR060305018,Kharal B.O,17660344,Narwana S.O,17640020,Jind West Sub Division,17530006,Karnal Division,17300001,Haryana Circle,BPO,600,
17101391,C4883,HR060305008,Dharodi B.O,17660344,Narwana S.O,17640020,Jind West Sub Division,17530006,Karnal Division,17300001,Haryana Circle,BPO,600,
17101388,C4882,HR060305009,Dhanori B.O,17660344,Narwana S.O,17640020,Jind West Sub Division,17530006,Karnal Division,17300001,Haryana Circle,BPO,600,
17101515,C4870,HR060210006,Manana B.O,17660370,Samalkha S.O,17640023,Panipat Sub Division,17530006,Karnal Division,17300001,Haryana Circle,BPO,600,
17101370,C4869,HR060210002,Chulkana B.O,17660370,Samalkha S.O,17640023,Panipat Sub Division,17530006,Karnal Division,17300001,Haryana Circle,BPO,600,
17101637,C2825,HR060207005,Ugra Kheri B.O,17660353,Panipat Khadi Ashram S.O,17640023,Panipat Sub Division,17530006,Karnal Division,17300001,Haryana Circle,BPO,600,
17101597,C2824,HR060207017,Sanauli Khurd B.O,17660353,Panipat Khadi Ashram S.O,17640023,Panipat Sub Division,17530006,Karnal Division,17300001,Haryana Circle,BPO,600,
17101566,C2823,HR060207014,PPT Camp No. 2 B.O,17660353,Panipat Khadi Ashram S.O,17640023,Panipat Sub Division,17530006,Karnal Division,17300001,Haryana Circle,BPO,600,
17101410,C2822,HR060207009,Garhi Basic B.O,17660353,Panipat Khadi Ashram S.O,17640023,Panipat Sub Division,17530006,Karnal Division,17300001,Haryana Circle,BPO,600,
17101588,B8056,HR060300029,Roop Garh B.O,17360009,Jind H.O,17640019,Jind East Sub Division,17530006,Karnal Division,17300001,Haryana Circle,BPO,600,
17101563,B8055,HR060300026,Pindara B.O,17360009,Jind H.O,17640019,Jind East Sub Division,17530006,Karnal Division,17300001,Haryana Circle,BPO,600,
17101380,B8054,HR060300007,Dariyawala B.O,17360009,Jind H.O,17640019,Jind East Sub Division,17530006,Karnal Division,17300001,Haryana Circle,BPO,600,
17101312,B6642,HR060307002,Bagru Kalan B.O,17660368,Safidon S.O,17640019,Jind East Sub Division,17530006,Karnal Division,17300001,Haryana Circle,BPO,600,
17101558,B6437,HR060305022,Pharain Kalan B.O,17660344,Narwana S.O,17640020,Jind West Sub Division,17530006,Karnal Division,17300001,Haryana Circle,BPO,600,
17101539,B6409,HR060210009,Naraina B.O,17660370,Samalkha S.O,17640023,Panipat Sub Division,17530006,Karnal Division,17300001,Haryana Circle,BPO,600,
17101449,B1770,HR060123002,Jundla Gate B.O,17660331,Karnal Partap Pura S.O,17640022,Karnal West Sub Division,17530006,Karnal Division,17300001,Haryana Circle,BPO,600,
17101629,B1214,HR060208004,Sutana B.O,17660362,Panipat Thermal Project S.O,17640023,Panipat Sub Division,17530006,Karnal Division,17300001,Haryana Circle,BPO,600,
17101583,AL089,HR060108016,RASULPUR KHURD B.O,17660338,Madhuban S.O (Karnal),17640022,Karnal West Sub Division,17530006,Karnal Division,17300001,Haryana Circle,BPO,600,
17101613,A9642,HR060300032,Sindhwi Kheri B.O,17360009,Jind H.O,17640019,Jind East Sub Division,17530006,Karnal Division,17300001,Haryana Circle,BPO,600,
17101587,A8241,HR060307016,Rojhla B.O,17660368,Safidon S.O,17640019,Jind East Sub Division,17530006,Karnal Division,17300001,Haryana Circle,BPO,600,
17101528,A8240,HR060307012,Mowana B.O,17660368,Safidon S.O,17640019,Jind East Sub Division,17530006,Karnal Division,17300001,Haryana Circle,BPO,600,
17101483,A8239,HR060307008,Kheri Khermawati B.O,17660368,Safidon S.O,17640019,Jind East Sub Division,17530006,Karnal Division,17300001,Haryana Circle,BPO,600,
17101360,A8238,HR060307004,Butani B.O,17660368,Safidon S.O,17640019,Jind East Sub Division,17530006,Karnal Division,17300001,Haryana Circle,BPO,600,
17101582,A7992,HR060305026,Rasidan B.O,17660344,Narwana S.O,17640020,Jind West Sub Division,17530006,Karnal Division,17300001,Haryana Circle,BPO,600,
17101564,A7991,HR060305024,Pipaltha B.O,17660344,Narwana S.O,17640020,Jind West Sub Division,17530006,Karnal Division,17300001,Haryana Circle,BPO,600,
17101424,A7990,HR060305013,Hamir Garh B.O,17660344,Narwana S.O,17640020,Jind West Sub Division,17530006,Karnal Division,17300001,Haryana Circle,BPO,600,
17101387,A7989,HR060305007,Dhamtan Sahib B.O,17660344,Narwana S.O,17640020,Jind West Sub Division,17530006,Karnal Division,17300001,Haryana Circle,BPO,600,
17101537,A5883,HR060207013,Nanhera B.O,17660353,Panipat Khadi Ashram S.O,17640023,Panipat Sub Division,17530006,Karnal Division,17300001,Haryana Circle,BPO,600,
17101498,A5882,HR060207011,Kurar B.O,17660353,Panipat Khadi Ashram S.O,17640023,Panipat Sub Division,17530006,Karnal Division,17300001,Haryana Circle,BPO,600,
17101417,A5881,HR060207003,Goela Kalan B.O,17660353,Panipat Khadi Ashram S.O,17640023,Panipat Sub Division,17530006,Karnal Division,17300001,Haryana Circle,BPO,600,
17101448,A1152,HR060300015,Julani B.O,17360009,Jind H.O,17640019,Jind East Sub Division,17530006,Karnal Division,17300001,Haryana Circle,BPO,600,
17101429,A1151,HR060300010,Igrah B.O,17360009,Jind H.O,17640019,Jind East Sub Division,17530006,Karnal Division,17300001,Haryana Circle,BPO,600,
17101422,A1150,HR060300009,Gulkani B.O,17360009,Jind H.O,17640019,Jind East Sub Division,17530006,Karnal Division,17300001,Haryana Circle,BPO,600,
17660507,13203501,XY123456789,Padha,17360010,Karnal H.O,17640022,Karnal West Sub Division,17530006,Karnal Division,17300001,Haryana Circle,SPO,1200,
17660506,13210311,XY123456789,Mini Sectt Panipat,17360011,Panipat H.O,17640023,Panipat Sub Division,17530006,Karnal Division,17300001,Haryana Circle,SPO,1200,
17660344,12611602,HR060305000,Narwana S.O,17360009,Jind H.O,17640020,Jind West Sub Division,17530006,Karnal Division,17300001,Haryana Circle,SPO,8400,
17660343,12611601,HR060316000,Narwana City S.O,17360009,Jind H.O,17640020,Jind West Sub Division,17530006,Karnal Division,17300001,Haryana Circle,SPO,1200,
17660363,13210201,HR060209000,Patti Kalyana S.O,17360011,Panipat H.O,17640023,Panipat Sub Division,17530006,Karnal Division,17300001,Haryana Circle,SPO,1200,
17660358,13210601,HR060216000,Panipat NFL S.O,17360011,Panipat H.O,17640023,Panipat Sub Division,17530006,Karnal Division,17300001,Haryana Circle,SPO,1800,
17660304,12611101,HR060301000,Alewa S.O,17360009,Jind H.O,17640020,Jind West Sub Division,17530006,Karnal Division,17300001,Haryana Circle,SPO,1200,
17660345,13214501,HR060205000,Neoltha S.O,17360011,Panipat H.O,17640023,Panipat Sub Division,17530006,Karnal Division,17300001,Haryana Circle,SPO,1200,
17660373,12611401,HR060308000,Shamlo Kalan S.O,17360009,Jind H.O,17640020,Jind West Sub Division,17530006,Karnal Division,17300001,Haryana Circle,SPO,1200,
17660372,13200116,HR060122000,Sector 8 Karnal S.O,17360010,Karnal H.O,17640022,Karnal West Sub Division,17530006,Karnal Division,17300001,Haryana Circle,SPO,1200,
17660310,13205401,HR060113000,Garhi Birbal S.O,17360010,Karnal H.O,17640021,Karnal East Sub Division,17530006,Karnal Division,17300001,Haryana Circle,SPO,1800,
17660309,12611001,HR060303000,Dharthrath S.O,17360009,Jind H.O,17640019,Jind East Sub Division,17530006,Karnal Division,17300001,Haryana Circle,SPO,1200,
17660337,13203701,HR060128000,Madhuban PTC S.O,17360010,Karnal H.O,17640022,Karnal West Sub Division,17530006,Karnal Division,17300001,Haryana Circle,SPO,1200,
17660348,13211702,HR060109000,Nilokheri S.O,17360010,Karnal H.O,17640021,Karnal East Sub Division,17530006,Karnal Division,17300001,Haryana Circle,SPO,3600,
17660313,13204101,HR060104000,Indri S.O,17360010,Karnal H.O,17640021,Karnal East Sub Division,17530006,Karnal Division,17300001,Haryana Circle,SPO,3600,
17660356,13210307,HR060214000,Panipat Model Town S.O,17360011,Panipat H.O,17640023,Panipat Sub Division,17530006,Karnal Division,17300001,Haryana Circle,SPO,1800,
17660359,13210309,HR060218000,Panipat Patel Nagar S.O,17360011,Panipat H.O,17640023,Panipat Sub Division,17530006,Karnal Division,17300001,Haryana Circle,SPO,1800,
17660351,13210302,HR060220000,Panipat City S.O,17360011,Panipat H.O,17640023,Panipat Sub Division,17530006,Karnal Division,17300001,Haryana Circle,SPO,1800,
17660357,13210308,HR060217000,Panipat N.S.M. S.O,17360011,Panipat H.O,17640023,Panipat Sub Division,17530006,Karnal Division,17300001,Haryana Circle,SPO,1800,
17660355,13210305,HR060212000,Panipat Kranti Nagar S.O,17360011,Panipat H.O,17640023,Panipat Sub Division,17530006,Karnal Division,17300001,Haryana Circle,SPO,1200,
17660354,13210304,HR060213000,Panipat Kishanpura S.O,17360011,Panipat H.O,17640023,Panipat Sub Division,17530006,Karnal Division,17300001,Haryana Circle,SPO,1200,
17660353,13210401,HR060207000,Panipat Khadi Ashram S.O,17360011,Panipat H.O,17640023,Panipat Sub Division,17530006,Karnal Division,17300001,Haryana Circle,SPO,2640,
17660352,13210303,HR060219000,Panipat GT Road S.O,17360011,Panipat H.O,17640023,Panipat Sub Division,17530006,Karnal Division,17300001,Haryana Circle,SPO,3600,
17660350,13210801,HR060206000,Panipat Beas Project S.O,17360011,Panipat H.O,17640023,Panipat Sub Division,17530006,Karnal Division,17300001,Haryana Circle,SPO,1200,
17660349,13202401,HR060110000,Nissing S.O,17360010,Karnal H.O,17640021,Karnal East Sub Division,17530006,Karnal Division,17300001,Haryana Circle,SPO,2640,
17360011,13210300,HR060200000,Panipat H.O,17360011,Panipat H.O,17640023,Panipat Sub Division,17530006,Karnal Division,17300001,Haryana Circle,HPO,10200,
17660360,13214001,HR060211000,Panipat Refinary S.O,17360011,Panipat H.O,17640023,Panipat Sub Division,17530006,Karnal Division,17300001,Haryana Circle,SPO,1200,
17660368,12611202,HR060307000,Safidon S.O,17360009,Jind H.O,17640019,Jind East Sub Division,17530006,Karnal Division,17300001,Haryana Circle,SPO,3600,
17660308,12615201,HR060302000,Dhanoda Kalan S.O,17360009,Jind H.O,17640020,Jind West Sub Division,17530006,Karnal Division,17300001,Haryana Circle,SPO,1200,
17660367,12611201,HR060317000,Safidon City S.O,17360009,Jind H.O,17640019,Jind East Sub Division,17530006,Karnal Division,17300001,Haryana Circle,SPO,1800,
17660312,13211501,HR060202000,Hathwala S.O,17360011,Panipat H.O,17640023,Panipat Sub Division,17530006,Karnal Division,17300001,Haryana Circle,SPO,1200,
17660311,13211401,HR060103000,Gharunda S.O,17360010,Karnal H.O,17640022,Karnal West Sub Division,17530006,Karnal Division,17300001,Haryana Circle,SPO,3600,
17660339,13211301,HR060204000,Madlauda S.O,17360011,Panipat H.O,17640019,Jind East Sub Division,17530006,Karnal Division,17300001,Haryana Circle,SPO,2640,
17660305,13203901,HR060101000,Assandh S.O,17360010,Karnal H.O,17640022,Karnal West Sub Division,17530006,Karnal Division,17300001,Haryana Circle,SPO,3600,
17660336,13202201,HR060106000,Kunjpura S.O,17360010,Karnal H.O,17640021,Karnal East Sub Division,17530006,Karnal Division,17300001,Haryana Circle,SPO,1200,
17660335,13200113,HR060127000,Karnal Sector 6 S.O,17360010,Karnal H.O,17640022,Karnal West Sub Division,17530006,Karnal Division,17300001,Haryana Circle,SPO,1800,
17660321,12610206,HR060315000,Jind Rohtak Road S.O,17360009,Jind H.O,17640019,Jind East Sub Division,17530006,Karnal Division,17300001,Haryana Circle,SPO,1200,
17660505,0,XY123456789,Mini secretriat Narwana S.O,17360009,Jind H.O,17640020,Jind West Sub Division,17530006,Karnal Division,17300001,Haryana Circle,SPO,1200,
17660346,13215701,HR060133000,Nigdhu S.O,17360010,Karnal H.O,17640021,Karnal East Sub Division,17530006,Karnal Division,17300001,Haryana Circle,SPO,1800,
17660364,12611301,HR060306000,Pillukhera S.O,17360009,Jind H.O,17640019,Jind East Sub Division,17530006,Karnal Division,17300001,Haryana Circle,SPO,1800,
17660334,13200112,HR060126000,Karnal Sadar Bazar S.O,17360010,Karnal H.O,17640022,Karnal West Sub Division,17530006,Karnal Division,17300001,Haryana Circle,SPO,1800,
17660370,13210101,HR060210000,Samalkha S.O,17360011,Panipat H.O,17640023,Panipat Sub Division,17530006,Karnal Division,17300001,Haryana Circle,SPO,3600,
17660369,13204601,HR060111000,Salwan S.O,17360010,Karnal H.O,17640022,Karnal West Sub Division,17530006,Karnal Division,17300001,Haryana Circle,SPO,1200,
17660338,13203702,HR060108000,Madhuban S.O (Karnal),17360010,Karnal H.O,17640022,Karnal West Sub Division,17530006,Karnal Division,17300001,Haryana Circle,SPO,3600,
17660333,13200111,HR060124000,Karnal Ram Nagar S.O,17360010,Karnal H.O,17640022,Karnal West Sub Division,17530006,Karnal Division,17300001,Haryana Circle,SPO,2640,
17660332,13200110,HR060125000,Karnal Railway Road S.O,17360010,Karnal H.O,17640022,Karnal West Sub Division,17530006,Karnal Division,17300001,Haryana Circle,SPO,1200,
17660331,13200109,HR060123000,Karnal Partap Pura S.O,17360010,Karnal H.O,17640022,Karnal West Sub Division,17530006,Karnal Division,17300001,Haryana Circle,SPO,1200,
17660330,13200108,HR060120000,Karnal New Prem Nagar S.O,17360010,Karnal H.O,17640021,Karnal East Sub Division,17530006,Karnal Division,17300001,Haryana Circle,SPO,1200,
17660329,13200107,HR060116000,Karnal NDRI S.O,17360010,Karnal H.O,17640021,Karnal East Sub Division,17530006,Karnal Division,17300001,Haryana Circle,SPO,1200,
17660328,13200106,HR060119000,Karnal Model Town S.O,17360010,Karnal H.O,17640021,Karnal East Sub Division,17530006,Karnal Division,17300001,Haryana Circle,SPO,1200,
17660327,13200105,HR060121000,KARNAL KUTCHERY SO,17360010,Karnal H.O,17640022,Karnal West Sub Division,17530006,Karnal Division,17300001,Haryana Circle,SPO,3600,
17660325,13200103,HR060114000,Karnal GBS S.O,17360010,Karnal H.O,17640021,Karnal East Sub Division,17530006,Karnal Division,17300001,Haryana Circle,SPO,1200,
17660324,13200101,HR060117000,Karnal Industrial Area S.O,17360010,Karnal H.O,17640021,Karnal East Sub Division,17530006,Karnal Division,17300001,Haryana Circle,SPO,1200,
17660323,13203601,HR060105000,Jundla S.O,17360010,Karnal H.O,17640022,Karnal West Sub Division,17530006,Karnal Division,17300001,Haryana Circle,SPO,1800,
17660322,12610101,HR060304000,Julana S.O,17360009,Jind H.O,17640020,Jind West Sub Division,17530006,Karnal Division,17300001,Haryana Circle,SPO,3600,
17360010,13200100,HR060100000,Karnal H.O,17360010,Karnal H.O,17640022,Karnal West Sub Division,17530006,Karnal Division,17300001,Haryana Circle,HPO,10200,
17660306,13212201,HR060201000,Atta S.O,17360011,Panipat H.O,17640023,Panipat Sub Division,17530006,Karnal Division,17300001,Haryana Circle,SPO,1200,
17660340,13200114,HR060118000,Mini sectt sector 12 Kanral S.O,17360010,Karnal H.O,17640022,Karnal West Sub Division,17530006,Karnal Division,17300001,Haryana Circle,SPO,1200,
17660375,13211602,HR060131000,Taroari Mandi S.O,17360010,Karnal H.O,17640021,Karnal East Sub Division,17530006,Karnal Division,17300001,Haryana Circle,SPO,1200,
17660342,12612501,HR060320000,Naguran S.O,17360009,Jind H.O,17640019,Jind East Sub Division,17530006,Karnal Division,17300001,Haryana Circle,SPO,1800,
17660341,13204002,HR060146000,MUNAK,17360010,Karnal H.O,17640022,Karnal West Sub Division,17530006,Karnal Division,17300001,Haryana Circle,SPO,1200,
17660374,13211601,HR060112000,Taraori S.O,17360010,Karnal H.O,17640021,Karnal East Sub Division,17530006,Karnal Division,17300001,Haryana Circle,SPO,2640,
17660371,13200115,HR060130000,Sector 4 Karnal S.O,17360010,Karnal H.O,17640022,Karnal West Sub Division,17530006,Karnal Division,17300001,Haryana Circle,SPO,1200,
17660362,13210501,HR060208000,Panipat Thermal Project S.O,17360011,Panipat H.O,17640023,Panipat Sub Division,17530006,Karnal Division,17300001,Haryana Circle,SPO,2640,
17660366,13202301,HR060107000,S.S. Kunjpura S.O,17360010,Karnal H.O,17640021,Karnal East Sub Division,17530006,Karnal Division,17300001,Haryana Circle,SPO,1200,
17660365,13214002,HR060222000,Refinery Township Panipat SO,17360011,Panipat H.O,17640023,Panipat Sub Division,17530006,Karnal Division,17300001,Haryana Circle,SPO,1200,
17660307,13204001,HR060102000,Ballah S.O,17360010,Karnal H.O,17640022,Karnal West Sub Division,17530006,Karnal Division,17300001,Haryana Circle,SPO,1800,
17660319,12610204,HR060312000,Jind Punjabi Bazar S.O,17360009,Jind H.O,17640019,Jind East Sub Division,17530006,Karnal Division,17300001,Haryana Circle,SPO,1800,
17660318,12610203,HR060318000,Jind Patiala Chowk S.O,17360009,Jind H.O,17640020,Jind West Sub Division,17530006,Karnal Division,17300001,Haryana Circle,SPO,1200,
17660317,12610202,HR060310000,Jind Palika Bazar S.O,17360009,Jind H.O,17640019,Jind East Sub Division,17530006,Karnal Division,17300001,Haryana Circle,SPO,1800,
17660316,12610201,HR060311000,Jind Mini Sectt. S.O,17360009,Jind H.O,17640019,Jind East Sub Division,17530006,Karnal Division,17300001,Haryana Circle,SPO,1200,
17660315,13210701,HR060203000,Israna S.O,17360011,Panipat H.O,17640023,Panipat Sub Division,17530006,Karnal Division,17300001,Haryana Circle,SPO,1800,
17660314,13204102,HR060132000,Indri Town S.O,17360010,Karnal H.O,17640021,Karnal East Sub Division,17530006,Karnal Division,17300001,Haryana Circle,SPO,1200,
17360009,12610200,HR060300000,Jind H.O,17360009,Jind H.O,17640019,Jind East Sub Division,17530006,Karnal Division,17300001,Haryana Circle,HPO,10200,
17660320,12610205,HR060314000,Jind Railway Station S.O,17360009,Jind H.O,17640020,Jind West Sub Division,17530006,Karnal Division,17300001,Haryana Circle,SPO,1200,
17102201,12345678,XY123456789,Khandra B.O,17660339,Madlauda S.O,17640019,Jind East Sub Division,17530006,Karnal Division,17300001,Haryana Circle,BPO,600,
17660376,12611501,HR060309000,Uchana S.O,17360009,Jind H.O,17640020,Jind West Sub Division,17530006,Karnal Division,17300001,Haryana Circle,SPO,2640,
17101821,M6997,HR070105006,Seonmajra B.O,17660383,Guhla S.O,17640024,Kaithal Sub Division,17530007,Kurukshetra Division,17300001,Haryana Circle,BPO,600,
17101777,M6996,HR070105005,Mastgarh B.O,17660383,Guhla S.O,17640024,Kaithal Sub Division,17530007,Kurukshetra Division,17300001,Haryana Circle,BPO,600,
17101749,M6995,HR070105003,Kharkan B.O,17660383,Guhla S.O,17640024,Kaithal Sub Division,17530007,Kurukshetra Division,17300001,Haryana Circle,BPO,600,
17101748,M6994,HR070105004,Kharkada B.O,17660383,Guhla S.O,17640024,Kaithal Sub Division,17530007,Kurukshetra Division,17300001,Haryana Circle,BPO,600,
17101702,M6993,HR070105002,Duserpur B.O,17660383,Guhla S.O,17640024,Kaithal Sub Division,17530007,Kurukshetra Division,17300001,Haryana Circle,BPO,600,
17101644,M6992,HR070105001,Agondh B.O,17660383,Guhla S.O,17640024,Kaithal Sub Division,17530007,Kurukshetra Division,17300001,Haryana Circle,BPO,600,
17101827,L6355,HR070117006,Sirsal B.O,17660403,Pundri S.O,17640026,Kurukshetra South Sub Division,17530007,Kurukshetra Division,17300001,Haryana Circle,BPO,600,
17101712,L6354,HR070117003,Hajwana B.O,17660403,Pundri S.O,17640026,Kurukshetra South Sub Division,17530007,Kurukshetra Division,17300001,Haryana Circle,BPO,600,
17101711,L6353,HR070117004,Habri B.O,17660403,Pundri S.O,17640026,Kurukshetra South Sub Division,17530007,Kurukshetra Division,17300001,Haryana Circle,BPO,600,
17101692,L6352,HR070117002,Deeg B.O,17660403,Pundri S.O,17640026,Kurukshetra South Sub Division,17530007,Kurukshetra Division,17300001,Haryana Circle,BPO,600,
17101663,L6351,HR070117001,Barsana B.O,17660403,Pundri S.O,17640026,Kurukshetra South Sub Division,17530007,Kurukshetra Division,17300001,Haryana Circle,BPO,600,
17101818,L6341,HR070118005,Santokh Majra B.O,17660405,Rajound S.O,17640024,Kaithal Sub Division,17530007,Kurukshetra Division,17300001,Haryana Circle,BPO,600,
17101806,L6340,HR070118004,Rohera B.O,17660405,Rajound S.O,17640024,Kaithal Sub Division,17530007,Kurukshetra Division,17300001,Haryana Circle,BPO,600,
17101776,L6339,HR070118003,Mandwal B.O,17660405,Rajound S.O,17640024,Kaithal Sub Division,17530007,Kurukshetra Division,17300001,Haryana Circle,BPO,600,
17101757,L6338,HR070118002,Kithana B.O,17660405,Rajound S.O,17640024,Kaithal Sub Division,17530007,Kurukshetra Division,17300001,Haryana Circle,BPO,600,
17101677,L6337,HR070118001,Bir Bangran B.O,17660405,Rajound S.O,17640024,Kaithal Sub Division,17530007,Kurukshetra Division,17300001,Haryana Circle,BPO,600,
17101826,L6328,HR070110017,Simla B.O,17660390,Kalayat S.O,17640024,Kaithal Sub Division,17530007,Kurukshetra Division,17300001,Haryana Circle,BPO,600,
17101815,L6327,HR070110016,Sanghan B.O,17660390,Kalayat S.O,17640024,Kaithal Sub Division,17530007,Kurukshetra Division,17300001,Haryana Circle,BPO,600,
17101810,L6326,HR070110015,Sajuma B.O,17660390,Kalayat S.O,17640024,Kaithal Sub Division,17530007,Kurukshetra Division,17300001,Haryana Circle,BPO,600,
17101800,L6325,HR070110014,Ram Garh Pandwa B.O,17660390,Kalayat S.O,17640024,Kaithal Sub Division,17530007,Kurukshetra Division,17300001,Haryana Circle,BPO,600,
17101778,L6324,HR070110013,Mataur B.O,17660390,Kalayat S.O,17640024,Kaithal Sub Division,17530007,Kurukshetra Division,17300001,Haryana Circle,BPO,600,
17101762,L6323,HR070110011,Kurar B.O,17660390,Kalayat S.O,17640024,Kaithal Sub Division,17530007,Kurukshetra Division,17300001,Haryana Circle,BPO,600,
17101759,L6322,HR070110012,Kaulekhan B.O,17660390,Kalayat S.O,17640024,Kaithal Sub Division,17530007,Kurukshetra Division,17300001,Haryana Circle,BPO,600,
17101745,L6321,HR070110008,Kharak Pandwan B.O,17660390,Kalayat S.O,17640024,Kaithal Sub Division,17530007,Kurukshetra Division,17300001,Haryana Circle,BPO,600,
17101733,L6320,HR070110018,Kalayat Mandi B.O,17660390,Kalayat S.O,17640024,Kaithal Sub Division,17530007,Kurukshetra Division,17300001,Haryana Circle,BPO,600,
17101732,L6319,HR070110010,Kalasar B.O,17660390,Kalayat S.O,17640024,Kaithal Sub Division,17530007,Kurukshetra Division,17300001,Haryana Circle,BPO,600,
17101727,L6318,HR070110009,Kailram B.O,17660390,Kalayat S.O,17640024,Kaithal Sub Division,17530007,Kurukshetra Division,17300001,Haryana Circle,BPO,600,
17101715,L6317,HR070110007,Haripura B.O,17660390,Kalayat S.O,17640024,Kaithal Sub Division,17530007,Kurukshetra Division,17300001,Haryana Circle,BPO,600,
17101697,L6316,HR070110006,Dhundwa B.O,17660390,Kalayat S.O,17640024,Kaithal Sub Division,17530007,Kurukshetra Division,17300001,Haryana Circle,BPO,600,
17101700,L6315,HR070110005,Dubbal B.O,17660390,Kalayat S.O,17640024,Kaithal Sub Division,17530007,Kurukshetra Division,17300001,Haryana Circle,BPO,600,
17101688,L6314,HR070110004,Chaushala B.O,17660390,Kalayat S.O,17640024,Kaithal Sub Division,17530007,Kurukshetra Division,17300001,Haryana Circle,BPO,600,
17101667,L6313,HR070110001,Batta B.O,17660390,Kalayat S.O,17640024,Kaithal Sub Division,17530007,Kurukshetra Division,17300001,Haryana Circle,BPO,600,
17101656,L6312,HR070110002,Balu B.O,17660390,Kalayat S.O,17640024,Kaithal Sub Division,17530007,Kurukshetra Division,17300001,Haryana Circle,BPO,600,
17101649,L6311,HR070110003,Badsikri Kalan B.O,17660390,Kalayat S.O,17640024,Kaithal Sub Division,17530007,Kurukshetra Division,17300001,Haryana Circle,BPO,600,
17101836,L6262,HR070106005,Thana B.O,17660384,Gumthala Garhu S.O,17640026,Kurukshetra South Sub Division,17530007,Kurukshetra Division,17300001,Haryana Circle,BPO,600,
17101822,L6261,HR070106004,Seonsar B.O,17660384,Gumthala Garhu S.O,17640026,Kurukshetra South Sub Division,17530007,Kurukshetra Division,17300001,Haryana Circle,BPO,600,
17101802,L6260,HR070106003,Ramgarh Ror B.O,17660384,Gumthala Garhu S.O,17640026,Kurukshetra South Sub Division,17530007,Kurukshetra Division,17300001,Haryana Circle,BPO,600,
17101729,L6259,HR070106002,Kakrala Gujran B.O,17660384,Gumthala Garhu S.O,17640026,Kurukshetra South Sub Division,17530007,Kurukshetra Division,17300001,Haryana Circle,BPO,600,
17101666,L6258,HR070106001,Batheri B.O,17660384,Gumthala Garhu S.O,17640026,Kurukshetra South Sub Division,17530007,Kurukshetra Division,17300001,Haryana Circle,BPO,600,
17101791,L6196,HR070103004,Pabnawa B.O,17660381,Dhand S.O,17640026,Kurukshetra South Sub Division,17530007,Kurukshetra Division,17300001,Haryana Circle,BPO,600,
17101721,L6195,HR070103002,Jajjanpur B.O,17660381,Dhand S.O,17640026,Kurukshetra South Sub Division,17530007,Kurukshetra Division,17300001,Haryana Circle,BPO,600,
17101720,L6194,HR070103003,Jadola B.O,17660381,Dhand S.O,17640026,Kurukshetra South Sub Division,17530007,Kurukshetra Division,17300001,Haryana Circle,BPO,600,
17101687,L6193,HR070103001,Chandlana B.O,17660381,Dhand S.O,17640026,Kurukshetra South Sub Division,17530007,Kurukshetra Division,17300001,Haryana Circle,BPO,600,
17101839,L5426,HR070109029,Titram B.O,17660389,Kaithal S.O,17640024,Kaithal Sub Division,17530007,Kurukshetra Division,17300001,Haryana Circle,BPO,600,
17101834,L5425,HR070103006,Teek B.O,17660381,Dhand S.O,17640026,Kurukshetra South Sub Division,17530007,Kurukshetra Division,17300001,Haryana Circle,BPO,600,
17101831,L5424,HR070114010,Songal B.O,17660400,Pai S.O,17640026,Kurukshetra South Sub Division,17530007,Kurukshetra Division,17300001,Haryana Circle,BPO,600,
17101829,L5423,HR070109027,Sirta B.O,17660389,Kaithal S.O,17640024,Kaithal Sub Division,17530007,Kurukshetra Division,17300001,Haryana Circle,BPO,600,
17101796,L5422,HR070109025,Peoda B.O,17660389,Kaithal S.O,17640024,Kaithal Sub Division,17530007,Kurukshetra Division,17300001,Haryana Circle,BPO,600,
17101794,L5421,HR070109024,Patti Afgan B.O,17660389,Kaithal S.O,17640024,Kaithal Sub Division,17530007,Kurukshetra Division,17300001,Haryana Circle,BPO,600,
17101792,L5420,HR070109023,Padla B.O,17660389,Kaithal S.O,17640024,Kaithal Sub Division,17530007,Kurukshetra Division,17300001,Haryana Circle,BPO,600,
17101789,L5419,HR070109022,Nauch B.O,17660389,Kaithal S.O,17640024,Kaithal Sub Division,17530007,Kurukshetra Division,17300001,Haryana Circle,BPO,600,
17101788,L5418,HR070109021,Narar B.O,17660389,Kaithal S.O,17640024,Kaithal Sub Division,17530007,Kurukshetra Division,17300001,Haryana Circle,BPO,600,
17101773,L5417,HR070109020,Manas B.O,17660389,Kaithal S.O,17640024,Kaithal Sub Division,17530007,Kurukshetra Division,17300001,Haryana Circle,BPO,600,
17101771,L5416,HR070114009,Majra Nand Karan B.O,17660400,Pai S.O,17640026,Kurukshetra South Sub Division,17530007,Kurukshetra Division,17300001,Haryana Circle,BPO,600,
17101766,L5415,HR070109018,Lander Keema B.O,17660389,Kaithal S.O,17640024,Kaithal Sub Division,17530007,Kurukshetra Division,17300001,Haryana Circle,BPO,600,
17101763,L5414,HR070109017,Ladana Baba B.O,17660389,Kaithal S.O,17640024,Kaithal Sub Division,17530007,Kurukshetra Division,17300001,Haryana Circle,BPO,600,
17101761,L5413,HR070109016,Kultaran B.O,17660389,Kaithal S.O,17640024,Kaithal Sub Division,17530007,Kurukshetra Division,17300001,Haryana Circle,BPO,600,
17101755,L5412,HR070118008,Kichhana B.O,17660405,Rajound S.O,17640024,Kaithal Sub Division,17530007,Kurukshetra Division,17300001,Haryana Circle,BPO,600,
17101754,L5411,HR070109014,Khurana B.O,17660389,Kaithal S.O,17640024,Kaithal Sub Division,17530007,Kurukshetra Division,17300001,Haryana Circle,BPO,600,
17101753,L5410,HR070118009,Kheri Simbal Wali B.O,17660405,Rajound S.O,17640024,Kaithal Sub Division,17530007,Kurukshetra Division,17300001,Haryana Circle,BPO,600,
17101743,L5409,HR070109015,Keorak B.O,17660389,Kaithal S.O,17640024,Kaithal Sub Division,17530007,Kurukshetra Division,17300001,Haryana Circle,BPO,600,
17101741,L5408,HR070118007,Kassan B.O,17660405,Rajound S.O,17640024,Kaithal Sub Division,17530007,Kurukshetra Division,17300001,Haryana Circle,BPO,600,
17101722,L5407,HR070118010,Jakholi B.O,17660405,Rajound S.O,17640024,Kaithal Sub Division,17530007,Kurukshetra Division,17300001,Haryana Circle,BPO,600,
17101716,L5406,HR070109009,Harsola B.O,17660389,Kaithal S.O,17640024,Kaithal Sub Division,17530007,Kurukshetra Division,17300001,Haryana Circle,BPO,600,
17101709,L5405,HR070118006,Gulyana Songri B.O,17660405,Rajound S.O,17640024,Kaithal Sub Division,17530007,Kurukshetra Division,17300001,Haryana Circle,BPO,600,
17101708,L5404,HR070109008,Guhna B.O,17660389,Kaithal S.O,17640024,Kaithal Sub Division,17530007,Kurukshetra Division,17300001,Haryana Circle,BPO,600,
17101705,L5403,HR070109007,Geong B.O,17660389,Kaithal S.O,17640024,Kaithal Sub Division,17530007,Kurukshetra Division,17300001,Haryana Circle,BPO,600,
17101696,L5402,HR070109004,Dewal B.O,17660389,Kaithal S.O,17640024,Kaithal Sub Division,17530007,Kurukshetra Division,17300001,Haryana Circle,BPO,600,
17101695,L5401,HR070109032,Deohera B.O,17660389,Kaithal S.O,17640024,Kaithal Sub Division,17530007,Kurukshetra Division,17300001,Haryana Circle,BPO,600,
17101694,L5400,HR070109005,Deoban B.O,17660389,Kaithal S.O,17640024,Kaithal Sub Division,17530007,Kurukshetra Division,17300001,Haryana Circle,BPO,600,
17101686,L5399,HR070109003,Chandana B.O,17660389,Kaithal S.O,17640024,Kaithal Sub Division,17530007,Kurukshetra Division,17300001,Haryana Circle,BPO,600,
17101683,L5398,HR070109002,Budha Khera B.O,17660389,Kaithal S.O,17640024,Kaithal Sub Division,17530007,Kurukshetra Division,17300001,Haryana Circle,BPO,600,
17101659,L5397,HR070103005,Baraut B.O,17660381,Dhand S.O,17640026,Kurukshetra South Sub Division,17530007,Kurukshetra Division,17300001,Haryana Circle,BPO,600,
17101824,L5291,HR070121003,Shanti Nagar B.O,17660412,Thol S.O,17640025,Kurukshetra North Sub Division,17530007,Kurukshetra Division,17300001,Haryana Circle,BPO,600,
17101774,L5290,HR070121002,Mandheri B.O,17660412,Thol S.O,17640025,Kurukshetra North Sub Division,17530007,Kurukshetra Division,17300001,Haryana Circle,BPO,600,
17101647,L5289,HR070121001,Ajrawar B.O,17660412,Thol S.O,17640025,Kurukshetra North Sub Division,17530007,Kurukshetra Division,17300001,Haryana Circle,BPO,600,
17101842,L4457,HR070119019,Yara B.O,17660408,Shahabad(M) S.O,17640025,Kurukshetra North Sub Division,17530007,Kurukshetra Division,17300001,Haryana Circle,BPO,600,
17101838,L4456,HR070119018,Tigri B.O,17660408,Shahabad(M) S.O,17640025,Kurukshetra North Sub Division,17530007,Kurukshetra Division,17300001,Haryana Circle,BPO,600,
17101832,L4455,HR070119017,Sudpur B.O,17660408,Shahabad(M) S.O,17640025,Kurukshetra North Sub Division,17530007,Kurukshetra Division,17300001,Haryana Circle,BPO,600,
17101825,L4454,HR070119016,Sharif Garh B.O,17660408,Shahabad(M) S.O,17640025,Kurukshetra North Sub Division,17530007,Kurukshetra Division,17300001,Haryana Circle,BPO,600,
17101813,L4453,HR070119015,Samalkhi B.O,17660408,Shahabad(M) S.O,17640025,Kurukshetra North Sub Division,17530007,Kurukshetra Division,17300001,Haryana Circle,BPO,600,
17101805,L4452,HR070119014,Rawa B.O,17660408,Shahabad(M) S.O,17640025,Kurukshetra North Sub Division,17530007,Kurukshetra Division,17300001,Haryana Circle,BPO,600,
17101804,L4451,HR070119013,Rattangarh B.O,17660408,Shahabad(M) S.O,17640025,Kurukshetra North Sub Division,17530007,Kurukshetra Division,17300001,Haryana Circle,BPO,600,
17101787,L4450,HR070119012,Nalvi B.O,17660408,Shahabad(M) S.O,17640025,Kurukshetra North Sub Division,17530007,Kurukshetra Division,17300001,Haryana Circle,BPO,600,
17101784,L4449,HR070119011,Nagla B.O,17660408,Shahabad(M) S.O,17640025,Kurukshetra North Sub Division,17530007,Kurukshetra Division,17300001,Haryana Circle,BPO,600,
17101770,L4448,HR070119010,Madanpur B.O,17660408,Shahabad(M) S.O,17640025,Kurukshetra North Sub Division,17530007,Kurukshetra Division,17300001,Haryana Circle,BPO,600,
17101767,L4447,HR070119008,Landi B.O,17660408,Shahabad(M) S.O,17640025,Kurukshetra North Sub Division,17530007,Kurukshetra Division,17300001,Haryana Circle,BPO,600,
17101747,L4446,HR070119007,Kharindwa B.O,17660408,Shahabad(M) S.O,17640025,Kurukshetra North Sub Division,17530007,Kurukshetra Division,17300001,Haryana Circle,BPO,600,
17101736,L4445,HR070119005,Kalyana B.O,17660408,Shahabad(M) S.O,17640025,Kurukshetra North Sub Division,17530007,Kurukshetra Division,17300001,Haryana Circle,BPO,600,
17101735,L4444,HR070119006,Kalsana B.O,17660408,Shahabad(M) S.O,17640025,Kurukshetra North Sub Division,17530007,Kurukshetra Division,17300001,Haryana Circle,BPO,600,
17101724,L4443,HR070119004,Jandheri B.O,17660408,Shahabad(M) S.O,17640025,Kurukshetra North Sub Division,17530007,Kurukshetra Division,17300001,Haryana Circle,BPO,600,
17101714,L4442,HR070119003,Haripur B.O,17660408,Shahabad(M) S.O,17640025,Kurukshetra North Sub Division,17530007,Kurukshetra Division,17300001,Haryana Circle,BPO,600,
17101706,L4441,HR070119020,Golpura B.O,17660408,Shahabad(M) S.O,17640025,Kurukshetra North Sub Division,17530007,Kurukshetra Division,17300001,Haryana Circle,BPO,600,
17101693,L4440,HR070119002,Deeg B.O,17660408,Shahabad(M) S.O,17640025,Kurukshetra North Sub Division,17530007,Kurukshetra Division,17300001,Haryana Circle,BPO,600,
17101684,L4439,HR070119001,Charooni Jattan B.O,17660408,Shahabad(M) S.O,17640025,Kurukshetra North Sub Division,17530007,Kurukshetra Division,17300001,Haryana Circle,BPO,600,
17101795,J3518,HR070102014,Peedal B.O,17660380,Chika S.O,17640024,Kaithal Sub Division,17530007,Kurukshetra Division,17300001,Haryana Circle,BPO,600,
17101781,J3517,HR070102012,Mengran B.O,17660380,Chika S.O,17640024,Kaithal Sub Division,17530007,Kurukshetra Division,17300001,Haryana Circle,BPO,600,
17101780,J3516,HR070102013,Mehmoodpur B.O,17660380,Chika S.O,17640024,Kaithal Sub Division,17530007,Kurukshetra Division,17300001,Haryana Circle,BPO,600,
17101746,J3515,HR070102011,Kharaudi B.O,17660380,Chika S.O,17640024,Kaithal Sub Division,17530007,Kurukshetra Division,17300001,Haryana Circle,BPO,600,
17101713,J3514,HR070102010,Harigarh Kingan B.O,17660380,Chika S.O,17640024,Kaithal Sub Division,17530007,Kurukshetra Division,17300001,Haryana Circle,BPO,600,
17101703,J3513,HR070102009,Gaggarpur B.O,17660380,Chika S.O,17640024,Kaithal Sub Division,17530007,Kurukshetra Division,17300001,Haryana Circle,BPO,600,
17101690,J3512,HR070102008,Daba B.O,17660380,Chika S.O,17640024,Kaithal Sub Division,17530007,Kurukshetra Division,17300001,Haryana Circle,BPO,600,
17101675,J3511,HR070102007,Bhuslan B.O,17660380,Chika S.O,17640024,Kaithal Sub Division,17530007,Kurukshetra Division,17300001,Haryana Circle,BPO,600,
17101674,J3510,HR070102006,Bhuna B.O,17660380,Chika S.O,17640024,Kaithal Sub Division,17530007,Kurukshetra Division,17300001,Haryana Circle,BPO,600,
17101669,J3509,HR070102005,Bhagal B.O,17660380,Chika S.O,17640024,Kaithal Sub Division,17530007,Kurukshetra Division,17300001,Haryana Circle,BPO,600,
17101668,J3508,HR070102003,Baupur B.O,17660380,Chika S.O,17640024,Kaithal Sub Division,17530007,Kurukshetra Division,17300001,Haryana Circle,BPO,600,
17101655,J3507,HR070102002,Balbera B.O,17660380,Chika S.O,17640024,Kaithal Sub Division,17530007,Kurukshetra Division,17300001,Haryana Circle,BPO,600,
17101650,J3506,HR070102004,Badsui B.O,17660380,Chika S.O,17640024,Kaithal Sub Division,17530007,Kurukshetra Division,17300001,Haryana Circle,BPO,600,
17101648,J3505,HR070102001,Arnauli B.O,17660380,Chika S.O,17640024,Kaithal Sub Division,17530007,Kurukshetra Division,17300001,Haryana Circle,BPO,600,
17101809,I5453,HR070120005,Sair B.O,17660410,Siwan S.O,17640024,Kaithal Sub Division,17530007,Kurukshetra Division,17300001,Haryana Circle,BPO,600,
17101775,I5452,HR070120007,Mandi Sadran B.O,17660410,Siwan S.O,17640024,Kaithal Sub Division,17530007,Kurukshetra Division,17300001,Haryana Circle,BPO,600,
17101764,I5451,HR070120004,Ladana Chaku B.O,17660410,Siwan S.O,17640024,Kaithal Sub Division,17530007,Kurukshetra Division,17300001,Haryana Circle,BPO,600,
17101751,I5450,HR070120003,Kheri Gulam Ali B.O,17660410,Siwan S.O,17640024,Kaithal Sub Division,17530007,Kurukshetra Division,17300001,Haryana Circle,BPO,600,
17101742,I5449,HR070120006,Kawartan B.O,17660410,Siwan S.O,17640024,Kaithal Sub Division,17530007,Kurukshetra Division,17300001,Haryana Circle,BPO,600,
17101738,I5448,HR070120001,Kangthali B.O,17660410,Siwan S.O,17640024,Kaithal Sub Division,17530007,Kurukshetra Division,17300001,Haryana Circle,BPO,600,
17101730,I5447,HR070120002,Kakrala Inayat B.O,17660410,Siwan S.O,17640024,Kaithal Sub Division,17530007,Kurukshetra Division,17300001,Haryana Circle,BPO,600,
17101812,I5239,HR070112012,Salarpur B.O,17660393,Kurukshetra University S.O,17640026,Kurukshetra South Sub Division,17530007,Kurukshetra Division,17300001,Haryana Circle,BPO,600,
17101769,I5238,HR070112011,Lukhi B.O,17660393,Kurukshetra University S.O,17640026,Kurukshetra South Sub Division,17530007,Kurukshetra Division,17300001,Haryana Circle,BPO,600,
17101756,I5237,HR070112009,Kirmuch B.O,17660393,Kurukshetra University S.O,17640026,Kurukshetra South Sub Division,17530007,Kurukshetra Division,17300001,Haryana Circle,BPO,600,
17101752,I5236,HR070112015,Kheri Ram Nagar B.O,17660393,Kurukshetra University S.O,17640026,Kurukshetra South Sub Division,17530007,Kurukshetra Division,17300001,Haryana Circle,BPO,600,
17101737,I5235,HR070112010,Kamoda B.O,17660393,Kurukshetra University S.O,17640026,Kurukshetra South Sub Division,17530007,Kurukshetra Division,17300001,Haryana Circle,BPO,600,
17101726,I5234,HR070112008,Jyotisar B.O,17660393,Kurukshetra University S.O,17640026,Kurukshetra South Sub Division,17530007,Kurukshetra Division,17300001,Haryana Circle,BPO,600,
17101718,I5233,HR070112007,Hathira B.O,17660393,Kurukshetra University S.O,17640026,Kurukshetra South Sub Division,17530007,Kurukshetra Division,17300001,Haryana Circle,BPO,600,
17101717,I5232,HR070112006,Hassanpur B.O,17660393,Kurukshetra University S.O,17640026,Kurukshetra South Sub Division,17530007,Kurukshetra Division,17300001,Haryana Circle,BPO,600,
17101710,I5231,HR070112013,Gurukul B.O,17660393,Kurukshetra University S.O,17640026,Kurukshetra South Sub Division,17530007,Kurukshetra Division,17300001,Haryana Circle,BPO,600,
17101698,I5230,HR070112005,Dhurala B.O,17660393,Kurukshetra University S.O,17640026,Kurukshetra South Sub Division,17530007,Kurukshetra Division,17300001,Haryana Circle,BPO,600,
17101691,I5229,HR070112004,Dabkheri B.O,17660393,Kurukshetra University S.O,17640026,Kurukshetra South Sub Division,17530007,Kurukshetra Division,17300001,Haryana Circle,BPO,600,
17101672,I5228,HR070112002,Bhore Saidan B.O,17660393,Kurukshetra University S.O,17640026,Kurukshetra South Sub Division,17530007,Kurukshetra Division,17300001,Haryana Circle,BPO,600,
17101665,I5227,HR070112014,Barwa B.O,17660393,Kurukshetra University S.O,17640026,Kurukshetra South Sub Division,17530007,Kurukshetra Division,17300001,Haryana Circle,BPO,600,
17101661,I5226,HR070112003,Barna B.O,17660393,Kurukshetra University S.O,17640026,Kurukshetra South Sub Division,17530007,Kurukshetra Division,17300001,Haryana Circle,BPO,600,
17101651,I5225,HR070112001,Bagthala B.O,17660393,Kurukshetra University S.O,17640026,Kurukshetra South Sub Division,17530007,Kurukshetra Division,17300001,Haryana Circle,BPO,600,
17101817,I3625,HR070111005,Sangrauli B.O,17660392,Kaul S.O,17640026,Kurukshetra South Sub Division,17530007,Kurukshetra Division,17300001,Haryana Circle,BPO,600,
17101811,I3624,HR070111004,Sakra B.O,17660392,Kaul S.O,17640026,Kurukshetra South Sub Division,17530007,Kurukshetra Division,17300001,Haryana Circle,BPO,600,
17101797,I3623,HR070111003,Pharal B.O,17660392,Kaul S.O,17640026,Kurukshetra South Sub Division,17530007,Kurukshetra Division,17300001,Haryana Circle,BPO,600,
17101689,I3622,HR070111002,Chuhar Majra B.O,17660392,Kaul S.O,17640026,Kurukshetra South Sub Division,17530007,Kurukshetra Division,17300001,Haryana Circle,BPO,600,
17101645,I3621,HR070111001,Ahun B.O,17660392,Kaul S.O,17640026,Kurukshetra South Sub Division,17530007,Kurukshetra Division,17300001,Haryana Circle,BPO,600,
17101835,H9321,HR070104005,Teontha B.O,17660382,Fatehpur S.O (Kaithal),17640026,Kurukshetra South Sub Division,17530007,Kurukshetra Division,17300001,Haryana Circle,BPO,600,
17101820,H9320,HR070104007,Saunch B.O,17660382,Fatehpur S.O (Kaithal),17640026,Kurukshetra South Sub Division,17530007,Kurukshetra Division,17300001,Haryana Circle,BPO,600,
17101803,H9319,HR070104003,Rasina B.O,17660382,Fatehpur S.O (Kaithal),17640026,Kurukshetra South Sub Division,17530007,Kurukshetra Division,17300001,Haryana Circle,BPO,600,
17101785,H9318,HR070104002,Naina Dhos B.O,17660382,Fatehpur S.O (Kaithal),17640026,Kurukshetra South Sub Division,17530007,Kurukshetra Division,17300001,Haryana Circle,BPO,600,
17101782,H9317,HR070104001,Mundri B.O,17660382,Fatehpur S.O (Kaithal),17640026,Kurukshetra South Sub Division,17530007,Kurukshetra Division,17300001,Haryana Circle,BPO,600,
17101830,H9077,HR070114007,Sisla Sismore B.O,17660400,Pai S.O,17640026,Kurukshetra South Sub Division,17530007,Kurukshetra Division,17300001,Haryana Circle,BPO,600,
17101823,H9076,HR070114006,Serhda B.O,17660400,Pai S.O,17640026,Kurukshetra South Sub Division,17530007,Kurukshetra Division,17300001,Haryana Circle,BPO,600,
17101798,H9075,HR070114005,Pilni B.O,17660400,Pai S.O,17640026,Kurukshetra South Sub Division,17530007,Kurukshetra Division,17300001,Haryana Circle,BPO,600,
17101760,H9074,HR070114004,Kotra B.O,17660400,Pai S.O,17640026,Kurukshetra South Sub Division,17530007,Kurukshetra Division,17300001,Haryana Circle,BPO,600,
17101740,H9073,HR070114003,Karora B.O,17660400,Pai S.O,17640026,Kurukshetra South Sub Division,17530007,Kurukshetra Division,17300001,Haryana Circle,BPO,600,
17101728,H9072,HR070114008,Kakot B.O,17660400,Pai S.O,17640026,Kurukshetra South Sub Division,17530007,Kurukshetra Division,17300001,Haryana Circle,BPO,600,
17101671,H9071,HR070114002,Bhana B.O,17660400,Pai S.O,17640026,Kurukshetra South Sub Division,17530007,Kurukshetra Division,17300001,Haryana Circle,BPO,600,
17101652,H9070,HR070114001,Bakal B.O,17660400,Pai S.O,17640026,Kurukshetra South Sub Division,17530007,Kurukshetra Division,17300001,Haryana Circle,BPO,600,
17101816,H3323,HR070101004,Sanghor B.O,17660378,Babain S.O,17640025,Kurukshetra North Sub Division,17530007,Kurukshetra Division,17300001,Haryana Circle,BPO,600,
17101801,H3322,HR070101003,Ram Saran Majra B.O,17660378,Babain S.O,17640025,Kurukshetra North Sub Division,17530007,Kurukshetra Division,17300001,Haryana Circle,BPO,600,
17101765,H3321,HR070101009,Lakhmari B.O,17660378,Babain S.O,17640025,Kurukshetra North Sub Division,17530007,Kurukshetra Division,17300001,Haryana Circle,BPO,600,
17101731,H3320,HR070101008,Kalal Majra B.O,17660378,Babain S.O,17640025,Kurukshetra North Sub Division,17530007,Kurukshetra Division,17300001,Haryana Circle,BPO,600,
17101725,H3319,HR070101002,Jandola B.O,17660378,Babain S.O,17640025,Kurukshetra North Sub Division,17530007,Kurukshetra Division,17300001,Haryana Circle,BPO,600,
17101701,H3318,HR070101006,Dudhla B.O,17660378,Babain S.O,17640025,Kurukshetra North Sub Division,17530007,Kurukshetra Division,17300001,Haryana Circle,BPO,600,
17101678,H3317,HR070101007,Bir Kalwa B.O,17660378,Babain S.O,17640025,Kurukshetra North Sub Division,17530007,Kurukshetra Division,17300001,Haryana Circle,BPO,600,
17101670,H3316,HR070101001,Bhagwanpur B.O,17660378,Babain S.O,17640025,Kurukshetra North Sub Division,17530007,Kurukshetra Division,17300001,Haryana Circle,BPO,600,
17101660,H3315,HR070101010,Bargat B.O,17660378,Babain S.O,17640025,Kurukshetra North Sub Division,17530007,Kurukshetra Division,17300001,Haryana Circle,BPO,600,
17101837,H2812,HR070107005,Thaska Miranji B.O,17660385,Ismailabad S.O,17640025,Kurukshetra North Sub Division,17530007,Kurukshetra Division,17300001,Haryana Circle,BPO,600,
17101807,H2811,HR070107004,Rohti B.O,17660385,Ismailabad S.O,17640025,Kurukshetra North Sub Division,17530007,Kurukshetra Division,17300001,Haryana Circle,BPO,600,
17101786,H2810,HR070107003,Naisi B.O,17660385,Ismailabad S.O,17640025,Kurukshetra North Sub Division,17530007,Kurukshetra Division,17300001,Haryana Circle,BPO,600,
17101723,H2809,HR070107002,Jalbehra B.O,17660385,Ismailabad S.O,17640025,Kurukshetra North Sub Division,17530007,Kurukshetra Division,17300001,Haryana Circle,BPO,600,
17101685,H2808,HR070107001,Chammu Kalan B.O,17660385,Ismailabad S.O,17640025,Kurukshetra North Sub Division,17530007,Kurukshetra Division,17300001,Haryana Circle,BPO,600,
17101799,H1145,HR070113010,Prahladpur B.O,17660394,Ladwa S.O,17640025,Kurukshetra North Sub Division,17530007,Kurukshetra Division,17300001,Haryana Circle,BPO,600,
17101790,H1144,HR070113009,Niwarsi B.O,17660394,Ladwa S.O,17640025,Kurukshetra North Sub Division,17530007,Kurukshetra Division,17300001,Haryana Circle,BPO,600,
17101768,H1143,HR070113011,Lohara B.O,17660394,Ladwa S.O,17640025,Kurukshetra North Sub Division,17530007,Kurukshetra Division,17300001,Haryana Circle,BPO,600,
17101750,H1142,HR070113007,Kheri Dabdallan B.O,17660394,Ladwa S.O,17640025,Kurukshetra North Sub Division,17530007,Kurukshetra Division,17300001,Haryana Circle,BPO,600,
17101734,H1141,HR070113008,Kalirano B.O,17660394,Ladwa S.O,17640025,Kurukshetra North Sub Division,17530007,Kurukshetra Division,17300001,Haryana Circle,BPO,600,
17101707,H1140,HR070113006,Gudha B.O,17660394,Ladwa S.O,17640025,Kurukshetra North Sub Division,17530007,Kurukshetra Division,17300001,Haryana Circle,BPO,600,
17101704,H1139,HR070113005,Gajlana B.O,17660394,Ladwa S.O,17640025,Kurukshetra North Sub Division,17530007,Kurukshetra Division,17300001,Haryana Circle,BPO,600,
17101682,H1138,HR070113012,Brahan BO,17660394,Ladwa S.O,17640025,Kurukshetra North Sub Division,17530007,Kurukshetra Division,17300001,Haryana Circle,BPO,600,
17101662,H1137,HR070113003,Barout B.O,17660394,Ladwa S.O,17640025,Kurukshetra North Sub Division,17530007,Kurukshetra Division,17300001,Haryana Circle,BPO,600,
17101658,H1136,HR070113004,Bapdi B.O,17660394,Ladwa S.O,17640025,Kurukshetra North Sub Division,17530007,Kurukshetra Division,17300001,Haryana Circle,BPO,600,
17101657,H1135,HR070113001,Ban B.O,17660394,Ladwa S.O,17640025,Kurukshetra North Sub Division,17530007,Kurukshetra Division,17300001,Haryana Circle,BPO,600,
17101653,H1134,HR070113002,Bakali B.O,17660394,Ladwa S.O,17640025,Kurukshetra North Sub Division,17530007,Kurukshetra Division,17300001,Haryana Circle,BPO,600,
17101833,G6385,HR070108003,Tangore B.O,17660386,Jhansa S.O,17640025,Kurukshetra North Sub Division,17530007,Kurukshetra Division,17300001,Haryana Circle,BPO,600,
17101828,G2048,HR070122008,Sirsala B.O,17660402,Pipli S.O,17640025,Kurukshetra North Sub Division,17530007,Kurukshetra Division,17300001,Haryana Circle,BPO,600,
17101793,G2047,HR070122007,Palwal B.O,17660402,Pipli S.O,17640025,Kurukshetra North Sub Division,17530007,Kurukshetra Division,17300001,Haryana Circle,BPO,600,
17101676,F7829,HR070108002,Bhusthala B.O,17660386,Jhansa S.O,17640025,Kurukshetra North Sub Division,17530007,Kurukshetra Division,17300001,Haryana Circle,BPO,600,
17101779,F3608,HR070122006,Mathana B.O,17660402,Pipli S.O,17640025,Kurukshetra North Sub Division,17530007,Kurukshetra Division,17300001,Haryana Circle,BPO,600,
17101758,F3607,HR070122004,Kaulapur B.O,17660402,Pipli S.O,17640025,Kurukshetra North Sub Division,17530007,Kurukshetra Division,17300001,Haryana Circle,BPO,600,
17101719,F2974,HR070115005,Ishaq B.O,17660401,Pehowa S.O,17640026,Kurukshetra South Sub Division,17530007,Kurukshetra Division,17300001,Haryana Circle,BPO,600,
17101699,F2973,HR070115004,Diwana B.O,17660401,Pehowa S.O,17640026,Kurukshetra South Sub Division,17530007,Kurukshetra Division,17300001,Haryana Circle,BPO,600,
17101681,E5321,HR070122002,Bodla B.O,17660402,Pipli S.O,17640025,Kurukshetra North Sub Division,17530007,Kurukshetra Division,17300001,Haryana Circle,BPO,600,
17101841,E4673,HR070115012,Urnai B.O,17660401,Pehowa S.O,17640026,Kurukshetra South Sub Division,17530007,Kurukshetra Division,17300001,Haryana Circle,BPO,600,
17101739,E4672,HR070115006,Karah B.O,17660401,Pehowa S.O,17640026,Kurukshetra South Sub Division,17530007,Kurukshetra Division,17300001,Haryana Circle,BPO,600,
17101808,D6358,HR070115010,Saina Saidan B.O,17660401,Pehowa S.O,17640026,Kurukshetra South Sub Division,17530007,Kurukshetra Division,17300001,Haryana Circle,BPO,600,
17101680,D6357,HR070115003,Bodhni B.O,17660401,Pehowa S.O,17640026,Kurukshetra South Sub Division,17530007,Kurukshetra Division,17300001,Haryana Circle,BPO,600,
17101646,D2685,HR070108001,Ajrana Kalan B.O,17660386,Jhansa S.O,17640025,Kurukshetra North Sub Division,17530007,Kurukshetra Division,17300001,Haryana Circle,BPO,600,
17101840,C8496,HR070122009,Umri B.O,17660402,Pipli S.O,17640025,Kurukshetra North Sub Division,17530007,Kurukshetra Division,17300001,Haryana Circle,BPO,600,
17101679,B1795,HR070122001,Bir Mathana B.O,17660402,Pipli S.O,17640025,Kurukshetra North Sub Division,17530007,Kurukshetra Division,17300001,Haryana Circle,BPO,600,
17101814,B1174,HR070115011,Sandholi B.O,17660401,Pehowa S.O,17640026,Kurukshetra South Sub Division,17530007,Kurukshetra Division,17300001,Haryana Circle,BPO,600,
17101772,B1173,HR070115007,Malikpur B.O,17660401,Pehowa S.O,17640026,Kurukshetra South Sub Division,17530007,Kurukshetra Division,17300001,Haryana Circle,BPO,600,
17101654,B1172,HR070115001,Bakhli B.O,17660401,Pehowa S.O,17640026,Kurukshetra South Sub Division,17530007,Kurukshetra Division,17300001,Haryana Circle,BPO,600,
17101664,AM119,HR070109679,Barta BO,17660389,Kaithal S.O,17640024,Kaithal Sub Division,17530007,Kurukshetra Division,17300001,Haryana Circle,BPO,600,
17101744,A3299,HR070122005,Khanpur Kolian B.O,17660402,Pipli S.O,17640025,Kurukshetra North Sub Division,17530007,Kurukshetra Division,17300001,Haryana Circle,BPO,600,
17101819,A2670,HR070115009,Sarsa B.O,17660401,Pehowa S.O,17640026,Kurukshetra South Sub Division,17530007,Kurukshetra Division,17300001,Haryana Circle,BPO,600,
17101783,A2669,HR070115008,Murtzapur B.O,17660401,Pehowa S.O,17640026,Kurukshetra South Sub Division,17530007,Kurukshetra Division,17300001,Haryana Circle,BPO,600,
17101673,A2668,HR070115002,Bhorakh B.O,17660401,Pehowa S.O,17640026,Kurukshetra South Sub Division,17530007,Kurukshetra Division,17300001,Haryana Circle,BPO,600,
17660410,13603301,HR070120000,Siwan S.O,17360012,Kurukshetra H.O,17640024,Kaithal Sub Division,17530007,Kurukshetra Division,17300001,Haryana Circle,SPO,2640,
17660407,13611804,HR070131000,Sector 3 U E KKR S.O,17360012,Kurukshetra H.O,17640025,Kurukshetra North Sub Division,17530007,Kurukshetra Division,17300001,Haryana Circle,SPO,1200,
17660402,13613101,HR070122000,Pipli S.O,17360012,Kurukshetra H.O,17640025,Kurukshetra North Sub Division,17530007,Kurukshetra Division,17300001,Haryana Circle,SPO,2640,
17660387,13611802,HR070127000,Judicial Complex Kurukshetra S.O,17360012,Kurukshetra H.O,17640025,Kurukshetra North Sub Division,17530007,Kurukshetra Division,17300001,Haryana Circle,SPO,1800,
17660395,13613501,HR070132000,Majri Mohalla Shahabad S.O,17360012,Kurukshetra H.O,17640025,Kurukshetra North Sub Division,17530007,Kurukshetra Division,17300001,Haryana Circle,SPO,1200,
17660397,13611803,HR070128000,Mohan Nagar S.O (Kurukshetra),17360012,Kurukshetra H.O,17640025,Kurukshetra North Sub Division,17530007,Kurukshetra Division,17300001,Haryana Circle,SPO,1800,
17660386,13613001,HR070108000,Jhansa S.O,17360012,Kurukshetra H.O,17640025,Kurukshetra North Sub Division,17530007,Kurukshetra Division,17300001,Haryana Circle,SPO,1800,
17660398,13613401,HR070137000,Mohri S.O,17360012,Kurukshetra H.O,17640025,Kurukshetra North Sub Division,17530007,Kurukshetra Division,17300001,Haryana Circle,SPO,1200,
17660378,13615601,HR070101000,Babain S.O,17360012,Kurukshetra H.O,17640025,Kurukshetra North Sub Division,17530007,Kurukshetra Division,17300001,Haryana Circle,SPO,1800,
17660377,13603801,HR070123000,Amin S.O,17360012,Kurukshetra H.O,17640025,Kurukshetra North Sub Division,17530007,Kurukshetra Division,17300001,Haryana Circle,SPO,1200,
17660403,13602601,HR070117000,Pundri S.O,17360012,Kurukshetra H.O,17640026,Kurukshetra South Sub Division,17530007,Kurukshetra Division,17300001,Haryana Circle,SPO,3600,
17660393,13611901,HR070112000,Kurukshetra University S.O,17360012,Kurukshetra H.O,17640026,Kurukshetra South Sub Division,17530007,Kurukshetra Division,17300001,Haryana Circle,SPO,3600,
17660401,13612801,HR070115000,Pehowa S.O,17360012,Kurukshetra H.O,17640026,Kurukshetra South Sub Division,17530007,Kurukshetra Division,17300001,Haryana Circle,SPO,3600,
17660384,13603001,HR070106000,Gumthala Garhu S.O,17360012,Kurukshetra H.O,17640026,Kurukshetra South Sub Division,17530007,Kurukshetra Division,17300001,Haryana Circle,SPO,1200,
17660399,13613202,HR070124000,Ngm Ladwa S.O,17360012,Kurukshetra H.O,17640025,Kurukshetra North Sub Division,17530007,Kurukshetra Division,17300001,Haryana Circle,SPO,1200,
17660394,13613201,HR070113000,Ladwa S.O,17360012,Kurukshetra H.O,17640025,Kurukshetra North Sub Division,17530007,Kurukshetra Division,17300001,Haryana Circle,SPO,3600,
17660385,13612901,HR070107000,Ismailabad S.O,17360012,Kurukshetra H.O,17640025,Kurukshetra North Sub Division,17530007,Kurukshetra Division,17300001,Haryana Circle,SPO,2640,
17660408,13613502,HR070119000,Shahabad(M) S.O,17360012,Kurukshetra H.O,17640025,Kurukshetra North Sub Division,17530007,Kurukshetra Division,17300001,Haryana Circle,SPO,8400,
17360012,13611800,HR070100000,Kurukshetra H.O,17360012,Kurukshetra H.O,17640025,Kurukshetra North Sub Division,17530007,Kurukshetra Division,17300001,Haryana Circle,HPO,10200,
17660388,13602701,HR070134000,Kaithal City S.O,17360012,Kurukshetra H.O,17640024,Kaithal Sub Division,17530007,Kurukshetra Division,17300001,Haryana Circle,SPO,2640,
17660391,13602703,HR070129000,Karnal Road Kaithal S.O,17360012,Kurukshetra H.O,17640024,Kaithal Sub Division,17530007,Kurukshetra Division,17300001,Haryana Circle,SPO,1800,
17660392,13602101,HR070111000,Kaul S.O,17360012,Kurukshetra H.O,17640026,Kurukshetra South Sub Division,17530007,Kurukshetra Division,17300001,Haryana Circle,SPO,1800,
17660379,13611801,HR070125000,Birla Mandir S.O,17360012,Kurukshetra H.O,17640026,Kurukshetra South Sub Division,17530007,Kurukshetra Division,17300001,Haryana Circle,SPO,1200,
17660409,13602704,HR070135000,Siwan Gate Kaithal S.O,17360012,Kurukshetra H.O,17640024,Kaithal Sub Division,17530007,Kurukshetra Division,17300001,Haryana Circle,SPO,1800,
17660405,13604401,HR070118000,Rajound S.O,17360012,Kurukshetra H.O,17640024,Kaithal Sub Division,17530007,Kurukshetra Division,17300001,Haryana Circle,SPO,1800,
17660381,13602001,HR070103000,Dhand S.O,17360012,Kurukshetra H.O,17640026,Kurukshetra South Sub Division,17530007,Kurukshetra Division,17300001,Haryana Circle,SPO,1800,
17660390,13611701,HR070110000,Kalayat S.O,17360012,Kurukshetra H.O,17640024,Kaithal Sub Division,17530007,Kurukshetra Division,17300001,Haryana Circle,SPO,2640,
17660396,13602705,HR070136000,Model Town Kaithal S.O,17360012,Kurukshetra H.O,17640024,Kaithal Sub Division,17530007,Kurukshetra Division,17300001,Haryana Circle,SPO,1200,
17660389,13602702,HR070109000,Kaithal S.O,17360012,Kurukshetra H.O,17640024,Kaithal Sub Division,17530007,Kurukshetra Division,17300001,Haryana Circle,SPO,8400,
17660383,13603501,HR070105000,Guhla S.O,17360012,Kurukshetra H.O,17640024,Kaithal Sub Division,17530007,Kurukshetra Division,17300001,Haryana Circle,SPO,1800,
17660380,13603401,HR070102000,Chika S.O,17360012,Kurukshetra H.O,17640024,Kaithal Sub Division,17530007,Kurukshetra Division,17300001,Haryana Circle,SPO,3600,
17660400,13604301,HR070114000,Pai S.O,17360012,Kurukshetra H.O,17640026,Kurukshetra South Sub Division,17530007,Kurukshetra Division,17300001,Haryana Circle,SPO,1800,
17660382,13604201,HR070104000,Fatehpur S.O (Kaithal),17360012,Kurukshetra H.O,17640026,Kurukshetra South Sub Division,17530007,Kurukshetra Division,17300001,Haryana Circle,SPO,1800,
17660412,13613601,HR070121000,Thol S.O,17360012,Kurukshetra H.O,17640025,Kurukshetra North Sub Division,17530007,Kurukshetra Division,17300001,Haryana Circle,SPO,1200,
17660411,13611805,HR070133000,Thanesar Town S.O,17360012,Kurukshetra H.O,17640026,Kurukshetra South Sub Division,17530007,Kurukshetra Division,17300001,Haryana Circle,SPO,2640,
17660406,13612802,HR070130000,Saraswati Mandir Pehowa S.O,17360012,Kurukshetra H.O,17640026,Kurukshetra South Sub Division,17530007,Kurukshetra Division,17300001,Haryana Circle,SPO,1200,
17102042,O0161,HR080138006,Sunari Kalan BO,17660456,Police Training Center Sunaria SO,17640029,Rohtak Sub Division,17530008,Rohtak Division,17300001,Haryana Circle,BPO,600,
17101991,O0160,HR080138007,Marodi Jatan BO,17660456,Police Training Center Sunaria SO,17640029,Rohtak Sub Division,17530008,Rohtak Division,17300001,Haryana Circle,BPO,600,
17101952,O0159,HR080138005,Karontha BO,17660456,Police Training Center Sunaria SO,17640029,Rohtak Sub Division,17530008,Rohtak Division,17300001,Haryana Circle,BPO,600,
17101913,O0158,HR080138004,Gaddi Kheri BO,17660456,Police Training Center Sunaria SO,17640029,Rohtak Sub Division,17530008,Rohtak Division,17300001,Haryana Circle,BPO,600,
17101910,O0157,HR080138003,Dobh BO,17660456,Police Training Center Sunaria SO,17640029,Rohtak Sub Division,17530008,Rohtak Division,17300001,Haryana Circle,BPO,600,
17101872,O0156,HR080138002,Bhali Anandpur BO,17660456,Police Training Center Sunaria SO,17640029,Rohtak Sub Division,17530008,Rohtak Division,17300001,Haryana Circle,BPO,600,
17101856,O0155,HR080138001,Baland BO,17660456,Police Training Center Sunaria SO,17640029,Rohtak Sub Division,17530008,Rohtak Division,17300001,Haryana Circle,BPO,600,
17101981,N9650,HR080201007,LADRAWAN BO,17660414,Assaudha SO,17640027,Bahadurgarh sub division,17530008,Rohtak Division,17300001,Haryana Circle,BPO,600,
17101976,N9649,HR080201004,Kulasi BO,17660414,Assaudha SO,17640027,Bahadurgarh sub division,17530008,Rohtak Division,17300001,Haryana Circle,BPO,600,
17101950,N9648,HR080201006,KANONDA BO,17660414,Assaudha SO,17640027,Bahadurgarh sub division,17530008,Rohtak Division,17300001,Haryana Circle,BPO,600,
17101936,N9647,HR080201003,Jassaur Kheri BO,17660414,Assaudha SO,17640027,Bahadurgarh sub division,17530008,Rohtak Division,17300001,Haryana Circle,BPO,600,
17101935,N9646,HR080201002,Jakhauda BO,17660414,Assaudha SO,17640027,Bahadurgarh sub division,17530008,Rohtak Division,17300001,Haryana Circle,BPO,600,
17101861,N9645,HR080201001,Barahi BO,17660414,Assaudha SO,17640027,Bahadurgarh sub division,17530008,Rohtak Division,17300001,Haryana Circle,BPO,600,
17101859,N9644,HR080201005,Bamnoli BO,17660414,Assaudha SO,17640027,Bahadurgarh sub division,17530008,Rohtak Division,17300001,Haryana Circle,BPO,600,
17102051,N9284,HR080118008,Ukhal Channa BO,17660454,Nehru College Jhajjar SO,17640028,Jhajjar Sub Division,17530008,Rohtak Division,17300001,Haryana Circle,BPO,600,
17102045,N9283,HR080118006,Surha BO,17660454,Nehru College Jhajjar SO,17640028,Jhajjar Sub Division,17530008,Rohtak Division,17300001,Haryana Circle,BPO,600,
17101974,N9282,HR080118005,Khungai BO,17660454,Nehru College Jhajjar SO,17640028,Jhajjar Sub Division,17530008,Rohtak Division,17300001,Haryana Circle,BPO,600,
17101966,N9281,HR080118004,Kheri Asra BO,17660454,Nehru College Jhajjar SO,17640028,Jhajjar Sub Division,17530008,Rohtak Division,17300001,Haryana Circle,BPO,600,
17101944,N9280,HR080118003,Kablana BO,17660454,Nehru College Jhajjar SO,17640028,Jhajjar Sub Division,17530008,Rohtak Division,17300001,Haryana Circle,BPO,600,
17101942,N9279,HR080118009,Jnv Kiloi BO,17660454,Nehru College Jhajjar SO,17640028,Jhajjar Sub Division,17530008,Rohtak Division,17300001,Haryana Circle,BPO,600,
17101933,N9278,HR080118007,Jahangirpur BO,17660454,Nehru College Jhajjar SO,17640028,Jhajjar Sub Division,17530008,Rohtak Division,17300001,Haryana Circle,BPO,600,
17101866,N9277,HR080118002,Bhadani BO,17660454,Nehru College Jhajjar SO,17640028,Jhajjar Sub Division,17530008,Rohtak Division,17300001,Haryana Circle,BPO,600,
17101853,N9276,HR080118001,Bajidpur Tappa Haveli BO,17660454,Nehru College Jhajjar SO,17640028,Jhajjar Sub Division,17530008,Rohtak Division,17300001,Haryana Circle,BPO,600,
17102038,L9909,HR080210011,Soldha BO,17660417,Bahadurgarh Mandi SO,17640027,Bahadurgarh sub division,17530008,Rohtak Division,17300001,Haryana Circle,BPO,600,
17102029,L9908,HR080210010,Sankhol BO,17660417,Bahadurgarh Mandi SO,17640027,Bahadurgarh sub division,17530008,Rohtak Division,17300001,Haryana Circle,BPO,600,
17102010,L9907,HR080210009,Noona Majra BO,17660417,Bahadurgarh Mandi SO,17640027,Bahadurgarh sub division,17530008,Rohtak Division,17300001,Haryana Circle,BPO,600,
17101986,L9906,HR080210008,Luksar BO,17660417,Bahadurgarh Mandi SO,17640027,Bahadurgarh sub division,17530008,Rohtak Division,17300001,Haryana Circle,BPO,600,
17101985,L9905,HR080210007,Lowa Kalan BO,17660417,Bahadurgarh Mandi SO,17640027,Bahadurgarh sub division,17530008,Rohtak Division,17300001,Haryana Circle,BPO,600,
17101964,L9904,HR080210005,Kharman BO,17660417,Bahadurgarh Mandi SO,17640027,Bahadurgarh sub division,17530008,Rohtak Division,17300001,Haryana Circle,BPO,600,
17101955,L9903,HR080210006,Kassar BO,17660417,Bahadurgarh Mandi SO,17640027,Bahadurgarh sub division,17530008,Rohtak Division,17300001,Haryana Circle,BPO,600,
17101924,L9902,HR080210004,Goela Kalan BO,17660417,Bahadurgarh Mandi SO,17640027,Bahadurgarh sub division,17530008,Rohtak Division,17300001,Haryana Circle,BPO,600,
17101911,L9901,HR080210003,Dulhera BO,17660417,Bahadurgarh Mandi SO,17640027,Bahadurgarh sub division,17530008,Rohtak Division,17300001,Haryana Circle,BPO,600,
17101899,L9900,HR080210002,Daboda Khurd BO,17660417,Bahadurgarh Mandi SO,17640027,Bahadurgarh sub division,17530008,Rohtak Division,17300001,Haryana Circle,BPO,600,
17101898,L9899,HR080210001,Daboda Kalan BO,17660417,Bahadurgarh Mandi SO,17640027,Bahadurgarh sub division,17530008,Rohtak Division,17300001,Haryana Circle,BPO,600,
17102039,L6163,HR080202008,Sondhi BO,17660416,Badli SO Jhajjar,17640027,Bahadurgarh sub division,17530008,Rohtak Division,17300001,Haryana Circle,BPO,600,
17102016,L6162,HR080202007,Pelpa BO,17660416,Badli SO Jhajjar,17640027,Bahadurgarh sub division,17530008,Rohtak Division,17300001,Haryana Circle,BPO,600,
17101998,L6161,HR080202006,Mundakhera BO,17660416,Badli SO Jhajjar,17640027,Bahadurgarh sub division,17530008,Rohtak Division,17300001,Haryana Circle,BPO,600,
17101980,L6160,HR080202005,Ladpur BO,17660416,Badli SO Jhajjar,17640027,Bahadurgarh sub division,17530008,Rohtak Division,17300001,Haryana Circle,BPO,600,
17101967,L6159,HR080202004,Kheri Jat BO,17660416,Badli SO Jhajjar,17640027,Bahadurgarh sub division,17530008,Rohtak Division,17300001,Haryana Circle,BPO,600,
17101926,L6158,HR080202010,Gubhana BO,17660416,Badli SO Jhajjar,17640027,Bahadurgarh sub division,17530008,Rohtak Division,17300001,Haryana Circle,BPO,600,
17101905,L6157,HR080202003,Deverkhana BO,17660416,Badli SO Jhajjar,17640027,Bahadurgarh sub division,17530008,Rohtak Division,17300001,Haryana Circle,BPO,600,
17101879,L6156,HR080202009,Bhupnia BO,17660416,Badli SO Jhajjar,17640027,Bahadurgarh sub division,17530008,Rohtak Division,17300001,Haryana Circle,BPO,600,
17101858,L6155,HR080202001,Bamnaula BO,17660416,Badli SO Jhajjar,17640027,Bahadurgarh sub division,17530008,Rohtak Division,17300001,Haryana Circle,BPO,600,
17101849,L6154,HR080202002,Badsa BO,17660416,Badli SO Jhajjar,17640027,Bahadurgarh sub division,17530008,Rohtak Division,17300001,Haryana Circle,BPO,600,
17102022,L5380,HR080205015,Rohad BO,17660461,Sampla SO,17640027,Bahadurgarh sub division,17530008,Rohtak Division,17300001,Haryana Circle,BPO,600,
17102002,L5379,HR080205013,Naya Bans BO,17660461,Sampla SO,17640027,Bahadurgarh sub division,17530008,Rohtak Division,17300001,Haryana Circle,BPO,600,
17102009,L5378,HR080205014,Nonaud BO,17660461,Sampla SO,17640027,Bahadurgarh sub division,17530008,Rohtak Division,17300001,Haryana Circle,BPO,600,
17101993,L5377,HR080205012,Matan BO,17660461,Sampla SO,17640027,Bahadurgarh sub division,17530008,Rohtak Division,17300001,Haryana Circle,BPO,600,
17101983,L5376,HR080205011,Loharheri BO,17660461,Sampla SO,17640027,Bahadurgarh sub division,17530008,Rohtak Division,17300001,Haryana Circle,BPO,600,
17101977,L5375,HR080205010,Kultana BO,17660461,Sampla SO,17640027,Bahadurgarh sub division,17530008,Rohtak Division,17300001,Haryana Circle,BPO,600,
17101962,L5374,HR080205009,Kharhar BO,17660461,Sampla SO,17640027,Bahadurgarh sub division,17530008,Rohtak Division,17300001,Haryana Circle,BPO,600,
17101932,L5373,HR080205008,Ismaila BO,17660461,Sampla SO,17640027,Bahadurgarh sub division,17530008,Rohtak Division,17300001,Haryana Circle,BPO,600,
17101921,L5372,HR080205016,Gijhi BO,17660461,Sampla SO,17640027,Bahadurgarh sub division,17530008,Rohtak Division,17300001,Haryana Circle,BPO,600,
17101916,L5371,HR080205007,Garhi BO,17660461,Sampla SO,17640027,Bahadurgarh sub division,17530008,Rohtak Division,17300001,Haryana Circle,BPO,600,
17101914,L5370,HR080205006,Gandhra BO,17660461,Sampla SO,17640027,Bahadurgarh sub division,17530008,Rohtak Division,17300001,Haryana Circle,BPO,600,
17101904,L5369,HR080205005,Dehkora BO,17660461,Sampla SO,17640027,Bahadurgarh sub division,17530008,Rohtak Division,17300001,Haryana Circle,BPO,600,
17101897,L5368,HR080205004,Chuliyana BO,17660461,Sampla SO,17640027,Bahadurgarh sub division,17530008,Rohtak Division,17300001,Haryana Circle,BPO,600,
17101876,L5367,HR080205002,Bhasro Kalan BO,17660461,Sampla SO,17640027,Bahadurgarh sub division,17530008,Rohtak Division,17300001,Haryana Circle,BPO,600,
17101874,L5366,HR080205003,Bhaproda BO,17660461,Sampla SO,17640027,Bahadurgarh sub division,17530008,Rohtak Division,17300001,Haryana Circle,BPO,600,
17101848,L5365,HR080205001,Atail BO,17660461,Sampla SO,17640027,Bahadurgarh sub division,17530008,Rohtak Division,17300001,Haryana Circle,BPO,600,
17102037,J9571,HR080116006,Sisarkhas BO,17660450,Mehem SO,17640029,Rohtak Sub Division,17530008,Rohtak Division,17300001,Haryana Circle,BPO,600,
17102024,J9570,HR080116007,Saman BO,17660450,Mehem SO,17640029,Rohtak Sub Division,17530008,Rohtak Division,17300001,Haryana Circle,BPO,600,
17101912,J9569,HR080116004,Farmana BO,17660450,Mehem SO,17640029,Rohtak Sub Division,17530008,Rohtak Division,17300001,Haryana Circle,BPO,600,
17101870,J9568,HR080116008,Bhaini Maharajpur BO,17660450,Mehem SO,17640029,Rohtak Sub Division,17530008,Rohtak Division,17300001,Haryana Circle,BPO,600,
17101871,J9567,HR080116005,Bhaini Surjan BO,17660450,Mehem SO,17640029,Rohtak Sub Division,17530008,Rohtak Division,17300001,Haryana Circle,BPO,600,
17101869,J9566,HR080116002,Bhaini Chanderpal BO,17660450,Mehem SO,17640029,Rohtak Sub Division,17530008,Rohtak Division,17300001,Haryana Circle,BPO,600,
17101868,J9565,HR080116001,Bhaini Bharon BO,17660450,Mehem SO,17640029,Rohtak Sub Division,17530008,Rohtak Division,17300001,Haryana Circle,BPO,600,
17101865,J9564,HR080116003,Behlba BO,17660450,Mehem SO,17640029,Rohtak Sub Division,17530008,Rohtak Division,17300001,Haryana Circle,BPO,600,
17102043,J8919,HR080108005,Sundana BO,17660438,Kahnaur SO,17640029,Rohtak Sub Division,17530008,Rohtak Division,17300001,Haryana Circle,BPO,600,
17101948,J8918,HR080108004,Kakrana BO,17660438,Kahnaur SO,17640029,Rohtak Sub Division,17530008,Rohtak Division,17300001,Haryana Circle,BPO,600,
17101917,J8917,HR080108003,Garnauthi BO,17660438,Kahnaur SO,17640029,Rohtak Sub Division,17530008,Rohtak Division,17300001,Haryana Circle,BPO,600,
17101908,J8916,HR080108002,Dharana BO,17660438,Kahnaur SO,17640029,Rohtak Sub Division,17530008,Rohtak Division,17300001,Haryana Circle,BPO,600,
17101894,J8915,HR080108001,Chimni BO,17660438,Kahnaur SO,17640029,Rohtak Sub Division,17530008,Rohtak Division,17300001,Haryana Circle,BPO,600,
17102005,J7832,HR080119011,Nilaheri BO,17660460,Sahlawas SO,17640028,Jhajjar Sub Division,17530008,Rohtak Division,17300001,Haryana Circle,BPO,600,
17101997,J7831,HR080119010,Mundahera BO,17660460,Sahlawas SO,17640028,Jhajjar Sub Division,17530008,Rohtak Division,17300001,Haryana Circle,BPO,600,
17101978,J7830,HR080119009,Ladain BO,17660460,Sahlawas SO,17640028,Jhajjar Sub Division,17530008,Rohtak Division,17300001,Haryana Circle,BPO,600,
17101939,J7829,HR080119006,Jhanswa Kalan BO,17660460,Sahlawas SO,17640028,Jhajjar Sub Division,17530008,Rohtak Division,17300001,Haryana Circle,BPO,600,
17101882,J7828,HR080119002,Birar BO,17660460,Sahlawas SO,17640028,Jhajjar Sub Division,17530008,Rohtak Division,17300001,Haryana Circle,BPO,600,
17101880,J7827,HR080119003,Bhurawas BO,17660460,Sahlawas SO,17640028,Jhajjar Sub Division,17530008,Rohtak Division,17300001,Haryana Circle,BPO,600,
17101846,J7826,HR080119001,Akheri Madanpur BO,17660460,Sahlawas SO,17640028,Jhajjar Sub Division,17530008,Rohtak Division,17300001,Haryana Circle,BPO,600,
17102031,J7414,HR080115010,Sehlenga BO,17660447,Matanhail SO,17640028,Jhajjar Sub Division,17530008,Rohtak Division,17300001,Haryana Circle,BPO,600,
17102030,J7413,HR080115009,Sasroli BO,17660447,Matanhail SO,17640028,Jhajjar Sub Division,17530008,Rohtak Division,17300001,Haryana Circle,BPO,600,
17102008,J7412,HR080115008,Nogawan BO,17660447,Matanhail SO,17640028,Jhajjar Sub Division,17530008,Rohtak Division,17300001,Haryana Circle,BPO,600,
17101999,J7411,HR080115007,Mundsa BO,17660447,Matanhail SO,17640028,Jhajjar Sub Division,17530008,Rohtak Division,17300001,Haryana Circle,BPO,600,
17101992,J7410,HR080115006,Marot BO,17660447,Matanhail SO,17640028,Jhajjar Sub Division,17530008,Rohtak Division,17300001,Haryana Circle,BPO,600,
17101957,J7409,HR080115004,Khachrauli BO,17660447,Matanhail SO,17640028,Jhajjar Sub Division,17530008,Rohtak Division,17300001,Haryana Circle,BPO,600,
17101940,J7408,HR080115003,Jharli BO,17660447,Matanhail SO,17640028,Jhajjar Sub Division,17530008,Rohtak Division,17300001,Haryana Circle,BPO,600,
17101893,J7407,HR080115005,Chhuchhakwas BO,17660447,Matanhail SO,17640028,Jhajjar Sub Division,17530008,Rohtak Division,17300001,Haryana Circle,BPO,600,
17101884,J7406,HR080115002,Birohar BO,17660447,Matanhail SO,17640028,Jhajjar Sub Division,17530008,Rohtak Division,17300001,Haryana Circle,BPO,600,
17101843,J7405,HR080115001,Achhej BO,17660447,Matanhail SO,17640028,Jhajjar Sub Division,17530008,Rohtak Division,17300001,Haryana Circle,BPO,600,
17102023,J7285,HR080102007,Rurkee BO,17660421,Bhalaut SO,17640027,Bahadurgarh sub division,17530008,Rohtak Division,17300001,Haryana Circle,BPO,600,
17102018,J7284,HR080102005,Polangi BO,17660421,Bhalaut SO,17640027,Bahadurgarh sub division,17530008,Rohtak Division,17300001,Haryana Circle,BPO,600,
17102011,J7283,HR080102004,Paksma BO,17660421,Bhalaut SO,17640027,Bahadurgarh sub division,17530008,Rohtak Division,17300001,Haryana Circle,BPO,600,
17102000,J7282,HR080102003,Mungain BO,17660421,Bhalaut SO,17640027,Bahadurgarh sub division,17530008,Rohtak Division,17300001,Haryana Circle,BPO,600,
17101990,J7281,HR080102009,Makrauli Kalan BO,17660421,Bhalaut SO,17640027,Bahadurgarh sub division,17530008,Rohtak Division,17300001,Haryana Circle,BPO,600,
17101979,J7280,HR080102008,Ladout BO,17660421,Bhalaut SO,17640027,Bahadurgarh sub division,17530008,Rohtak Division,17300001,Haryana Circle,BPO,600,
17101975,J7279,HR080102002,Kiloi BO,17660421,Bhalaut SO,17640027,Bahadurgarh sub division,17530008,Rohtak Division,17300001,Haryana Circle,BPO,600,
17101906,J7278,HR080102001,Dhamar BO,17660421,Bhalaut SO,17640027,Bahadurgarh sub division,17530008,Rohtak Division,17300001,Haryana Circle,BPO,600,
17101857,J7277,HR080102006,Baliana BO,17660421,Bhalaut SO,17640027,Bahadurgarh sub division,17530008,Rohtak Division,17300001,Haryana Circle,BPO,600,
17102033,J7212,HR080105003,Sewana BO,17660428,Dubaldhan SO,17640028,Jhajjar Sub Division,17530008,Rohtak Division,17300001,Haryana Circle,BPO,600,
17102017,J7211,HR080105002,Pilana BO,17660428,Dubaldhan SO,17640028,Jhajjar Sub Division,17530008,Rohtak Division,17300001,Haryana Circle,BPO,600,
17101989,J7210,HR080105001,Majra BO,17660428,Dubaldhan SO,17640028,Jhajjar Sub Division,17530008,Rohtak Division,17300001,Haryana Circle,BPO,600,
17102015,J7021,HR080121008,Pehrawar BO,17660415,Asthal Bohar SO,17640027,Bahadurgarh sub division,17530008,Rohtak Division,17300001,Haryana Circle,BPO,600,
17101988,J7020,HR080121007,Maina BO,17660415,Asthal Bohar SO,17640027,Bahadurgarh sub division,17530008,Rohtak Division,17300001,Haryana Circle,BPO,600,
17101969,J7019,HR080121004,Kheri Sadh BO,17660415,Asthal Bohar SO,17640027,Bahadurgarh sub division,17530008,Rohtak Division,17300001,Haryana Circle,BPO,600,
17101961,J7018,HR080121006,Kharawar BO,17660415,Asthal Bohar SO,17640027,Bahadurgarh sub division,17530008,Rohtak Division,17300001,Haryana Circle,BPO,600,
17101953,J7017,HR080121005,Karor BO,17660415,Asthal Bohar SO,17640027,Bahadurgarh sub division,17530008,Rohtak Division,17300001,Haryana Circle,BPO,600,
17101949,J7016,HR080121003,Kanheli BO,17660415,Asthal Bohar SO,17640027,Bahadurgarh sub division,17530008,Rohtak Division,17300001,Haryana Circle,BPO,600,
17101886,J7015,HR080121002,Bohar BO,17660415,Asthal Bohar SO,17640027,Bahadurgarh sub division,17530008,Rohtak Division,17300001,Haryana Circle,BPO,600,
17101873,J7014,HR080121001,Bhambhewa BO,17660415,Asthal Bohar SO,17640027,Bahadurgarh sub division,17530008,Rohtak Division,17300001,Haryana Circle,BPO,600,
17102050,J3757,HR080103008,Tumbaheri BO,17660425,Dhakla SO,17640028,Jhajjar Sub Division,17530008,Rohtak Division,17300001,Haryana Circle,BPO,600,
17102046,J3756,HR080103007,Surheti BO,17660425,Dhakla SO,17640028,Jhajjar Sub Division,17530008,Rohtak Division,17300001,Haryana Circle,BPO,600,
17102040,J3755,HR080103006,Subana BO,17660425,Dhakla SO,17640028,Jhajjar Sub Division,17530008,Rohtak Division,17300001,Haryana Circle,BPO,600,
17102026,J3754,HR080103005,Samaspur Majra BO,17660425,Dhakla SO,17640028,Jhajjar Sub Division,17530008,Rohtak Division,17300001,Haryana Circle,BPO,600,
17102007,J3753,HR080103004,Niwada BO,17660425,Dhakla SO,17640028,Jhajjar Sub Division,17530008,Rohtak Division,17300001,Haryana Circle,BPO,600,
17101970,J3752,HR080103003,Khetawas BO,17660425,Dhakla SO,17640028,Jhajjar Sub Division,17530008,Rohtak Division,17300001,Haryana Circle,BPO,600,
17101954,J3751,HR080103002,Kasni BO,17660425,Dhakla SO,17640028,Jhajjar Sub Division,17530008,Rohtak Division,17300001,Haryana Circle,BPO,600,
17101902,J3750,HR080103009,Darauli BO,17660425,Dhakla SO,17640028,Jhajjar Sub Division,17530008,Rohtak Division,17300001,Haryana Circle,BPO,600,
17101881,J3749,HR080103001,Bilochpura BO,17660425,Dhakla SO,17640028,Jhajjar Sub Division,17530008,Rohtak Division,17300001,Haryana Circle,BPO,600,
17101878,J3748,HR080103010,Bhindawas BO,17660425,Dhakla SO,17640028,Jhajjar Sub Division,17530008,Rohtak Division,17300001,Haryana Circle,BPO,600,
17102028,J2621,HR080109005,Sampel BO,17660439,Kalanaur SO Rohtak,17640029,Rohtak Sub Division,17530008,Rohtak Division,17300001,Haryana Circle,BPO,600,
17102004,J2620,HR080109003,Nigana BO,17660439,Kalanaur SO Rohtak,17640029,Rohtak Sub Division,17530008,Rohtak Division,17300001,Haryana Circle,BPO,600,
17101958,J2619,HR080109002,Khairari BO,17660439,Kalanaur SO Rohtak,17640029,Rohtak Sub Division,17530008,Rohtak Division,17300001,Haryana Circle,BPO,600,
17101956,J2618,HR080109001,Katesra BO,17660439,Kalanaur SO Rohtak,17640029,Rohtak Sub Division,17530008,Rohtak Division,17300001,Haryana Circle,BPO,600,
17102021,H9423,HR080120004,Rithal BO,17660462,Sanghi SO,17640029,Rohtak Sub Division,17530008,Rohtak Division,17300001,Haryana Circle,BPO,600,
17101971,H9422,HR080120003,Khidwali BO,17660462,Sanghi SO,17640029,Rohtak Sub Division,17530008,Rohtak Division,17300001,Haryana Circle,BPO,600,
17101946,H9421,HR080120002,Kahni BO,17660462,Sanghi SO,17640029,Rohtak Sub Division,17530008,Rohtak Division,17300001,Haryana Circle,BPO,600,
17101941,H9420,HR080120008,Jindran BO,17660462,Sanghi SO,17640029,Rohtak Sub Division,17530008,Rohtak Division,17300001,Haryana Circle,BPO,600,
17101937,H9419,HR080120007,Jassia BO,17660462,Sanghi SO,17640029,Rohtak Sub Division,17530008,Rohtak Division,17300001,Haryana Circle,BPO,600,
17101920,H9418,HR080120001,Ghillaur Kalan BO,17660462,Sanghi SO,17640029,Rohtak Sub Division,17530008,Rohtak Division,17300001,Haryana Circle,BPO,600,
17101888,H9417,HR080120006,Chamaria BO,17660462,Sanghi SO,17640029,Rohtak Sub Division,17530008,Rohtak Division,17300001,Haryana Circle,BPO,600,
17101864,H9416,HR080120005,Basantpur BO,17660462,Sanghi SO,17640029,Rohtak Sub Division,17530008,Rohtak Division,17300001,Haryana Circle,BPO,600,
17101963,H8970,HR080114004,Kharkhara BO,17660444,Madina SO,17640029,Rohtak Sub Division,17530008,Rohtak Division,17300001,Haryana Circle,BPO,600,
17101922,H8969,HR080114003,Girawar BO,17660444,Madina SO,17640029,Rohtak Sub Division,17530008,Rohtak Division,17300001,Haryana Circle,BPO,600,
17101875,H8968,HR080114002,Bharan BO,17660444,Madina SO,17640029,Rohtak Sub Division,17530008,Rohtak Division,17300001,Haryana Circle,BPO,600,
17101845,H8967,HR080114001,Ajaib BO,17660444,Madina SO,17640029,Rohtak Sub Division,17530008,Rohtak Division,17300001,Haryana Circle,BPO,600,
17101863,H8734,HR080117001,Basana BO,17660453,Mokhra SO,17640029,Rohtak Sub Division,17530008,Rohtak Division,17300001,Haryana Circle,BPO,600,
17101851,H8733,HR080117976,Bahu Akbarpur BO,17660453,Mokhra SO,17640029,Rohtak Sub Division,17530008,Rohtak Division,17300001,Haryana Circle,BPO,600,
17102048,H8553,HR080206002,Tandaheri BO,17660446,Mandothi SO,17640027,Bahadurgarh sub division,17530008,Rohtak Division,17300001,Haryana Circle,BPO,600,
17102027,H7487,HR080204002,Samchana BO,17660432,Hassangarh SO,17640027,Bahadurgarh sub division,17530008,Rohtak Division,17300001,Haryana Circle,BPO,600,
17102006,H7486,HR080204001,Nilothi BO,17660432,Hassangarh SO,17640027,Bahadurgarh sub division,17530008,Rohtak Division,17300001,Haryana Circle,BPO,600,
17101995,H3441,HR080110003,Morekheri BO,17660440,Kansala SO,17640027,Bahadurgarh sub division,17530008,Rohtak Division,17300001,Haryana Circle,BPO,600,
17101931,H3440,HR080110004,Humayunpur BO,17660440,Kansala SO,17640027,Bahadurgarh sub division,17530008,Rohtak Division,17300001,Haryana Circle,BPO,600,
17101854,H3439,HR080110002,Bakheta BO,17660440,Kansala SO,17640027,Bahadurgarh sub division,17530008,Rohtak Division,17300001,Haryana Circle,BPO,600,
17101847,H3438,HR080110001,Assan BO,17660440,Kansala SO,17640027,Bahadurgarh sub division,17530008,Rohtak Division,17300001,Haryana Circle,BPO,600,
17101923,H3218,HR080104004,Gochhi BO,17660426,Dighal SO,17640028,Jhajjar Sub Division,17530008,Rohtak Division,17300001,Haryana Circle,BPO,600,
17101907,H3217,HR080104003,Dhandlan BO,17660426,Dighal SO,17640028,Jhajjar Sub Division,17530008,Rohtak Division,17300001,Haryana Circle,BPO,600,
17101892,H3216,HR080104002,Chhochi BO,17660426,Dighal SO,17640028,Jhajjar Sub Division,17530008,Rohtak Division,17300001,Haryana Circle,BPO,600,
17101862,H3215,HR080104001,Barhana BO,17660426,Dighal SO,17640028,Jhajjar Sub Division,17530008,Rohtak Division,17300001,Haryana Circle,BPO,600,
17102019,H0669,HR080203002,Rewari Khera BO,17660423,Charra SO,17640027,Bahadurgarh sub division,17530008,Rohtak Division,17300001,Haryana Circle,BPO,600,
17101896,H0668,HR080203001,Chudani BO,17660423,Charra SO,17640027,Bahadurgarh sub division,17530008,Rohtak Division,17300001,Haryana Circle,BPO,600,
17101972,G9345,HR080139003,Khorra BO,17660419,Bahu SO,17640028,Jhajjar Sub Division,17530008,Rohtak Division,17300001,Haryana Circle,BPO,600,
17101959,G9344,HR080139004,Khanpur Khurd BO,17660419,Bahu SO,17640028,Jhajjar Sub Division,17530008,Rohtak Division,17300001,Haryana Circle,BPO,600,
17101938,G9343,HR080139002,Jhamri BO,17660419,Bahu SO,17640028,Jhajjar Sub Division,17530008,Rohtak Division,17300001,Haryana Circle,BPO,600,
17101925,G9342,HR080139001,Goria BO,17660419,Bahu SO,17640028,Jhajjar Sub Division,17530008,Rohtak Division,17300001,Haryana Circle,BPO,600,
17101915,G6638,HR080122002,Garhi Ballab BO,17660413,Anwal SO,17640029,Rohtak Sub Division,17530008,Rohtak Division,17300001,Haryana Circle,BPO,600,
17102013,G3970,HR080113007,Pataudah BO,17660443,Machrauli SO,17640028,Jhajjar Sub Division,17530008,Rohtak Division,17300001,Haryana Circle,BPO,600,
17101852,G2018,HR080112001,Bainsi BO,17660455,Nindana SO,17640029,Rohtak Sub Division,17530008,Rohtak Division,17300001,Haryana Circle,BPO,600,
17101943,F4663,HR080107009,Jondhi BO,17660437,Jhajjar SO,17640028,Jhajjar Sub Division,17530008,Rohtak Division,17300001,Haryana Circle,BPO,600,
17101918,F4662,HR080107004,Gawalison BO,17660437,Jhajjar SO,17640028,Jhajjar Sub Division,17530008,Rohtak Division,17300001,Haryana Circle,BPO,600,
17101900,F4661,HR080107001,Dadanpur BO,17660437,Jhajjar SO,17640028,Jhajjar Sub Division,17530008,Rohtak Division,17300001,Haryana Circle,BPO,600,
17101855,F3618,HR080101002,Bakra BO,17660420,Beri SO,17640028,Jhajjar Sub Division,17530008,Rohtak Division,17300001,Haryana Circle,BPO,600,
17102049,F3582,HR080112013,Titauli BO,17660441,Lakhan Majra SO,17640029,Rohtak Sub Division,17530008,Rohtak Division,17300001,Haryana Circle,BPO,600,
17101889,F3581,HR080112003,Chandi BO,17660441,Lakhan Majra SO,17640029,Rohtak Sub Division,17530008,Rohtak Division,17300001,Haryana Circle,BPO,600,
17102052,E6296,HR080107018,Utlodha BO,17660437,Jhajjar SO,17640028,Jhajjar Sub Division,17530008,Rohtak Division,17300001,Haryana Circle,BPO,600,
17102041,E6295,HR080107016,Sulodha BO,17660437,Jhajjar SO,17640028,Jhajjar Sub Division,17530008,Rohtak Division,17300001,Haryana Circle,BPO,600,
17101965,E6294,HR080107010,Khatiwas BO,17660437,Jhajjar SO,17640028,Jhajjar Sub Division,17530008,Rohtak Division,17300001,Haryana Circle,BPO,600,
17101903,E6293,HR080107003,Dawla Raiya BO,17660437,Jhajjar SO,17640028,Jhajjar Sub Division,17530008,Rohtak Division,17300001,Haryana Circle,BPO,600,
17101867,E5293,HR080112002,Bhagwatipur BO,17660441,Lakhan Majra SO,17640029,Rohtak Sub Division,17530008,Rohtak Division,17300001,Haryana Circle,BPO,600,
17101877,D8689,HR080113002,Bhatera BO,17660443,Machrauli SO,17640028,Jhajjar Sub Division,17530008,Rohtak Division,17300001,Haryana Circle,BPO,600,
17102034,D7946,HR080107015,Silana BO,17660437,Jhajjar SO,17640028,Jhajjar Sub Division,17530008,Rohtak Division,17300001,Haryana Circle,BPO,600,
17101996,D7945,HR080107013,MPMajra BO,17660437,Jhajjar SO,17640028,Jhajjar Sub Division,17530008,Rohtak Division,17300001,Haryana Circle,BPO,600,
17101927,D7944,HR080107005,Gudha BO,17660437,Jhajjar SO,17640028,Jhajjar Sub Division,17530008,Rohtak Division,17300001,Haryana Circle,BPO,600,
17101901,D7943,HR080107002,Dadri Toe BO,17660437,Jhajjar SO,17640028,Jhajjar Sub Division,17530008,Rohtak Division,17300001,Haryana Circle,BPO,600,
17101987,D7058,HR080106003,Madana Kalan BO,17660429,Dujana SO,17640028,Jhajjar Sub Division,17530008,Rohtak Division,17300001,Haryana Circle,BPO,600,
17101883,D7057,HR080106001,Birdhana BO,17660429,Dujana SO,17640028,Jhajjar Sub Division,17530008,Rohtak Division,17300001,Haryana Circle,BPO,600,
17101909,D6995,HR080101004,Dhaur BO,17660420,Beri SO,17640028,Jhajjar Sub Division,17530008,Rohtak Division,17300001,Haryana Circle,BPO,600,
17101850,D6994,HR080101001,Baghpur BO,17660420,Beri SO,17640028,Jhajjar Sub Division,17530008,Rohtak Division,17300001,Haryana Circle,BPO,600,
17102044,D6957,HR080112012,Sunderpur BO,17660441,Lakhan Majra SO,17640029,Rohtak Sub Division,17530008,Rohtak Division,17300001,Haryana Circle,BPO,600,
17101928,D6956,HR080112005,Gugaheri BO,17660455,Nindana SO,17640029,Rohtak Sub Division,17530008,Rohtak Division,17300001,Haryana Circle,BPO,600,
17101895,D6955,HR080112011,Chiri BO,17660441,Lakhan Majra SO,17640029,Rohtak Sub Division,17530008,Rohtak Division,17300001,Haryana Circle,BPO,600,
17102014,D2956,HR080122004,Patwapur BO,17660413,Anwal SO,17640029,Rohtak Sub Division,17530008,Rohtak Division,17300001,Haryana Circle,BPO,600,
17101860,D2955,HR080122001,Banyani BO,17660413,Anwal SO,17640029,Rohtak Sub Division,17530008,Rohtak Division,17300001,Haryana Circle,BPO,600,
17102047,C9510,HR080107017,Talao BO,17660437,Jhajjar SO,17640028,Jhajjar Sub Division,17530008,Rohtak Division,17300001,Haryana Circle,BPO,600,
17101930,C9509,HR080107007,Hasanpur BO,17660437,Jhajjar SO,17640028,Jhajjar Sub Division,17530008,Rohtak Division,17300001,Haryana Circle,BPO,600,
17102025,C8464,HR080112009,Samargopalpur BO,17660441,Lakhan Majra SO,17640029,Rohtak Sub Division,17530008,Rohtak Division,17300001,Haryana Circle,BPO,600,
17101919,C8463,HR080112004,Gharauthi BO,17660441,Lakhan Majra SO,17640029,Rohtak Sub Division,17530008,Rohtak Division,17300001,Haryana Circle,BPO,600,
17102036,C8462,HR080112010,Singhpura Kalan BO,17660441,Lakhan Majra SO,17640029,Rohtak Sub Division,17530008,Rohtak Division,17300001,Haryana Circle,BPO,600,
17101973,C2008,HR080113005,Khudan BO,17660443,Machrauli SO,17640028,Jhajjar Sub Division,17530008,Rohtak Division,17300001,Haryana Circle,BPO,600,
17102035,C1194,HR080107014,Silani BO,17660437,Jhajjar SO,17640028,Jhajjar Sub Division,17530008,Rohtak Division,17300001,Haryana Circle,BPO,600,
17101968,C1193,HR080107011,Kheri Kumar BO,17660437,Jhajjar SO,17640028,Jhajjar Sub Division,17530008,Rohtak Division,17300001,Haryana Circle,BPO,600,
17101994,C0296,HR080106004,Mehrana BO,17660429,Dujana SO,17640028,Jhajjar Sub Division,17530008,Rohtak Division,17300001,Haryana Circle,BPO,600,
17101887,C0295,HR080106002,Chamanpura BO,17660429,Dujana SO,17640028,Jhajjar Sub Division,17530008,Rohtak Division,17300001,Haryana Circle,BPO,600,
17102020,C0241,HR080101006,Ritauli BO,17660420,Beri SO,17640028,Jhajjar Sub Division,17530008,Rohtak Division,17300001,Haryana Circle,BPO,600,
17102001,C0198,HR080112007,Nandal BO,17660441,Lakhan Majra SO,17640029,Rohtak Sub Division,17530008,Rohtak Division,17300001,Haryana Circle,BPO,600,
17101960,C0197,HR080112006,Kharainti BO,17660441,Lakhan Majra SO,17640029,Rohtak Sub Division,17530008,Rohtak Division,17300001,Haryana Circle,BPO,600,
17101947,B3545,HR080113004,Kahri BO,17660443,Machrauli SO,17640028,Jhajjar Sub Division,17530008,Rohtak Division,17300001,Haryana Circle,BPO,600,
17101891,B3544,HR080113003,Chhappar BO,17660443,Machrauli SO,17640028,Jhajjar Sub Division,17530008,Rohtak Division,17300001,Haryana Circle,BPO,600,
17102053,B2758,HR080107019,Yakubpur BO,17660437,Jhajjar SO,17640028,Jhajjar Sub Division,17530008,Rohtak Division,17300001,Haryana Circle,BPO,600,
17101929,B2757,HR080107006,Gurukul Jhajjar BO,17660437,Jhajjar SO,17640028,Jhajjar Sub Division,17530008,Rohtak Division,17300001,Haryana Circle,BPO,600,
17102032,B1870,HR080106005,Seria BO,17660429,Dujana SO,17640028,Jhajjar Sub Division,17530008,Rohtak Division,17300001,Haryana Circle,BPO,600,
17101945,B1803,HR080101005,Kabulpur BO,17660420,Beri SO,17640028,Jhajjar Sub Division,17530008,Rohtak Division,17300001,Haryana Circle,BPO,600,
17102003,B1769,HR080112008,Nidana BO,17660441,Lakhan Majra SO,17640029,Rohtak Sub Division,17530008,Rohtak Division,17300001,Haryana Circle,BPO,600,
17101890,AM118,HR080103941,Chhadwana BO,17660425,Dhakla SO,17640028,Jhajjar Sub Division,17530008,Rohtak Division,17300001,Haryana Circle,BPO,600,
17101951,AK737,HR080107020,Karodha BO,17660437,Jhajjar SO,17640028,Jhajjar Sub Division,17530008,Rohtak Division,17300001,Haryana Circle,BPO,600,
17101982,A7770,HR080122003,Lahli BO,17660413,Anwal SO,17640029,Rohtak Sub Division,17530008,Rohtak Division,17300001,Haryana Circle,BPO,600,
17101984,A5091,HR080113006,Lohari BO,17660443,Machrauli SO,17640028,Jhajjar Sub Division,17530008,Rohtak Division,17300001,Haryana Circle,BPO,600,
17101844,A5090,HR080113001,Ahri BO,17660443,Machrauli SO,17640028,Jhajjar Sub Division,17530008,Rohtak Division,17300001,Haryana Circle,BPO,600,
17101934,A4293,HR080107008,Jahazgarh BO,17660437,Jhajjar SO,17640028,Jhajjar Sub Division,17530008,Rohtak Division,17300001,Haryana Circle,BPO,600,
17102012,A4292,HR080107012,Palra BO,17660437,Jhajjar SO,17640028,Jhajjar Sub Division,17530008,Rohtak Division,17300001,Haryana Circle,BPO,600,
17101885,A3311,HR080101003,Bishan BO,17660420,Beri SO,17640028,Jhajjar Sub Division,17530008,Rohtak Division,17300001,Haryana Circle,BPO,600,
17660503,12450706,0,Mini Secretariat Bahadurgarh S.O,17360013,Bahadurgarh HO,17640027,Bahadurgarh sub division,17530008,Rohtak Division,17300001,Haryana Circle,SPO,1200,
17660463,12400111,HR080135000,Shivaji Colony SO,17360014,Rohtak HO,17640029,Rohtak Sub Division,17530008,Rohtak Division,17300001,Haryana Circle,SPO,2640,
17660449,12400106,HR080131000,Medical College SO Rohtak,17360014,Rohtak HO,17640029,Rohtak Sub Division,17530008,Rohtak Division,17300001,Haryana Circle,SPO,1800,
17660439,12411301,HR080109000,Kalanaur SO Rohtak,17360014,Rohtak HO,17640029,Rohtak Sub Division,17530008,Rohtak Division,17300001,Haryana Circle,SPO,1800,
17660453,12402201,HR080117000,Mokhra SO,17360014,Rohtak HO,17640029,Rohtak Sub Division,17530008,Rohtak Division,17300001,Haryana Circle,SPO,1800,
17660415,12402101,HR080121000,Asthal Bohar SO,17360014,Rohtak HO,17640027,Bahadurgarh Sub Division,17530008,Rohtak Division,17300001,Haryana Circle,SPO,1800,
17660462,12430301,HR080120000,Sanghi SO,17360014,Rohtak HO,17640029,Rohtak Sub Division,17530008,Rohtak Division,17300001,Haryana Circle,SPO,1800,
17660443,12410801,HR080113000,Machrauli SO,17360014,Rohtak HO,17640028,Jhajjar Sub Division,17530008,Rohtak Division,17300001,Haryana Circle,SPO,1800,
17660416,12410501,HR080202000,Badli SO Jhajjar,17360013,Bahadurgarh HO,17640027,Bahadurgarh sub division,17530008,Rohtak Division,17300001,Haryana Circle,SPO,1800,
17360013,12450700,HR080200000,Bahadurgarh HO,17360013,Bahadurgarh HO,17640027,Bahadurgarh sub division,17530008,Rohtak Division,17300001,Haryana Circle,HPO,10200,
17660444,12411101,HR080114000,Madina SO,17360014,Rohtak HO,17640029,Rohtak Sub Division,17530008,Rohtak Division,17300001,Haryana Circle,SPO,1800,
17660421,12440101,HR080102000,Bhalaut SO,17360014,Rohtak HO,17640027,Bahadurgarh Sub Division,17530008,Rohtak Division,17300001,Haryana Circle,SPO,1800,
17660459,12400109,HR080134000,Rohtak Town SO,17360014,Rohtak HO,17640029,Rohtak Sub Division,17530008,Rohtak Division,17300001,Haryana Circle,SPO,1800,
17660436,12400105,HR080130000,Jhajjar Road Rohtak SO,17360014,Rohtak HO,17640029,Rohtak Sub Division,17530008,Rohtak Division,17300001,Haryana Circle,SPO,1200,
17660438,12441201,HR080108000,Kahnaur SO,17360014,Rohtak HO,17640029,Rohtak Sub Division,17530008,Rohtak Division,17300001,Haryana Circle,SPO,1800,
17660430,12400102,HR080127000,Gandhi Camp SO,17360014,Rohtak HO,17640029,Rohtak Sub Division,17530008,Rohtak Division,17300001,Haryana Circle,SPO,2640,
17660419,12414201,HR080139000,Bahu SO,17360014,Rohtak HO,17640028,Jhajjar Sub Division,17530008,Rohtak Division,17300001,Haryana Circle,SPO,1200,
17660460,12414601,HR080119000,Sahlawas SO,17360014,Rohtak HO,17640028,Jhajjar Sub Division,17530008,Rohtak Division,17300001,Haryana Circle,SPO,1800,
17660426,12410701,HR080104000,Dighal SO,17360014,Rohtak HO,17640028,Jhajjar Sub Division,17530008,Rohtak Division,17300001,Haryana Circle,SPO,1800,
17660418,12450702,HR080211000,Bahadurgarh Sector 6 SO,17360013,Bahadurgarh HO,17640027,Bahadurgarh sub division,17530008,Rohtak Division,17300001,Haryana Circle,SPO,1200,
17660458,12400108,HR080136000,Rohtak Sector I SO,17360014,Rohtak HO,17640029,Rohtak Sub Division,17530008,Rohtak Division,17300001,Haryana Circle,SPO,1200,
17660417,12450801,HR080210000,Bahadurgarh Mandi SO,17360013,Bahadurgarh HO,17640027,Bahadurgarh sub division,17530008,Rohtak Division,17300001,Haryana Circle,SPO,2640,
17660455,12451301,HR080123000,Nindana SO,17360014,Rohtak HO,17640029,Rohtak Sub Division,17530008,Rohtak Division,17300001,Haryana Circle,SPO,1200,
17660437,12410302,HR080107000,Jhajjar SO,17360014,Rohtak HO,17640028,Jhajjar Sub Division,17530008,Rohtak Division,17300001,Haryana Circle,SPO,8400,
17660448,12400113,HR080140000,MD University Rohtak SO,17360014,Rohtak HO,17640029,Rohtak Sub Division,17530008,Rohtak Division,17300001,Haryana Circle,SPO,1200,
17660441,12451401,HR080112000,Lakhan Majra SO,17360014,Rohtak HO,17640029,Rohtak Sub Division,17530008,Rohtak Division,17300001,Haryana Circle,SPO,1800,
17660423,12450401,HR080203000,Charra SO,17360013,Bahadurgarh HO,17640027,Bahadurgarh sub division,17530008,Rohtak Division,17300001,Haryana Circle,SPO,1200,
17660440,12440601,HR080110000,Kansala SO,17360014,Rohtak HO,17640027,Bahadurgarh Sub Division,17530008,Rohtak Division,17300001,Haryana Circle,SPO,1200,
17660424,12410301,HR080141000,Court Complex Jhajjar SO,17360014,Rohtak HO,17640028,Jhajjar Sub Division,17530008,Rohtak Division,17300001,Haryana Circle,SPO,1200,
17660445,12450705,HR080209000,Main Bazar Bahadurgarh SO,17360013,Bahadurgarh HO,17640027,Bahadurgarh sub division,17530008,Rohtak Division,17300001,Haryana Circle,SPO,1200,
17660414,12450501,HR080201000,Assaudha SO,17360013,Bahadurgarh HO,17640027,Bahadurgarh sub division,17530008,Rohtak Division,17300001,Haryana Circle,SPO,1800,
17660452,12400107,HR080132000,Model Town SO Rohtak,17360014,Rohtak HO,17640029,Rohtak Sub Division,17530008,Rohtak Division,17300001,Haryana Circle,SPO,2640,
17660435,12400104,HR080129000,Janta Colony Rohtak SO,17360014,Rohtak HO,17640029,Rohtak Sub Division,17530008,Rohtak Division,17300001,Haryana Circle,SPO,1800,
17660422,12400112,HR080142000,Bus Stand,17360014,Rohtak HO,17640029,Rohtak Sub Division,17530008,Rohtak Division,17300001,Haryana Circle,SPO,1200,
17660427,12400101,HR080126000,DLF Colony Rohtak SO,17360014,Rohtak HO,17640029,Rohtak Sub Division,17530008,Rohtak Division,17300001,Haryana Circle,SPO,1200,
17660451,12451501,HR080157000,MET Dadri Toe S.O,17360014,Rohtak HO,17640028,Jhajjar Sub Division,17530008,Rohtak Division,17300001,Haryana Circle,SPO,1200,
17660413,12441101,HR080122000,Anwal SO,17360014,Rohtak HO,17640029,Rohtak Sub Division,17530008,Rohtak Division,17300001,Haryana Circle,SPO,1200,
17660454,12410401,HR080118000,Nehru College Jhajjar SO,17360014,Rohtak HO,17640028,Jhajjar Sub Division,17530008,Rohtak Division,17300001,Haryana Circle,SPO,1800,
17660431,12400103,HR080128000,Gohana Road SO Rohtak,17360014,Rohtak HO,17640029,Rohtak Sub Division,17530008,Rohtak Division,17300001,Haryana Circle,SPO,1200,
17660446,12450601,HR080206000,Mandothi SO,17360013,Bahadurgarh HO,17640027,Bahadurgarh sub division,17530008,Rohtak Division,17300001,Haryana Circle,SPO,1200,
17660420,12420101,HR080101000,Beri SO,17360014,Rohtak HO,17640028,Jhajjar Sub Division,17530008,Rohtak Division,17300001,Haryana Circle,SPO,2640,
17660461,12450101,HR080205000,Sampla SO,17360013,Bahadurgarh HO,17640027,Bahadurgarh sub division,17530008,Rohtak Division,17300001,Haryana Circle,SPO,3600,
17660457,12414101,HR080133000,Power Plant Jharli SO,17360014,Rohtak HO,17640028,Jhajjar Sub Division,17530008,Rohtak Division,17300001,Haryana Circle,SPO,1200,
17660456,12401001,HR080138000,Police Training Center Sunaria SO,17360014,Rohtak HO,17640029,Rohtak Sub Division,17530008,Rohtak Division,17300001,Haryana Circle,SPO,1200,
17660450,12411201,HR080116000,Mehem SO,17360014,Rohtak HO,17640028,Rohtak Sub Division,17530008,Rohtak Division,17300001,Haryana Circle,SPO,3600,
17660447,12410601,HR080115000,Matanhail SO,17360014,Rohtak HO,17640028,Jhajjar Sub Division,17530008,Rohtak Division,17300001,Haryana Circle,SPO,2640,
17660434,12400115,HR080169000,Indra Colony Rohtak S.O,17360014,Rohtak HO,17640029,Rohtak Sub Division,17530008,Rohtak Division,17300001,Haryana Circle,SPO,1200,
17660432,12440401,HR080204000,Hassangarh SO,17360013,Bahadurgarh HO,17640027,Bahadurgarh sub division,17530008,Rohtak Division,17300001,Haryana Circle,SPO,1200,
17660429,12410201,HR080106000,Dujana SO,17360014,Rohtak HO,17640028,Jhajjar Sub Division,17530008,Rohtak Division,17300001,Haryana Circle,SPO,1200,
17660428,12420201,HR080105000,Dubaldhan SO,17360014,Rohtak HO,17640028,Jhajjar Sub Division,17530008,Rohtak Division,17300001,Haryana Circle,SPO,1200,
17660425,12410901,HR080103000,Dhakla SO,17360014,Rohtak HO,17640028,Jhajjar Sub Division,17530008,Rohtak Division,17300001,Haryana Circle,SPO,1800,
17360014,12400100,HR080100000,Rohtak HO,17360014,Rohtak HO,17640029,Rohtak Sub Division,17530008,Rohtak Division,17300001,Haryana Circle,HPO,10200,
17102167,O0187,HR090101004,Qumaspur BO,17660465,Bahalgarh SO,17640031,Sonipat Sub Division,17530009,Sonipat Division,17300001,Haryana Circle,BPO,600,
17102132,O0186,HR090101003,Khewra BO,17660465,Bahalgarh SO,17640031,Sonipat Sub Division,17530009,Sonipat Division,17300001,Haryana Circle,BPO,600,
17102088,O0185,HR090101002,Deepalpur BO,17660465,Bahalgarh SO,17640031,Sonipat Sub Division,17530009,Sonipat Division,17300001,Haryana Circle,BPO,600,
17102066,O0184,HR090101001,Baroli BO,17660465,Bahalgarh SO,17640031,Sonipat Sub Division,17530009,Sonipat Division,17300001,Haryana Circle,BPO,600,
17102153,M1782,HR090117006,Nahra BO,17660489,Nahri SO,17640031,Sonipat Sub Division,17530009,Sonipat Division,17300001,Haryana Circle,BPO,600,
17102147,M1781,HR090117005,Mandaura BO,17660489,Nahri SO,17640031,Sonipat Sub Division,17530009,Sonipat Division,17300001,Haryana Circle,BPO,600,
17102131,M1780,HR090117004,Kheri Manajat BO,17660489,Nahri SO,17640031,Sonipat Sub Division,17530009,Sonipat Division,17300001,Haryana Circle,BPO,600,
17102105,M1779,HR090117003,Halalpur BO,17660489,Nahri SO,17640031,Sonipat Sub Division,17530009,Sonipat Division,17300001,Haryana Circle,BPO,600,
17102083,M1778,HR090117002,Chhatera Bahadurpur BO,17660489,Nahri SO,17640031,Sonipat Sub Division,17530009,Sonipat Division,17300001,Haryana Circle,BPO,600,
17102056,M1777,HR090117001,Akabarpur Barota BO,17660489,Nahri SO,17640031,Sonipat Sub Division,17530009,Sonipat Division,17300001,Haryana Circle,BPO,600,
17102190,M1776,HR090107004,Silana BO,17660472,Farmana SO,17640030,Gohana Sub Division,17530009,Sonipat Division,17300001,Haryana Circle,BPO,600,
17102110,M1775,HR090107003,Jasrana BO,17660472,Farmana SO,17640030,Gohana Sub Division,17530009,Sonipat Division,17300001,Haryana Circle,BPO,600,
17102103,M1774,HR090107002,Guhna BO,17660472,Farmana SO,17640030,Gohana Sub Division,17530009,Sonipat Division,17300001,Haryana Circle,BPO,600,
17102102,M1773,HR090107001,Gorar BO,17660472,Farmana SO,17640030,Gohana Sub Division,17530009,Sonipat Division,17300001,Haryana Circle,BPO,600,
17102096,M1772,HR090107005,Sisana BO,17660472,Farmana SO,17640030,Gohana Sub Division,17530009,Sonipat Division,17300001,Haryana Circle,BPO,600,
17102154,M0982,HR090111004,Nangal Kalan BO,17660481,Jakhauli SO,17640031,Sonipat Sub Division,17530009,Sonipat Division,17300001,Haryana Circle,BPO,600,
17102146,M0981,HR090111003,Manauli BO,17660481,Jakhauli SO,17640031,Sonipat Sub Division,17530009,Sonipat Division,17300001,Haryana Circle,BPO,600,
17102116,M0980,HR090111002,Jhundpur BO,17660481,Jakhauli SO,17640031,Sonipat Sub Division,17530009,Sonipat Division,17300001,Haryana Circle,BPO,600,
17102059,M0979,HR090111001,Aterna BO,17660481,Jakhauli SO,17640031,Sonipat Sub Division,17530009,Sonipat Division,17300001,Haryana Circle,BPO,600,
17102120,M0954,HR090120004,Kanwali BO,17660494,Rohat SO Sonipat,17640031,Sonipat Sub Division,17530009,Sonipat Division,17300001,Haryana Circle,BPO,600,
17102114,M0953,HR090120003,Jharot BO,17660494,Rohat SO Sonipat,17640031,Sonipat Sub Division,17530009,Sonipat Division,17300001,Haryana Circle,BPO,600,
17102079,M0952,HR090120002,Bindroli BO,17660494,Rohat SO Sonipat,17640031,Sonipat Sub Division,17530009,Sonipat Division,17300001,Haryana Circle,BPO,600,
17102060,M0951,HR090120001,Badhana BO,17660494,Rohat SO Sonipat,17640031,Sonipat Sub Division,17530009,Sonipat Division,17300001,Haryana Circle,BPO,600,
17102191,L8606,HR090112005,Sitawali BO,17660482,Juan SO,17640031,Sonipat Sub Division,17530009,Sonipat Division,17300001,Haryana Circle,BPO,600,
17102177,L8605,HR090112004,Rolad Latifpur BO,17660482,Juan SO,17640031,Sonipat Sub Division,17530009,Sonipat Division,17300001,Haryana Circle,BPO,600,
17102143,L8604,HR090112003,Mahra II BO,17660482,Juan SO,17640031,Sonipat Sub Division,17530009,Sonipat Division,17300001,Haryana Circle,BPO,600,
17102121,L8603,HR090112002,Karewari BO,17660482,Juan SO,17640031,Sonipat Sub Division,17530009,Sonipat Division,17300001,Haryana Circle,BPO,600,
17102080,L8602,HR090112001,Bohla BO,17660482,Juan SO,17640031,Sonipat Sub Division,17530009,Sonipat Division,17300001,Haryana Circle,BPO,600,
17102165,L8257,HR090119005,Pugthala BO,17660491,Purkhas SO,17640030,Gohana Sub Division,17530009,Sonipat Division,17300001,Haryana Circle,BPO,600,
17102160,L8256,HR090119004,Panchi Jatan BO,17660491,Purkhas SO,17640030,Gohana Sub Division,17530009,Sonipat Division,17300001,Haryana Circle,BPO,600,
17102152,L8255,HR090119003,Moi Majri BO,17660491,Purkhas SO,17640030,Gohana Sub Division,17530009,Sonipat Division,17300001,Haryana Circle,BPO,600,
17102118,L8254,HR090119002,Kailana BO,17660491,Purkhas SO,17640030,Gohana Sub Division,17530009,Sonipat Division,17300001,Haryana Circle,BPO,600,
17102061,L8253,HR090119001,Bajana Khurd BO,17660491,Purkhas SO,17640030,Gohana Sub Division,17530009,Sonipat Division,17300001,Haryana Circle,BPO,600,
17102195,L8182,HR090103002,Tihar Bagru BO,17660468,Bhatgaon SO Sonipat,17640031,Sonipat Sub Division,17530009,Sonipat Division,17300001,Haryana Circle,BPO,600,
17102180,L8181,HR090103001,Salimsar Majra BO,17660468,Bhatgaon SO Sonipat,17640031,Sonipat Sub Division,17530009,Sonipat Division,17300001,Haryana Circle,BPO,600,
17102186,L6257,HR090116006,Shamri BO,17660487,Mundlana SO,17640030,Gohana Sub Division,17530009,Sonipat Division,17300001,Haryana Circle,BPO,600,
17102113,L6256,HR090116005,Jawahra BO,17660487,Mundlana SO,17640030,Gohana Sub Division,17530009,Sonipat Division,17300001,Haryana Circle,BPO,600,
17102091,L6255,HR090116004,Dhurana BO,17660487,Mundlana SO,17640030,Gohana Sub Division,17530009,Sonipat Division,17300001,Haryana Circle,BPO,600,
17102086,L6254,HR090116002,Chirana BO,17660487,Mundlana SO,17640030,Gohana Sub Division,17530009,Sonipat Division,17300001,Haryana Circle,BPO,600,
17102084,L6253,HR090116003,Chhatera BO,17660487,Mundlana SO,17640030,Gohana Sub Division,17530009,Sonipat Division,17300001,Haryana Circle,BPO,600,
17102081,L6252,HR090116001,Busana BO,17660487,Mundlana SO,17640030,Gohana Sub Division,17530009,Sonipat Division,17300001,Haryana Circle,BPO,600,
17102175,L6200,HR090104005,Riwara BO,17660467,Bhainswal Kalan SO,17640030,Gohana Sub Division,17530009,Sonipat Division,17300001,Haryana Circle,BPO,600,
17102125,L6199,HR090104004,Katwal BO,17660467,Bhainswal Kalan SO,17640030,Gohana Sub Division,17530009,Sonipat Division,17300001,Haryana Circle,BPO,600,
17102099,L6198,HR090104002,Giwana BO,17660467,Bhainswal Kalan SO,17640030,Gohana Sub Division,17530009,Sonipat Division,17300001,Haryana Circle,BPO,600,
17102057,L6197,HR090104006,Anwali BO,17660467,Bhainswal Kalan SO,17640030,Gohana Sub Division,17530009,Sonipat Division,17300001,Haryana Circle,BPO,600,
17102196,L4481,HR090109024,Tihar BO,17660478,Gohana SO,17640030,Gohana Sub Division,17530009,Sonipat Division,17300001,Haryana Circle,BPO,600,
17102189,L4480,HR090109023,Sikenderpur Majra BO,17660478,Gohana SO,17640030,Gohana Sub Division,17530009,Sonipat Division,17300001,Haryana Circle,BPO,600,
17102178,L4479,HR090109022,Rukhi BO,17660478,Gohana SO,17640030,Gohana Sub Division,17530009,Sonipat Division,17300001,Haryana Circle,BPO,600,
17102168,L4478,HR090109021,Rabhra BO,17660478,Gohana SO,17640030,Gohana Sub Division,17530009,Sonipat Division,17300001,Haryana Circle,BPO,600,
17102166,L4477,HR090109020,Puthi BO,17660478,Gohana SO,17640030,Gohana Sub Division,17530009,Sonipat Division,17300001,Haryana Circle,BPO,600,
17102156,L4476,HR090109019,Nayat BO,17660478,Gohana SO,17640030,Gohana Sub Division,17530009,Sonipat Division,17300001,Haryana Circle,BPO,600,
17102151,L4475,HR090109018,Moi Hooda BO,17660478,Gohana SO,17640030,Gohana Sub Division,17530009,Sonipat Division,17300001,Haryana Circle,BPO,600,
17102149,L4474,HR090109017,Mehmoodpur BO,17660478,Gohana SO,17640030,Gohana Sub Division,17530009,Sonipat Division,17300001,Haryana Circle,BPO,600,
17102144,L4473,HR090109015,Mahra I BO,17660478,Gohana SO,17640030,Gohana Sub Division,17530009,Sonipat Division,17300001,Haryana Circle,BPO,600,
17102142,L4472,HR090109016,Madina BO,17660478,Gohana SO,17640030,Gohana Sub Division,17530009,Sonipat Division,17300001,Haryana Circle,BPO,600,
17102140,L4471,HR090109014,Lath BO,17660478,Gohana SO,17640030,Gohana Sub Division,17530009,Sonipat Division,17300001,Haryana Circle,BPO,600,
17102129,L4470,HR090109013,Kheri Damkan BO,17660478,Gohana SO,17640030,Gohana Sub Division,17530009,Sonipat Division,17300001,Haryana Circle,BPO,600,
17102127,L4469,HR090109012,Khandrai BO,17660478,Gohana SO,17640030,Gohana Sub Division,17530009,Sonipat Division,17300001,Haryana Circle,BPO,600,
17102124,L4468,HR090109010,Kathura BO,17660478,Gohana SO,17640030,Gohana Sub Division,17530009,Sonipat Division,17300001,Haryana Circle,BPO,600,
17102123,L4467,HR090109011,Kathura Block BO,17660478,Gohana SO,17640030,Gohana Sub Division,17530009,Sonipat Division,17300001,Haryana Circle,BPO,600,
17102112,L4466,HR090109009,Jauli BO,17660478,Gohana SO,17640030,Gohana Sub Division,17530009,Sonipat Division,17300001,Haryana Circle,BPO,600,
17102107,L4465,HR090109008,Jagsi BO,17660478,Gohana SO,17640030,Gohana Sub Division,17530009,Sonipat Division,17300001,Haryana Circle,BPO,600,
17102085,L4464,HR090109007,Chhichrana BO,17660478,Gohana SO,17640030,Gohana Sub Division,17530009,Sonipat Division,17300001,Haryana Circle,BPO,600,
17102077,L4463,HR090109006,Bidhal Pinana BO,17660478,Gohana SO,17640030,Gohana Sub Division,17530009,Sonipat Division,17300001,Haryana Circle,BPO,600,
17102076,L4462,HR090109005,Bidhal BO,17660478,Gohana SO,17640030,Gohana Sub Division,17530009,Sonipat Division,17300001,Haryana Circle,BPO,600,
17102073,L4461,HR090109004,Bhainswan Khurd BO,17660478,Gohana SO,17640030,Gohana Sub Division,17530009,Sonipat Division,17300001,Haryana Circle,BPO,600,
17102068,L4460,HR090109003,Barota BO,17660478,Gohana SO,17640030,Gohana Sub Division,17530009,Sonipat Division,17300001,Haryana Circle,BPO,600,
17102062,L4459,HR090109002,Bali Brahmnan BO,17660478,Gohana SO,17640030,Gohana Sub Division,17530009,Sonipat Division,17300001,Haryana Circle,BPO,600,
17102055,L4458,HR090109001,Ahulana Gohana BO,17660478,Gohana SO,17640030,Gohana Sub Division,17530009,Sonipat Division,17300001,Haryana Circle,BPO,600,
17102169,L4374,HR090118002,Rai BO,17660490,P.S. Rai SO,17640031,Sonipat Sub Division,17530009,Sonipat Division,17300001,Haryana Circle,BPO,600,
17102164,L4373,HR090118004,Pritampura BO,17660490,P.S. Rai SO,17640031,Sonipat Sub Division,17530009,Sonipat Division,17300001,Haryana Circle,BPO,600,
17102155,L4372,HR090118001,Nathupur BO,17660490,P.S. Rai SO,17640031,Sonipat Sub Division,17530009,Sonipat Division,17300001,Haryana Circle,BPO,600,
17102111,L4371,HR090118003,Jatheri BO,17660490,P.S. Rai SO,17640031,Sonipat Sub Division,17530009,Sonipat Division,17300001,Haryana Circle,BPO,600,
17102193,J9563,HR090114013,Thana Kalan BO,17660484,Kharkhauda SO,17640030,Gohana Sub Division,17530009,Sonipat Division,17300001,Haryana Circle,BPO,600,
17102192,J9562,HR090114012,Sohti BO,17660484,Kharkhauda SO,17640030,Gohana Sub Division,17530009,Sonipat Division,17300001,Haryana Circle,BPO,600,
17102184,J9561,HR090114011,Sehri BO,17660484,Kharkhauda SO,17640030,Gohana Sub Division,17530009,Sonipat Division,17300001,Haryana Circle,BPO,600,
17102179,J9560,HR090114010,Saidpur BO,17660484,Kharkhauda SO,17640030,Gohana Sub Division,17530009,Sonipat Division,17300001,Haryana Circle,BPO,600,
17102176,J9559,HR090114009,Rohna BO,17660484,Kharkhauda SO,17640030,Gohana Sub Division,17530009,Sonipat Division,17300001,Haryana Circle,BPO,600,
17102162,J9558,HR090114008,Pipli BO,17660484,Kharkhauda SO,17640030,Gohana Sub Division,17530009,Sonipat Division,17300001,Haryana Circle,BPO,600,
17102161,J9557,HR090114007,Pehladpur Kiroli BO,17660484,Kharkhauda SO,17640030,Gohana Sub Division,17530009,Sonipat Division,17300001,Haryana Circle,BPO,600,
17102136,J9556,HR090114006,Kundal BO,17660484,Kharkhauda SO,17640030,Gohana Sub Division,17530009,Sonipat Division,17300001,Haryana Circle,BPO,600,
17102126,J9555,HR090114005,Khanda BO,17660484,Kharkhauda SO,17640030,Gohana Sub Division,17530009,Sonipat Division,17300001,Haryana Circle,BPO,600,
17102101,J9554,HR090114004,Gopalpur BO,17660484,Kharkhauda SO,17640030,Gohana Sub Division,17530009,Sonipat Division,17300001,Haryana Circle,BPO,600,
17102100,J9553,HR090114003,GK Matindu BO,17660484,Kharkhauda SO,17640030,Gohana Sub Division,17530009,Sonipat Division,17300001,Haryana Circle,BPO,600,
17102078,J9552,HR090114002,Bidhlan BO,17660484,Kharkhauda SO,17640030,Gohana Sub Division,17530009,Sonipat Division,17300001,Haryana Circle,BPO,600,
17102067,J9551,HR090114001,Barona BO,17660484,Kharkhauda SO,17640030,Gohana Sub Division,17530009,Sonipat Division,17300001,Haryana Circle,BPO,600,
17102182,J8906,HR090106005,Sanpera BO,17660471,Engg College Murthal SO,17640031,Sonipat Sub Division,17530009,Sonipat Division,17300001,Haryana Circle,BPO,600,
17102163,J8905,HR090106004,Pipli Khera BO,17660471,Engg College Murthal SO,17640031,Sonipat Sub Division,17530009,Sonipat Division,17300001,Haryana Circle,BPO,600,
17102139,J8904,HR090106003,Larsauli BO,17660471,Engg College Murthal SO,17640031,Sonipat Sub Division,17530009,Sonipat Division,17300001,Haryana Circle,BPO,600,
17102138,J8903,HR090106002,Kurar Brahimpur BO,17660471,Engg College Murthal SO,17640031,Sonipat Sub Division,17530009,Sonipat Division,17300001,Haryana Circle,BPO,600,
17102072,J8902,HR090106001,Bhagan BO,17660471,Engg College Murthal SO,17640031,Sonipat Sub Division,17530009,Sonipat Division,17300001,Haryana Circle,BPO,600,
17102173,J8901,HR090102004,Rindhana BO,17660466,Baroda SO,17640030,Gohana Sub Division,17530009,Sonipat Division,17300001,Haryana Circle,BPO,600,
17102090,J8900,HR090102003,Dhanana Ahladpur BO,17660466,Baroda SO,17640030,Gohana Sub Division,17530009,Sonipat Division,17300001,Haryana Circle,BPO,600,
17102082,J8899,HR090102002,Chhapra BO,17660466,Baroda SO,17640030,Gohana Sub Division,17530009,Sonipat Division,17300001,Haryana Circle,BPO,600,
17102064,J8898,HR090102001,Banwasa BO,17660466,Baroda SO,17640030,Gohana Sub Division,17530009,Sonipat Division,17300001,Haryana Circle,BPO,600,
17102104,G7032,HR090108008,Gumar BO,17660474,Ganaur SO,17640031,Sonipat Sub Division,17530009,Sonipat Division,17300001,Haryana Circle,BPO,600,
17102071,G7031,HR090108004,Bega BO,17660474,Ganaur SO,17640031,Sonipat Sub Division,17530009,Sonipat Division,17300001,Haryana Circle,BPO,600,
17102135,G6563,HR090105005,Kohla BO,17660470,Butana SO,17640030,Gohana Sub Division,17530009,Sonipat Division,17300001,Haryana Circle,BPO,600,
17102194,F9697,HR090100014,Tharu Oldepur BO,17360015,Sonipat HO,17640031,Sonipat Sub Division,17530009,Sonipat Division,17300001,Haryana Circle,BPO,600,
17102150,F9696,HR090100008,Mohana BO,17360015,Sonipat HO,17640031,Sonipat Sub Division,17530009,Sonipat Division,17300001,Haryana Circle,BPO,600,
17102170,F8472,HR090108013,Rajpur BO,17660474,Ganaur SO,17640031,Sonipat Sub Division,17530009,Sonipat Division,17300001,Haryana Circle,BPO,600,
17102063,F8471,HR090108002,Bali Qutubpur BO,17660474,Ganaur SO,17640031,Sonipat Sub Division,17530009,Sonipat Division,17300001,Haryana Circle,BPO,600,
17102158,F7984,HR090105007,Nuran Khera BO,17660470,Butana SO,17640030,Gohana Sub Division,17530009,Sonipat Division,17300001,Haryana Circle,BPO,600,
17102157,F7983,HR090105006,Nizampur BO,17660470,Butana SO,17640030,Gohana Sub Division,17530009,Sonipat Division,17300001,Haryana Circle,BPO,600,
17102115,F7982,HR090105004,JHS Butana BO,17660470,Butana SO,17640030,Gohana Sub Division,17530009,Sonipat Division,17300001,Haryana Circle,BPO,600,
17102109,F7688,HR090110001,Janti Kalan BO,17660480,Industrial Estate Kundli SO,17640031,Sonipat Sub Division,17530009,Sonipat Division,17300001,Haryana Circle,BPO,600,
17102119,F1289,HR090100005,Kakroi BO,17360015,Sonipat HO,17640031,Sonipat Sub Division,17530009,Sonipat Division,17300001,Haryana Circle,BPO,600,
17102098,F0052,HR090108007,Ghasauli BO,17660474,Ganaur SO,17640031,Sonipat Sub Division,17530009,Sonipat Division,17300001,Haryana Circle,BPO,600,
17102171,E2929,HR090100009,Rathdhana BO,17360015,Sonipat HO,17640031,Sonipat Sub Division,17530009,Sonipat Division,17300001,Haryana Circle,BPO,600,
17102188,E1661,HR090108014,Sheikhpura BO,17660474,Ganaur SO,17640031,Sonipat Sub Division,17530009,Sonipat Division,17300001,Haryana Circle,BPO,600,
17102134,E1660,HR090108011,Khubru BO,17660474,Ganaur SO,17640031,Sonipat Sub Division,17530009,Sonipat Division,17300001,Haryana Circle,BPO,600,
17102095,E1659,HR090108006,Garhi Rajlu BO,17660474,Ganaur SO,17640031,Sonipat Sub Division,17530009,Sonipat Division,17300001,Haryana Circle,BPO,600,
17102065,E1658,HR090108003,Bari BO,17660474,Ganaur SO,17640031,Sonipat Sub Division,17530009,Sonipat Division,17300001,Haryana Circle,BPO,600,
17102097,E1208,HR090105003,Garhwal BO,17660470,Butana SO,17640030,Gohana Sub Division,17530009,Sonipat Division,17300001,Haryana Circle,BPO,600,
17102108,E1023,HR090115003,Jainpur BO,17660488,Murthal SO,17640031,Sonipat Sub Division,17530009,Sonipat Division,17300001,Haryana Circle,BPO,600,
17102137,E0897,HR090110002,Kundli BO,17660480,Industrial Estate Kundli SO,17640031,Sonipat Sub Division,17530009,Sonipat Division,17300001,Haryana Circle,BPO,600,
17102128,E0708,HR090113003,Khanpur Kalan BO,17660483,Kanyagurukul Khanpur SO,17640030,Gohana Sub Division,17530009,Sonipat Division,17300001,Haryana Circle,BPO,600,
17102122,E0707,HR090113002,Kasandi BO,17660483,Kanyagurukul Khanpur SO,17640030,Gohana Sub Division,17530009,Sonipat Division,17300001,Haryana Circle,BPO,600,
17102187,D4614,HR090100013,Shapur Turk BO,17360015,Sonipat HO,17640031,Sonipat Sub Division,17530009,Sonipat Division,17300001,Haryana Circle,BPO,600,
17102174,D4613,HR090100016,Rishikul Vidyapeeth BO,17360015,Sonipat HO,17640031,Sonipat Sub Division,17530009,Sonipat Division,17300001,Haryana Circle,BPO,600,
17102148,D4612,HR090100007,Mehlana BO,17360015,Sonipat HO,17640031,Sonipat Sub Division,17530009,Sonipat Division,17300001,Haryana Circle,BPO,600,
17102133,D3379,HR090108010,Khizarpur Ahir BO,17660474,Ganaur SO,17640031,Sonipat Sub Division,17530009,Sonipat Division,17300001,Haryana Circle,BPO,600,
17102130,D3378,HR090108009,Kheri Gujjar BO,17660474,Ganaur SO,17640031,Sonipat Sub Division,17530009,Sonipat Division,17300001,Haryana Circle,BPO,600,
17102087,D3377,HR090108005,Datauli BO,17660474,Ganaur SO,17640031,Sonipat Sub Division,17530009,Sonipat Division,17300001,Haryana Circle,BPO,600,
17102094,D2870,HR090105002,Gangana BO,17660470,Butana SO,17640030,Gohana Sub Division,17530009,Sonipat Division,17300001,Haryana Circle,BPO,600,
17102145,D2683,HR090115002,Malikpur BO,17660488,Murthal SO,17640031,Sonipat Sub Division,17530009,Sonipat Division,17300001,Haryana Circle,BPO,600,
17102093,D2364,HR090113001,Ganewari BO,17660483,Kanyagurukul Khanpur SO,17640030,Gohana Sub Division,17530009,Sonipat Division,17300001,Haryana Circle,BPO,600,
17102141,C6243,HR090100006,Lehrara BO,17360015,Sonipat HO,17640031,Sonipat Sub Division,17530009,Sonipat Division,17300001,Haryana Circle,BPO,600,
17102069,C6242,HR090100001,Barwasni BO,17360015,Sonipat HO,17640031,Sonipat Sub Division,17530009,Sonipat Division,17300001,Haryana Circle,BPO,600,
17102074,C4590,HR090105001,Bhawar BO,17660470,Butana SO,17640030,Gohana Sub Division,17530009,Sonipat Division,17300001,Haryana Circle,BPO,600,
17102181,B7818,HR090100012,Sandal Kalan BO,17360015,Sonipat HO,17640031,Sonipat Sub Division,17530009,Sonipat Division,17300001,Haryana Circle,BPO,600,
17102089,B7817,HR090100015,Delhi Road BO,17360015,Sonipat HO,17640031,Sonipat Sub Division,17530009,Sonipat Division,17300001,Haryana Circle,BPO,600,
17102070,B7816,HR090100002,Bayanpur BO,17360015,Sonipat HO,17640031,Sonipat Sub Division,17530009,Sonipat Division,17300001,Haryana Circle,BPO,600,
17102058,B5942,HR090115001,Asadpur Nandnaur BO,17660488,Murthal SO,17640031,Sonipat Sub Division,17530009,Sonipat Division,17300001,Haryana Circle,BPO,600,
17102117,AO934,HR090101383,Joshi Chauhan BO,17660465,Bahalgarh SO,17640031,Sonipat Sub Division,17530009,Sonipat Division,17300001,Haryana Circle,BPO,600,
17102172,A9414,HR090100010,Rattangarh BO,17360015,Sonipat HO,17640031,Sonipat Sub Division,17530009,Sonipat Division,17300001,Haryana Circle,BPO,600,
17102092,A9413,HR090100003,Fazilpur BO,17360015,Sonipat HO,17640031,Sonipat Sub Division,17530009,Sonipat Division,17300001,Haryana Circle,BPO,600,
17102159,A8171,HR090108012,Panchi Gujran BO,17660474,Ganaur SO,17640031,Sonipat Sub Division,17530009,Sonipat Division,17300001,Haryana Circle,BPO,600,
17102054,A8170,HR090108001,Ahulana Ganaur BO,17660474,Ganaur SO,17640031,Sonipat Sub Division,17530009,Sonipat Division,17300001,Haryana Circle,BPO,600,
17102075,A7692,HR090105008,Bichpari BO,17660470,Butana SO,17640030,Gohana Sub Division,17530009,Sonipat Division,17300001,Haryana Circle,BPO,600,
17102185,A7376,HR090110005,Sersa BO,17660480,Industrial Estate Kundli SO,17640031,Sonipat Sub Division,17530009,Sonipat Division,17300001,Haryana Circle,BPO,600,
17102183,A7184,HR090113004,Saragthal BO,17660483,Kanyagurukul Khanpur SO,17640030,Gohana Sub Division,17530009,Sonipat Division,17300001,Haryana Circle,BPO,600,
17102106,A0936,HR090100004,Harsana Kalan BO,17360015,Sonipat HO,17640031,Sonipat Sub Division,17530009,Sonipat Division,17300001,Haryana Circle,BPO,600,
17660469,13130101,HR090122000,Bus Stand Gohana SO,17360015,Sonipat HO,17640030,Gohana Sub Division,17530009,Sonipat Division,17300001,Haryana Circle,SPO,1200,
17660492,13100108,HR090130000,Ram Bazar SO Sonipat,17360015,Sonipat HO,17640031,Sonipat Sub Division,17530009,Sonipat Division,17300001,Haryana Circle,SPO,1200,
17660478,13130103,HR090109000,Gohana SO,17360015,Sonipat HO,17640030,Gohana Sub Division,17530009,Sonipat Division,17300001,Haryana Circle,SPO,8400,
17660484,13140201,HR090114000,Kharkhauda SO,17360015,Sonipat HO,17640030,Gohana Sub Division,17530009,Sonipat Division,17300001,Haryana Circle,SPO,3600,
17660476,13130102,HR090125000,Gohana Mandi SO,17360015,Sonipat HO,17640030,Gohana Sub Division,17530009,Sonipat Division,17300001,Haryana Circle,SPO,1200,
17660467,13140901,HR090104000,Bhainswal Kalan SO,17360015,Sonipat HO,17640030,Gohana Sub Division,17530009,Sonipat Division,17300001,Haryana Circle,SPO,1200,
17660483,13130501,HR090113000,Kanyagurukul Khanpur SO,17360015,Sonipat HO,17640030,Gohana Sub Division,17530009,Sonipat Division,17300001,Haryana Circle,SPO,1800,
17660472,13140801,HR090107000,Farmana SO,17360015,Sonipat HO,17640030,Gohana Sub Division,17530009,Sonipat Division,17300001,Haryana Circle,SPO,1200,
17660470,13130201,HR090105000,Butana SO,17360015,Sonipat HO,17640030,Gohana Sub Division,17530009,Sonipat Division,17300001,Haryana Circle,SPO,1800,
17660466,13130401,HR090102000,Baroda SO,17360015,Sonipat HO,17640030,Gohana Sub Division,17530009,Sonipat Division,17300001,Haryana Circle,SPO,1200,
17660486,13100107,HR090129000,Model Town SO Sonipat,17360015,Sonipat HO,17640031,Sonipat Sub Division,17530009,Sonipat Division,17300001,Haryana Circle,SPO,1800,
17660485,13130104,HR090136000,Mini Sectt Gohana SO,17360015,Sonipat HO,17640030,Gohana Sub Division,17530009,Sonipat Division,17300001,Haryana Circle,SPO,1200,
17660471,13103901,HR090106000,Engg College Murthal SO,17360015,Sonipat HO,17640031,Sonipat Sub Division,17530009,Sonipat Division,17300001,Haryana Circle,SPO,1200,
17660468,13102201,HR090103000,Bhatgaon SO Sonipat,17360015,Sonipat HO,17640031,Sonipat Sub Division,17530009,Sonipat Division,17300001,Haryana Circle,SPO,1200,
17660465,13102101,HR090101000,Bahalgarh SO,17360015,Sonipat HO,17640031,Sonipat Sub Division,17530009,Sonipat Division,17300001,Haryana Circle,SPO,1800,
17660488,13102701,HR090115000,Murthal SO,17360015,Sonipat HO,17640031,Sonipat Sub Division,17530009,Sonipat Division,17300001,Haryana Circle,SPO,1800,
17660477,13100104,HR090126000,Gohana Road SO Sonipat,17360015,Sonipat HO,17640031,Sonipat Sub Division,17530009,Sonipat Division,17300001,Haryana Circle,SPO,1200,
17660482,13102401,HR090112000,Juan SO,17360015,Sonipat HO,17640031,Sonipat Sub Division,17530009,Sonipat Division,17300001,Haryana Circle,SPO,1200,
17660480,13102801,HR090110000,Industrial Estate Kundli SO,17360015,Sonipat HO,17640031,Sonipat Sub Division,17530009,Sonipat Division,17300001,Haryana Circle,SPO,2640,
17660479,13100105,HR090127000,Housing Board Colony SO Sonipat,17360015,Sonipat HO,17640031,Sonipat Sub Division,17530009,Sonipat Division,17300001,Haryana Circle,SPO,1200,
17660464,13100101,HR090121000,Atlas Cycle SO,17360015,Sonipat HO,17640031,Sonipat Sub Division,17530009,Sonipat Division,17300001,Haryana Circle,SPO,1200,
17660491,13110201,HR090119000,Purkhas SO,17360015,Sonipat HO,17640030,Gohana Sub Division,17530009,Sonipat Division,17300001,Haryana Circle,SPO,1200,
17660495,13100110,HR090134000,Sonipat Kutchery SO,17360015,Sonipat HO,17640031,Sonipat Sub Division,17530009,Sonipat Division,17300001,Haryana Circle,SPO,1200,
17660494,13140301,HR090120000,Rohat SO Sonipat,17360015,Sonipat HO,17640031,Sonipat Sub Division,17530009,Sonipat Division,17300001,Haryana Circle,SPO,1200,
17660493,13100109,HR090131000,Rathdhana Road SO Sonipat,17360015,Sonipat HO,17640031,Sonipat Sub Division,17530009,Sonipat Division,17300001,Haryana Circle,SPO,1200,
17660490,13102901,HR090118000,P.S. Rai SO,17360015,Sonipat HO,17640031,Sonipat Sub Division,17530009,Sonipat Division,17300001,Haryana Circle,SPO,1800,
17660489,13110301,HR090117000,Nahri SO,17360015,Sonipat HO,17640031,Sonipat Sub Division,17530009,Sonipat Division,17300001,Haryana Circle,SPO,1800,
17660481,13102301,HR090111000,Jakhauli SO,17360015,Sonipat HO,17640031,Sonipat Sub Division,17530009,Sonipat Division,17300001,Haryana Circle,SPO,1200,
17660475,13100103,HR090123000,Ganzbazar SO,17360015,Sonipat HO,17640031,Sonipat Sub Division,17530009,Sonipat Division,17300001,Haryana Circle,SPO,1200,
17660474,13110102,HR090108000,Ganaur SO,17360015,Sonipat HO,17640031,Sonipat Sub Division,17530009,Sonipat Division,17300001,Haryana Circle,SPO,3600,
17660473,13110101,HR090124000,Ganaur City SO,17360015,Sonipat HO,17640031,Sonipat Sub Division,17530009,Sonipat Division,17300001,Haryana Circle,SPO,1200,
17660487,13130601,HR090116000,Mundlana SO,17360015,Sonipat HO,17640030,Gohana Sub Division,17530009,Sonipat Division,17300001,Haryana Circle,SPO,1200,
17360015,13100100,HR090100000,Sonipat HO,17360015,Sonipat HO,17640030,Sonipat Sub Division,17530009,Sonipat Division,17300001,Haryana Circle,HPO,10200,
17660496,13100111,HR090133000,Sonipat Mandi SO,17360015,Sonipat HO,17640031,Sonipat Sub Division,17530009,Sonipat Division,17300001,Haryana Circle,SPO,1200,
17660497,13100112,HR090132000,Sector 14 SO Sonipat,17360015,Sonipat HO,17640031,Sonipat Sub Division,17530009,Sonipat Division,17300001,Haryana Circle,SPO,1200,
17660508,12345678,XY123456789,Mini Secretariat Ganaur,17360015,Sonipat HO,17640031,Sonipat Sub Division,17530009,Sonipat Division,17300001,Haryana Circle,SPO,1200,
