Name,SOL_ID_BO_ID,SO Name,MIS,PPFGP,SSA,RD,SBBAS,SBSGP,SCSS,TD,PRFTS,KVN,NSC8,MSSC
Adhoya S.O,13320501,,3.0,4.0,2.0,9.0,,21.0,2.0,48.0,,,2.0,
Adhoyi B.O,I1895,Adhoya S.O,,,,,,,,7.0,,,,
Akbarpur B.O,E6739,Naraingarh S.O,,,,,,1.0,,,,,,
Alhar B.O,I4674,Radaur S.O,,,2.0,4.0,,5.0,,1.0,,,,
Alipur Jahangir B.O,L4928,Dhin S.O,,,,,,,,4.0,,,,
Amadalpur B.O,I3760,Buriya S.O,,,1.0,1.0,,5.0,,18.0,,,,
Ambala  City Kucthery S.O,13400302,,6.0,3.0,4.0,33.0,,12.0,24.0,47.0,,1.0,12.0,
Ambala City H.O,13400300,,54.0,5.0,13.0,105.0,,51.0,25.0,224.0,,22.0,89.0,
Ambala G.P.O.,13300100,,106.0,12.0,21.0,81.0,,105.0,55.0,571.0,,24.0,169.0,
Ambli B.O,A4738,Naraingarh S.O,,,7.0,6.0,,9.0,,5.0,,,,
Amravati  Enclave SO,13410501,,4.0,1.0,4.0,12.0,,11.0,7.0,6.0,,4.0,12.0,
Anaj Mandi S.O (Ambala),13400303,,2.0,,7.0,48.0,,32.0,11.0,48.0,,2.0,18.0,
Aurangabad B.O,C3780,Jagdhari Work Shop S.O,,,4.0,1.0,,5.0,,,,,,
Azizpur B.O,A7315,Sarawan S.O,,,1.0,2.0,,4.0,,1.0,,,,
B.C.W. Suraj Pur S.O,13330101,,1.0,2.0,6.0,5.0,,12.0,2.0,27.0,,2.0,,
Babyal S.O,13300501,,5.0,,6.0,11.0,,21.0,3.0,39.0,,2.0,11.0,
Bakana B.O,I4675,Radaur S.O,,,1.0,,,2.0,,11.0,,,,
Bakarwala B.O,L7175,Partap Nagar S.O,,,,,,4.0,,13.0,,,,
Baknaur B.O,M6327,Durga Nagar S.O,,,,,,4.0,,6.0,,,,
Balachaur B.O,J7326,Chhachrauli S.O,,,4.0,,,4.0,,,,,,
Baladwala BO,AP186,Raipur Rani S.O,,,1.0,,,5.0,,,,,,
Balchhapar B.O,A6103,Jagadhri S.O,,,2.0,3.0,,5.0,,1.0,,,,
Baldev Nagar S.O,13400701,,12.0,2.0,7.0,66.0,0.0,37.0,4.0,112.0,,20.0,19.0,
Ballana B.O,M6328,Durga Nagar S.O,,,,1.0,,,,,,,,
Banidi B.O,I4676,Radaur S.O,,,5.0,2.0,,4.0,,12.0,,,,
Bapa B.O,I4677,Radaur S.O,,,1.0,,,,,4.0,,,,
Baragaon B.O,B3218,Naraingarh S.O,,,1.0,12.0,,5.0,,,,,,
Barara S.O,13320101,,8.0,1.0,11.0,43.0,,39.0,9.0,143.0,,12.0,12.0,
Baraula B.O,B6562,Majri S.O,,,,3.0,,1.0,,7.0,,,,
Barsan B.O,I4678,Radaur S.O,,,,,,,,2.0,,,,
Barwala S.O (Panchkula),13411801,,2.0,6.0,9.0,112.0,,37.0,2.0,61.0,,1.0,20.0,
Basatianwala B.O,G9892,Bilaspur (Yamunanagar) S.O,,,2.0,2.0,,2.0,,4.0,,,,
Basolan B.O,I3638,Pinjore S.O,,,1.0,3.0,,,,,,,,
Bazar Basti Ram S.O,13400304,,13.0,1.0,2.0,32.0,,2.0,8.0,76.0,,7.0,24.0,
Benaundi B.O,J9666,Shahzadpur S.O.,,,,4.0,,7.0,,8.0,,,,
Bhadauli B.O,G3613,Naraingarh S.O,,,3.0,2.0,,4.0,,2.0,,,,
Bhagu Majra B.O,I4679,Radaur S.O,,,2.0,30.0,,1.0,,,,,,
Bhambol B.O,L4393,Saraswati Nagar S.O,,,3.0,,1.0,4.0,,9.0,,,,
Bhanokheri B.O,M6329,Durga Nagar S.O,,,3.0,6.0,,1.0,,2.0,,,,
Bhareli B.O,I5065,Barwala S.O (Panchkula),,,1.0,1.0,,,,4.0,,,,
Bhareri Kalan B.O,G3614,Naraingarh S.O,,,1.0,1.0,,5.0,,3.0,,,,
Bharog B.O,M0017,Jatwar S.O,,,,2.0,,4.0,,4.0,,,,
Bhatia Nagar S.O,13500101,,27.0,1.0,3.0,82.0,,38.0,12.0,157.0,,8.0,56.0,
Bherthal B.O,A6104,Jagadhri S.O,,,1.0,1.0,,5.0,,4.0,,,,
Bhudkalan S.O,13510601,,,,0.0,5.0,,4.0,,5.0,,1.0,1.0,
Bhurewala B.O,E6740,Naraingarh S.O,,,3.0,34.0,,8.0,,12.0,,,,
Bihta S.O (Ambala),13310101,,2.0,,5.0,6.0,,9.0,1.0,20.0,,,4.0,
Bilaspur (Yamunanagar) S.O,13510201,,5.0,,9.0,64.0,,38.0,3.0,120.0,,6.0,12.0,
Bilauli B.O,J7327,Chhachrauli S.O,,,3.0,6.0,,5.0,,6.0,,,,
Billa B.O,I5066,Barwala S.O (Panchkula),,,2.0,,,,,1.0,,,,
Binjalpur B.O,F7637,Sarawan S.O,,,1.0,2.0,,6.0,,6.0,,,,
Boh B.O,C4406,Defence Colony S.O,,,2.0,5.0,,6.0,,5.0,,,,
Bubka B.O,I4680,Radaur S.O,,,1.0,18.0,,1.0,,,,,,
Budhangpur B.O,M6330,Durga Nagar S.O,,,,1.0,,2.0,,3.0,,,,
Buriya S.O,13510101,,2.0,,11.0,38.0,,32.0,6.0,66.0,,6.0,8.0,
C.R.P.F. Pinjore S.O,13410401,,1.0,,9.0,11.0,,11.0,6.0,15.0,,,,
Cagnoli B.O,G9893,Bilaspur (Yamunanagar) S.O,,,,1.0,,2.0,,,,,,
Chamrori B.O,I4681,Radaur S.O,,,,,,3.0,,7.0,,,,
Chandi Mandir Cantt S.O,13410701,,13.0,2.0,1.0,9.0,,6.0,,5.0,,,1.0,
Chandi Mandir S.O,13410702,,1.0,1.0,1.0,13.0,,5.0,,6.0,,,13.0,
Chauli B.O,G9894,Bilaspur (Yamunanagar) S.O,,,7.0,,,,,1.0,,,,
Chaurmastpur B.O,M6331,Durga Nagar S.O,,,4.0,1.0,,1.0,,2.0,,,,
Chhachrauli S.O,13510301,,6.0,1.0,13.0,65.0,,43.0,14.0,210.0,,4.0,14.0,
Chhappar B.O,L4394,Saraswati Nagar S.O,,,1.0,26.0,,5.0,,2.0,,,,
Chiken B.O,I3639,Pinjore S.O,,,,,,1.0,,,,,,
Chudiala B.O,J7217,Kesri S.O,,,2.0,3.0,,2.0,,3.0,,,,
Commissioner Court S.O,13300102,,4.0,,2.0,12.0,,4.0,7.0,18.0,,,1.0,
D.A.V.College S.O,13400305,,11.0,4.0,2.0,7.0,,9.0,5.0,49.0,,2.0,33.0,
Dadupur B.O,G5048,Jagadhri S.O,,,2.0,6.0,,,,,,,,
Damaloan B.O,I3640,Pinjore S.O,,,1.0,2.0,,2.0,,,,,,
Damla B.O,D2044,Jagdhari Work Shop S.O,,,4.0,1.0,,3.0,,3.0,,,,
Danipur B.O,M6332,Durga Nagar S.O,,,1.0,,,,,,,,,
Darpur B.O,J7328,Chhachrauli S.O,,,,3.0,,7.0,,,,,,
Dayalgarh B.O,G9895,Bilaspur (Yamunanagar) S.O,,,2.0,2.0,,1.0,,1.0,,,,
Defence Colony S.O,13301001,,8.0,3.0,2.0,9.0,,13.0,2.0,19.0,,2.0,1.0,
Deodhar B.O,L7176,Partap Nagar S.O,,,,2.0,,3.0,,15.0,,,,
Derasalimpur B.O,I1907,Barara S.O,,,2.0,3.0,,1.0,,5.0,,,,
Devi Nagar B.O,A6320,Panchkula Sector 8 S.O,,,,2.0,,,,,,,,
Dhanana B.O,M0018,Jatwar S.O,,,1.0,,,1.0,,,,,,
Dhanaura B.O,G7187,Mullana S.O,,,2.0,10.0,,8.0,,3.0,,,,
Dhankaur B.O,F8558,Baldev Nagar S.O,,,,1.0,,1.0,,,,,,
Dhin S.O,13320201,,,1.0,1.0,22.0,,13.0,1.0,23.0,,0.0,3.0,
Dhulkot B.O,E1759,Baldev Nagar S.O,,,,,,1.0,,,,,,
Dhurkara B.O,M6333,Durga Nagar S.O,,,,1.0,,,,,,,,
Dinarpur B.O,J7218,Kesri S.O,,,1.0,2.0,,4.0,,1.0,,,,
Dukheri B.O,G7014,Kuldeep Nagar S.O,,,1.0,2.0,,7.0,,2.0,,,,
Duliani B.O,L4929,Dhin S.O,,,4.0,,,5.0,,10.0,,1.0,,
Durana B.O,E1639,Majri S.O,,,1.0,,,,,8.0,,,,
Durga Nagar S.O,13400801,,6.0,,6.0,2.0,,9.0,3.0,22.0,,,2.0,
Fatehgarh B.O,M0019,Jatwar S.O,,,,2.0,,2.0,,11.0,,,,
Fatehgarh Tumbi B.O,C4196,Sarawan S.O,,,1.0,2.0,,5.0,,2.0,,,,
Fatehpur B.O,I3761,Buriya S.O,,,3.0,4.0,,4.0,,2.0,,,,
Gadhaula B.O,L4395,Saraswati Nagar S.O,,,1.0,2.0,,2.0,,,,,,
Gadhauli B.O,A4739,Naraingarh S.O,,,4.0,1.0,,16.0,,4.0,,,,
Ganeshpur B.O,J9667,Shahzadpur S.O.,,,,,,6.0,,3.0,,,,
Garhi Kotaha B.O,L3938,Raipur Rani S.O,,,4.0,2.0,,4.0,,6.0,,,,
Geeta Nagri S.O,13400702,,5.0,,6.0,26.0,,14.0,1.0,40.0,,6.0,4.0,
Ghail B.O,D3475,Baldev Nagar S.O,,,1.0,,,,,4.0,,,,
Ghillaur B.O,I4682,Radaur S.O,,,2.0,20.0,,,,,,,,
Gobind Nagar S.O,13300103,,16.0,,,42.0,,17.0,15.0,73.0,,6.0,19.0,
Gokal Garh B.O,A8327,Mullana S.O,,,,,,1.0,,,,,,
Gudhiana B.O,L4396,Saraswati Nagar S.O,,,,,,6.0,,2.0,,,,
Gumthala Rao B.O,I4683,Radaur S.O,,,2.0,,,1.0,,,,,,
H.M.T.Pinjore S.O,13410101,,26.0,,,10.0,,10.0,7.0,2.0,,,7.0,
Hafizpur B.O,E8776,Jagdhari Work Shop S.O,,,2.0,4.0,,4.0,,4.0,,,,
Haibatpur B.O,E9253,Sarawan S.O,,,2.0,2.0,,3.0,,5.0,,,,
Hamida S.O,13500106,,,,3.0,34.0,,8.0,1.0,66.0,,10.0,20.0,
Hamidpur B.O,D0005,Naraingarh S.O,,,2.0,5.0,,10.0,,2.0,,,,
Hangola B.O,L3939,Raipur Rani S.O,,,3.0,1.0,,7.0,,1.0,,,,
Hangoli B.O,L4397,Saraswati Nagar S.O,,,3.0,4.0,,1.0,,,,,,
Hargolal S.O,13300104,,29.0,,7.0,94.0,,23.0,1.0,214.0,,22.0,44.0,
Haripur B.O,L3940,Raipur Rani S.O,,,2.0,,,,,,,,,
Harnaul B.O,A6845,Jagdhari Work Shop S.O,,,,1.0,,1.0,,,,,,
Hartan B.O,I4684,Radaur S.O,,,2.0,24.0,,,,,,,,
Haveli B.O,E9263,Sadhaura S.O,,,,1.0,,4.0,,27.0,,,,
Holi B.O,I1908,Barara S.O,,,,4.0,,3.0,,2.0,,,,
I.T.B.P.  Bhanu S.O,13410301,,,,,1.0,,1.0,,2.0,,,,
Ind estate S.O,13300601,,2.0,2.0,4.0,10.0,,8.0,4.0,30.0,,,7.0,
Jagadhri Court S.O,13500301,,5.0,1.0,,17.0,,8.0,2.0,12.0,,,19.0,
Jagadhri S.O,13500302,,38.0,3.0,18.0,136.0,,65.0,15.0,204.0,,21.0,62.0,
Jagadhri Town S.O,13500303,,12.0,,4.0,131.0,,39.0,7.0,137.0,,12.0,44.0,
Jagdhari Work Shop S.O,13500201,,9.0,,9.0,58.0,,23.0,9.0,95.0,,6.0,12.0,
Jagdholi B.O,L4398,Saraswati Nagar S.O,,,2.0,9.0,,3.0,,3.0,,,,
Jaidhari B.O,I3762,Buriya S.O,,,4.0,5.0,,4.0,,,,,,
Jalbera B.O,M6334,Durga Nagar S.O,,,,,,2.0,,10.0,,,,
Jaloli B.O,I5067,Barwala S.O (Panchkula),,,1.0,2.0,,,,7.0,,,,
Jandli S.O,13400501,,3.0,,8.0,8.0,,14.0,3.0,12.0,,,1.0,
Jansui B.O,M6335,Durga Nagar S.O,,,,1.0,,3.0,,5.0,,,,
Jathlana B.O,I4685,Radaur S.O,,,5.0,1.0,,4.0,,9.0,,,,
Jatwar S.O,13420101,,1.0,6.0,4.0,13.0,0.0,11.0,,58.0,,1.0,,
Jeoli B.O,F5103,Naraingarh S.O,,,4.0,7.0,,4.0,,12.0,,,,
Jroda B.O,D1364,Jagadhri S.O,,,2.0,2.0,,2.0,,4.0,,,,
Jubbal B.O,I4686,Radaur S.O,,,1.0,3.0,,1.0,,15.0,,,,
Judicial Complex Panchkula S.O,13410801,,1.0,1.0,4.0,4.0,,3.0,,2.0,,,3.0,
Kacha Bazar S.O,13300105,,22.0,,3.0,57.0,,14.0,1.0,120.0,,7.0,20.0,
Kakarmajra B.O,J9668,Shahzadpur S.O.,,,,6.0,,3.0,,2.0,,,,
Kakroo B.O,E1760,Baldev Nagar S.O,,,,1.0,,,,,,,,
Kalanaur B.O,L7568,Thermal Colony Yamuna Nagar S.O,,,2.0,,,1.0,,2.0,,,,
Kalarehri B.O,E1024,Defence Colony S.O,,,,5.0,,3.0,,3.0,,,,
Kalawar B.O,L4399,Saraswati Nagar S.O,,,3.0,8.0,,3.0,,1.0,,,,
Kalesar B.O,L4336,Bhudkalan S.O,,,2.0,6.0,,1.0,,,,,,
Kalka R.S. S.O,13330201,,5.0,,1.0,17.0,,11.0,4.0,52.0,,6.0,9.0,
Kalka S.O,13330202,,26.0,,13.0,73.0,,37.0,16.0,81.0,,15.0,25.0,
Kalpi B.O,L4364,Saha S.O,,,1.0,,,4.0,,,,,,
Kambassi B.O,I1896,Adhoya S.O,,,2.0,,,1.0,,7.0,,,,
Kandhari Kalan B.O,L4400,Saraswati Nagar S.O,,,2.0,29.0,,3.0,,3.0,,,,
Kandiwala B.O,L3941,Raipur Rani S.O,,,5.0,2.0,,2.0,,3.0,,,,
Karasan B.O,J9669,Shahzadpur S.O.,,,4.0,,,4.0,,2.0,,,,
Kaserla Kalan B.O,I1897,Adhoya S.O,,,,,,6.0,,,,,,
Kathe Majra B.O,B3219,Naraingarh S.O,,,4.0,11.0,,6.0,,3.0,,,,
Kathgarh Chhappar B.O,M6336,Durga Nagar S.O,,,2.0,,,,,,,,,
Keshopur Samalkha B.O,L3889,Bihta S.O (Ambala),,,,1.0,,1.0,,4.0,,,,
Kesri S.O,13310201,,1.0,,3.0,10.0,,11.0,,8.0,,,2.0,
Khadri B.O,I3763,Buriya S.O,,,3.0,3.0,,3.0,,4.0,,,,
Khanpur B.O,J7219,Kesri S.O,,,,1.0,,1.0,,6.0,,,,
Khanpur Brahmana B.O,M0020,Jatwar S.O,,,4.0,4.0,,,,,,,,
Kharanwali B.O,A5884,Kalka S.O,,,3.0,,,,,,,,,
Kharwan B.O,A6105,Jagadhri S.O,,,2.0,5.0,,1.0,,8.0,,,,
Khatauli B.O,I5068,Barwala S.O (Panchkula),,,,,,,,4.0,,,,
Khera B.O,B4561,Jagadhri S.O,,,2.0,,,2.0,,,,,,
Khera Khurd B.O,L7569,Thermal Colony Yamuna Nagar S.O,,,,3.0,,2.0,,,,,,
Khetpurali B.O,L3942,Raipur Rani S.O,,,,,,1.0,,2.0,,,,
Khudda Kalan B.O,L4365,Saha S.O,,,2.0,4.0,,4.0,,8.0,,,,
Khurdban B.O,I4687,Radaur S.O,,,4.0,,,6.0,,17.0,,,,
Kopal Mochan B.O,G9896,Bilaspur (Yamunanagar) S.O,,,,2.0,,3.0,,1.0,,,,
Korwakhurd B.O,J9670,Shahzadpur S.O.,,,1.0,,,5.0,,3.0,,,,
Kot B.O,I5069,Barwala S.O (Panchkula),,,1.0,2.0,,,,2.0,,,,
Kot Kalsia B.O,J7329,Chhachrauli S.O,,,2.0,18.0,,3.0,,3.0,,,,
Kuldeep Nagar S.O,13300401,,,,2.0,4.0,,5.0,,15.0,,,,
Kurali B.O,F5104,Naraingarh S.O,,,2.0,2.0,,7.0,,8.0,,,,
Laha B.O,F5105,Naraingarh S.O,,,2.0,11.0,,2.0,,1.0,,,,
Laharpur B.O,F7642,Sadhaura S.O,,,1.0,1.0,1.0,6.0,,4.0,,,,
Lakhnaura B.O,B3220,Naraingarh S.O,,,8.0,1.0,,9.0,,4.0,,,,
Lalheri Kalan B.O,J7330,Chhachrauli S.O,,,,,,,,15.0,,,,
Lalpur B.O,C1670,Naraingarh S.O,,,3.0,6.0,,6.0,,5.0,,,,
Landa B.O,J7220,Kesri S.O,,,,1.0,,,,,,,,
Ledi B.O,J7331,Chhachrauli S.O,,,4.0,2.0,,2.0,,1.0,,,,
Lohgarh B.O,AM125,Baldev Nagar S.O,,,,,,,,1.0,,,,
M.M.E.Complex Mulana S.O,13320701,,2.0,,1.0,3.0,,6.0,,2.0,,,,
Machrauli B.O,G9897,Bilaspur (Yamunanagar) S.O,,,2.0,2.0,,2.0,,,,,,
Mahesh Nagar S.O,13300107,,16.0,1.0,,24.0,,13.0,8.0,100.0,,4.0,22.0,
Majri S.O,13300801,,,1.0,0.0,0.0,,6.0,,5.0,,,,
Malikpur Khadar B.O,L4337,Bhudkalan S.O,,,1.0,,,3.0,,2.0,,,,
Mallah B.O,I3641,Pinjore S.O,,,1.0,,,,,,,,,
Manak  Tabra B.O,L3943,Raipur Rani S.O,,,1.0,1.0,,1.0,,,,,,
Mandhana B.O,L3886,Morni S.O,,,1.0,3.0,,,,,,,,
Mandhar B.O,I4688,Radaur S.O,,,2.0,,,1.0,,,,,,
Mandhar B.O,B4562,Jagadhri S.O,,,1.0,8.0,,,,1.0,,,,
Manglore B.O,G9899,Bilaspur (Yamunanagar) S.O,,,1.0,2.0,,3.0,,4.0,,,,
Manka Manki B.O,L4930,Dhin S.O,,,1.0,,,,,1.0,,,,
Mansa  Devi Sec 5 S.O,13411401,,8.0,1.0,1.0,1.0,,5.0,2.0,4.0,,1.0,2.0,
Manu Majra B.O,I1898,Adhoya S.O,,,1.0,9.0,,1.0,,1.0,,,,
Mardon Sahib B.O,B6563,Majri S.O,,,,,,,,1.0,,,,
Marwa Kalan B.O,G9900,Bilaspur (Yamunanagar) S.O,,,3.0,,,2.0,,5.0,,,,
Marwa Khurd B.O,G9901,Bilaspur (Yamunanagar) S.O,,,,9.0,,7.0,,6.0,,,,
MATHERI SEIKHAN,M6337,Durga Nagar S.O,,,3.0,1.0,,9.0,,2.0,,,,
Mauli B.O,I5070,Barwala S.O (Panchkula),,,4.0,,,1.0,,,,,,
Mehar Majra B.O,I3764,Buriya S.O,,,3.0,15.0,,,,1.0,,,,
Mehlanwali B.O,C3070,Jagadhri S.O,,,2.0,1.0,,1.0,,2.0,,,,
Mehmoodpur B.O,D2499,Sadhaura S.O,,,2.0,,,2.0,,3.0,,,,
Mehmoodpur B.O,L4366,Saha S.O,,,3.0,,,4.0,,10.0,,,,
Milakpur Banger B.O,G9898,Bilaspur (Yamunanagar) S.O,,,3.0,,,5.0,,1.0,,,,
Model Town Ambala City S.O,13400306,,9.0,3.0,4.0,27.0,,13.0,8.0,44.0,,2.0,15.0,
Model Town S.O (Yamuna Nagar),13500103,,10.0,,,51.0,,11.0,4.0,52.0,,15.0,29.0,
Mohra B.O,C5002,Kuldeep Nagar S.O,,,2.0,1.0,,3.0,,2.0,,,,
Morni S.O,13420501,,,,2.0,20.0,,12.0,1.0,20.0,,,3.0,
Mud Hut Colony S.O,13500104,,4.0,1.0,8.0,15.0,,37.0,5.0,45.0,,11.0,13.0,
Mullana S.O,13320302,,,,4.0,14.0,,28.0,,149.0,,10.0,20.0,
Mussimbal B.O,B4563,Jagadhri S.O,,,1.0,,,2.0,,4.0,,,,
Muzafatkalan B.O,L7177,Partap Nagar S.O,,,2.0,,,3.0,,5.0,,,,
Nachron B.O,I4689,Radaur S.O,,,1.0,1.0,,,,,,,,
NAGGAL,M6338,Durga Nagar S.O,,,2.0,4.0,,2.0,,11.0,,,,
Nagla Jattan B.O,J7221,Kesri S.O,,,1.0,1.0,,8.0,,6.0,,,,
Nahar Pur B.O,L7571,Thermal Colony Yamuna Nagar S.O,,,1.0,,,,,4.0,,,,
Nahoni B.O,L4367,Saha S.O,,,,,,7.0,,6.0,,,,
Nanakpur B.O,I3642,Pinjore S.O,,,5.0,3.0,,1.0,,2.0,,,,
NANEOLA,M6339,Durga Nagar S.O,,,9.0,4.0,,3.0,,10.0,,,,
Naraingarh S.O,13420301,,14.0,2.0,16.0,173.0,,57.0,3.0,220.0,,17.0,39.0,
Nasrauli B.O,M0021,Jatwar S.O,,,1.0,2.0,,2.0,,8.0,,,,
Noshera B.O,D2500,Sadhaura S.O,,,,53.0,,4.0,,2.0,,,,
Pabni Kalan B.O,C3071,Jagadhri S.O,,,,3.0,,1.0,,1.0,,,,
Palam Vihar S.O (Ambala),13300108,,4.0,1.0,1.0,6.0,,15.0,4.0,26.0,,1.0,8.0,
Panchkula Sector 12 S.O,13411201,,10.0,1.0,5.0,11.0,,6.0,5.0,9.0,,3.0,10.0,
Panchkula Sector 4 S.O,13411202,,27.0,,3.0,53.0,1.0,28.0,7.0,45.0,,1.0,41.0,
Panchkula Sector 8 S.O,13410901,,45.0,6.0,10.0,86.0,,30.0,20.0,110.0,,9.0,91.0,
Panjlasa B.O,A4740,Naraingarh S.O,,,2.0,2.0,,2.0,,1.0,,,,
Panjokhara Sahib B.O,G7114,Baldev Nagar S.O,,,1.0,2.0,1.0,5.0,,4.0,,,,
Pansra B.O,L7572,Thermal Colony Yamuna Nagar S.O,,,2.0,2.0,,8.0,,,,,,
Parkash Chowk S.O,13500304,,1.0,1.0,,3.0,,9.0,,15.0,,1.0,1.0,
Partap Nagar S.O,13502101,,1.0,,5.0,14.0,,14.0,1.0,29.0,,2.0,1.0,
Pasiala B.O,J7222,Kesri S.O,,,2.0,,,1.0,,2.0,,,,
Pathreri B.O,J9671,Shahzadpur S.O.,,,1.0,,,,,8.0,,,,
Patwi B.O,M0022,Jatwar S.O,,,1.0,3.0,,,,,,,,
Pilkhani B.O,L4368,Saha S.O,,,3.0,,,4.0,,2.0,,,,
Pinjore S.O,13410201,,11.0,,4.0,49.0,,22.0,13.0,60.0,,3.0,25.0,
Pipli Majra B.O,L4338,Bhudkalan S.O,,,,3.0,,2.0,,,,,,
Pipliwala B.O,A7323,Sadhaura S.O,,,,62.0,,1.0,,20.0,,,,
Preet Nagar S.O (Ambala),13400308,,5.0,,,1.0,,4.0,2.0,12.0,,,2.0,
Prem Nagar S.O (Ambala),13400309,,9.0,1.0,1.0,37.0,,8.0,15.0,105.0,,1.0,41.0,
Punjabi Mohalla S.O,13300109,,4.0,2.0,2.0,1.0,,4.0,6.0,18.0,,1.0,6.0,
Radaur S.O,13513301,,2.0,2.0,9.0,64.0,,39.0,7.0,60.0,,6.0,15.0,
Railly B.O,B4769,Panchkula Sector 8 S.O,,,1.0,3.0,,1.0,,,,,,
Railway Road Ambala City S.O,13400310,,7.0,,3.0,40.0,,17.0,7.0,83.0,,2.0,14.0,
Raipur Rani S.O,13420401,,5.0,1.0,12.0,44.0,,26.0,4.0,41.0,,8.0,5.0,
Raiwali B.O,I5071,Barwala S.O (Panchkula),,,3.0,4.0,,5.0,,3.0,,,,
Rajo Kheri B.O,I1909,Barara S.O,,,2.0,3.0,,9.0,,7.0,,,,
Rajouli B.O,I1910,Barara S.O,,,2.0,,,5.0,,4.0,,,,
Ram Pura Olony S.O,13500105,,12.0,1.0,4.0,37.0,,8.0,6.0,111.0,,28.0,15.0,
Ramgarh B.O,I5072,Barwala S.O (Panchkula),,,4.0,5.0,,8.0,,4.0,,,,
Rampur Khadar B.O,I3765,Buriya S.O,,,2.0,3.0,,3.0,,2.0,,,,
Rasulpur B.O,F7643,Sadhaura S.O,,,1.0,,,2.0,,5.0,,,,
Rattewali B.O,I5073,Barwala S.O (Panchkula),,,3.0,1.0,,,,4.0,,,,
Sabapur B.O,I3766,Buriya S.O,,,1.0,5.0,,4.0,,1.0,,,,
Sadar Bazar S.O (Ambala),13300110,,26.0,2.0,14.0,65.0,,37.0,25.0,217.0,,11.0,60.0,
Sadhaura S.O,13320401,,8.0,1.0,14.0,41.0,0.0,21.0,1.0,68.0,,2.0,4.0,
Safilpur B.O,B5747,Sadhaura S.O,,,2.0,3.0,,2.0,,2.0,,,,
Saha S.O,13310401,,,,5.0,14.0,,16.0,1.0,40.0,,1.0,4.0,
Sahela B.O,E9254,Sarawan S.O,,,,,,2.0,,2.0,,,,
Salehpur B.O,C4202,Sadhaura S.O,,,,6.0,,,,,,,,
Salimpur Banger B.O,J7332,Chhachrauli S.O,,,,2.0,,1.0,,7.0,,,,
Saran B.O,L4931,Dhin S.O,,,3.0,1.0,,5.0,,12.0,,,,
Saraswati Nagar S.O,13310301,,15.0,1.0,17.0,60.0,0.0,42.0,7.0,77.0,,7.0,5.0,
Sarawan S.O,13320601,,1.0,3.0,4.0,16.0,,18.0,1.0,24.0,,1.0,,
Sardaheri B.O,E0832,Sarawan S.O,,,,2.0,,7.0,,6.0,,,,
Sarsehri B.O,D2684,Babyal S.O,,,4.0,,,3.0,,,,,,
SAUNTA,M6340,Durga Nagar S.O,,,2.0,1.0,,1.0,,3.0,,,,
Sector 15 Panchkula S.O,13411302,,37.0,,19.0,130.0,,44.0,17.0,117.0,,16.0,56.0,
Sector 20 Panchkula S.O,13411701,,6.0,1.0,4.0,23.0,,12.0,12.0,27.0,,2.0,21.0,
Sector 26 Panchkula S.O,13411601,,2.0,1.0,7.0,10.0,,7.0,10.0,8.0,,,2.0,
SEGTI,M6341,Durga Nagar S.O,,,,2.0,,2.0,,1.0,,,,
Sewan Majra B.O,I1899,Adhoya S.O,,,,2.0,,3.0,,7.0,,,,
Shadi Pur B.O,L7573,Thermal Colony Yamuna Nagar S.O,,,,,,1.0,,,,,,
Shah Pur B.O,F8449,Kuldeep Nagar S.O,,,2.0,2.0,,11.0,,10.0,,,,
Shahpur Nurd B.O,G6217,Sarawan S.O,,,3.0,2.0,,6.0,,,,,,
Shahzadpur S.O.,13420201,,2.0,,7.0,70.0,,31.0,4.0,47.0,,2.0,13.0,
Sherpur Sulkhani B.O,D2489,Sarawan S.O,,,1.0,,,1.0,,3.0,,,,
Silikalan B.O,I4690,Radaur S.O,,,1.0,2.0,,1.0,,7.0,,,,
Sohana B.O,E1837,Mullana S.O,,,5.0,,,7.0,,2.0,,,,
Sohata B.O,I1911,Barara S.O,,,1.0,,,3.0,,8.0,,,,
Subzi  Mandi S.O,13400311,,11.0,,4.0,35.0,,15.0,1.0,72.0,,4.0,23.0,
Suketri B.O,G5269,Panchkula Sector 8 S.O,,,1.0,3.0,,1.0,,,,,,
Taharpurkalan B.O,J7333,Chhachrauli S.O,,,2.0,,,2.0,,,,,,
Tajewala B.O,L4339,Bhudkalan S.O,,,5.0,1.0,,5.0,,4.0,,,,
Talakaur B.O,L4401,Saraswati Nagar S.O,,,3.0,4.0,,9.0,,12.0,,,,
Tandwal B.O,I1912,Barara S.O,,,1.0,,,4.0,,6.0,,,,
Tepla B.O,L4370,Saha S.O,,,,2.0,,1.0,,,,,,
Thakar Pura B.O,E1838,Mullana S.O,,,,10.0,,5.0,,,,,,
Tharwa B.O,C5003,Majri S.O,,,,1.0,,,,3.0,,,,
Thermal Colony Yamuna Nagar S.O,13500401,,,,5.0,0.0,,4.0,,1.0,,,,
Thumber B.O,I1900,Adhoya S.O,,,,,,,,2.0,,,,
Tikkar B.O,L3888,Morni S.O,,,1.0,3.0,,,,,,,,
Toda B.O,M0023,Jatwar S.O,,,,3.0,1.0,2.0,,4.0,,,,
Top Khana Bazar S.O,13300111,,10.0,,5.0,31.0,,18.0,3.0,49.0,,2.0,1.0,
Topra Kalan B.O,I4691,Radaur S.O,,,1.0,1.0,,2.0,,2.0,,,,
UDAIPUR,M6342,Durga Nagar S.O,,,1.0,1.0,,3.0,,4.0,,,,
Udhamgarh B.O,D1365,Jagadhri S.O,,,,4.0,,2.0,,5.0,,,,
Ugala B.O,I1901,Adhoya S.O,,,1.0,3.0,,4.0,,2.0,,,,
Uncha Chandna B.O,L4402,Saraswati Nagar S.O,,,,,,4.0,,2.0,,,,
Yamunanagar H.O,13500100,,64.0,9.0,51.0,221.0,,119.0,55.0,429.0,,44.0,124.0,
Zaffarpur B.O,A7316,Sarawan S.O,,,,1.0,,1.0,,1.0,,,,
Achina SO,12730701,,2.0,1.0,2.0,1.0,,3.0,,28.0,,1.0,1.0,
Ajitpura BO,J3462,Manheru SO,,,1.0,1.0,,,,1.0,,,,
Akbarpur BO,J7241,Nangal Chaudhry SO,,,,19.0,,,,3.0,,,,
Akoda BO,J2213,Mohindergarh SO,,,,,,1.0,,,,,,
Arya Nagar BO,F8278,Badhara SO,,,1.0,,,1.0,,,,,,
Atela Khurd BO,H9247,Birhi Kalan SO,,,6.0,1.0,,1.0,,5.0,,,,
Aun BO,H3219,Jhojhu SO,,,1.0,,,1.0,,,,,,
Aun BO,D8690,Baund SO,,,1.0,2.0,,2.0,,1.0,,,,
Azamabad Mukhota BO,F4595,Narnaul HO,,,,6.0,,,,,,,,
Bachhod BO,L9936,Mandi Ateli SO,,,1.0,,,2.0,,8.0,,,,
Badesera BO,G2046,Tigrana SO,,,1.0,,,,,,,,,
Badhara SO,12730801,,5.0,,5.0,31.0,,7.0,3.0,7.0,,,3.0,
Badhawana BO,H3220,Jhojhu SO,,,2.0,,,1.0,,1.0,,,,
Badrai BO,G6832,Nihalgard PO,,,,1.0,,,,3.0,,,,
Baghot BO,G6902,Kanina SO,,,1.0,,,2.0,,,,,,
Bairawas BO,F6455,Nangal Sirohi SO,,,1.0,2.0,,2.0,,9.0,,,,
Bajina BO,F0143,Bapora SO,,,2.0,,,,,,,,,
Baliali BO,L4326,Bawani Khera SO,,,1.0,2.0,,11.0,,1.0,,,,
Bapora SO,12711101,,19.0,2.0,11.0,12.0,,19.0,,30.0,,,1.0,
Barda BO,H0360,Satnali SO,,,,,,2.0,,3.0,,,,
Bardu Chaina BO,L4375,Loharu SO,,,,,,2.0,,1.0,,,,
Barkoda BO,G3093,Narnaul HO,,,,8.0,,,,,,,,
Barsana BO,H9249,Birhi Kalan SO,,,1.0,1.0,,2.0,,4.0,,,,
Barwa SO,12704501,,,,17.0,31.0,,11.0,,23.0,,1.0,,
Barwas BO,L4376,Loharu SO,,,,,,,,10.0,,,,
Basai BO,J2214,Mohindergarh SO,,,,1.0,,,,,,,,
Bashirpur BO,C1131,Narnaul HO,,,1.0,1.0,,1.0,,1.0,,,,
Baund SO,12702501,,5.0,1.0,9.0,13.0,,11.0,3.0,33.0,,,2.0,
Bawana BO,J2215,Mohindergarh SO,,,1.0,2.0,,4.0,,3.0,,,,
Bawani Khera SO,12703201,,2.0,2.0,7.0,43.0,,36.0,11.0,58.0,,3.0,11.0,
Bawania SO,12303401,,6.0,,3.0,32.0,,8.0,1.0,17.0,,1.0,4.0,
Behali BO,L9938,Mandi Ateli SO,,,1.0,1.0,,,,,,,,
Behl SO,12702801,,1.0,,7.0,15.0,,7.0,,18.0,,4.0,,
Beri BO,J2216,Mohindergarh SO,,,,,,,,1.0,,,,
Berla BO,F8279,Nihalgard PO,,,1.0,1.0,,1.0,,,,,,
Bewal BO,L9939,Mandi Ateli SO,,,1.0,,,1.0,,1.0,,,,
Bhagesari BO,A7531,Achina SO,,,,1.0,,2.0,,,,,,
Bhagwi BO,C4405,Achina SO,,,1.0,2.0,,1.0,,,,,,
Bharaf BO,E9937,Kanina SO,,,,,,,,1.0,,,,
Bhariwas BO,N9285,Rodhan SO,,,,,,,,3.0,,,,
Bhera BO,N9286,Rodhan SO,,,2.0,1.0,,2.0,,2.0,,,,
Bhiwani HO,12702100,,49.0,6.0,34.0,220.0,,124.0,25.0,632.0,,22.0,82.0,
Bhocharia BO,L9941,Mandi Ateli SO,,,1.0,1.0,,2.0,,2.0,,,,
Bhojawas BO,I2952,Bawania SO,,,,1.0,,2.0,,,,,,
Bhucholi BO,I2953,Bawania SO,,,1.0,1.0,,1.0,,6.0,,,,
Bhungerka BO,J7243,Nangal Chaudhry SO,,,,,,,,21.0,,,,
Bhurtana BO,G4111,Jamalpur SO Bhiwani,,,2.0,,,1.0,,,,,,
Bhushan BO,N9287,Rodhan SO,,,4.0,,,1.0,,,,,,
Bhushan Kalan BO,C9447,Narnaul HO,,,1.0,3.0,,3.0,,2.0,,,,
Bidhwan BO,J2201,Siwani SO,,,4.0,,,1.0,,4.0,,,,
Bigowa BO,E1022,Achina SO,,,1.0,,,3.0,,27.0,,,,
Biran BO,G7110,Bapora SO,,,2.0,,,1.0,,2.0,,,,
Birhi Kalan SO,12702601,,2.0,2.0,4.0,7.0,,4.0,,5.0,,,,
Birla Colony Bhiwani SO,12702101,,,1.0,5.0,18.0,,18.0,3.0,14.0,,2.0,1.0,
Bisalwas BO,L4377,Loharu SO,,,1.0,,,2.0,,1.0,,,,
Bseh Bhiwani SO,12702102,,,,4.0,1.0,,4.0,,,,,,
Buddin BO,J2217,Mohindergarh SO,,,,1.0,,,,,,,,
Budhwal BO,J7244,Nangal Chaudhry SO,,,1.0,,,,,,,,,
Bus Stand Bhiwani SO,12702103,,,1.0,3.0,22.0,,8.0,,23.0,,,2.0,
Central University Haryana Mohindergarh SO,12303101,,,1.0,3.0,4.0,,3.0,,,,,,
Chahar Khurd BO,L4380,Loharu SO,,,1.0,,,3.0,,1.0,,,,
Chandawas BO,F3604,Kairu SO,,,1.0,1.0,,,,,,,,
Chandeni BO,H3221,Jhojhu SO,,,1.0,3.0,,5.0,,1.0,,,,
Chandwas BO,C4847,Nihalgard PO,,,2.0,3.0,,2.0,,3.0,,,,
Chang Road BO,C4009,Chiriya SO,,,,,,1.0,,3.0,,,,
Chang SO,12702701,,2.0,,7.0,10.0,,17.0,,40.0,,1.0,,
Chappar BO,H9250,Birhi Kalan SO,,,1.0,,,2.0,,1.0,,,,
Charkhi  Dadri Hsgii SO,12730601,,27.0,4.0,15.0,128.0,,60.0,12.0,95.0,,6.0,33.0,
Charkhi BO,B2732,Charkhi  Dadri Hsgii SO,,,,,,2.0,,3.0,,,,
Charkhi Dadri City SO,12730602,,9.0,,8.0,114.0,,49.0,2.0,72.0,,1.0,14.0,
Chillro BO,F4596,Narnaul HO,,,1.0,,,,,20.0,,,,
Chiriya SO,12702201,,,3.0,6.0,2.0,,12.0,,15.0,,,1.0,
Chitrauli BO,D3242,Kanina SO,,,1.0,,,,,,,,,
Dadam BO,E0830,Tosham SO,,,,,,8.0,,1.0,,,,
Dagroli BO,E9884,Nihalgard PO,,,3.0,4.0,,2.0,,,,,,
Dalanwas BO,H0361,Satnali SO,,,1.0,,,,,,,,,
Dalawas BO,F8280,Badhara SO,,,,,,1.0,,1.0,,,,
Dang BO,D3474,Bapora SO,,,2.0,,,1.0,,,,,,
Daroli Ahir BO,D1373,Nangal Sirohi SO,,,1.0,,,1.0,,2.0,,,,
Daryapur BO,C4192,Tosham SO,,,1.0,1.0,,1.0,,,,,,
Devrala BO,C0229,Kairu SO,,,4.0,1.0,,3.0,,,,,,
Devsar BO,B6663,Bapora SO,,,5.0,,,7.0,,,,,,
Dewas BO,I2954,Bawania SO,,,3.0,2.0,,5.0,,11.0,,,,
Dhabdhani BO,J3500,Jui Khurd SO,,,,2.0,,2.0,,2.0,,,,
Dhadhi Adampur BO,H3222,Jhojhu SO,,,1.0,,,,,,,,,
Dhadhi Mandola BO,A4270,Charkhi  Dadri Hsgii SO,,,1.0,,,1.0,,1.0,,,,
Dhadhot BO,J2219,Mohindergarh SO,,,,,,,,1.0,,,,
Dhana BO,I2955,Bawania SO,,,2.0,1.0,,1.0,,4.0,,,,
Dhana Ladan Pur BO,E1757,Neemariwali PO,,,3.0,,,2.0,,5.0,,,,
Dhanaunda BO,D3243,Kanina SO,,,6.0,1.0,,,,2.0,,,,
Dhani Mahu BO,B5738,Tosham SO,,,5.0,,,1.0,,,,,,
Dhani Miran BO,J2202,Siwani SO,,,,,,2.0,,,,,,
Dhani Phogat BO,C1168,Charkhi  Dadri Hsgii SO,,,,,,,,1.0,,,,
Dhanota BO,A4231,Narnaul HO,,,2.0,,,,,,,,,
Dhareru BO,J3463,Manheru SO,,,,,,1.0,,,,,,
Dharson BO,F4597,Narnaul HO,,,2.0,21.0,,1.0,,,,,,
Dhirana BO,G7111,Neemariwali PO,,,,,,1.0,,,,,,
Dholera BO,J7245,Nangal Chaudhry SO,,,,,,3.0,,2.0,,,,
Dhor Kalan BO,E6243,Narnaul HO,,,1.0,,,3.0,,2.0,,,,
Digrota BO,H0362,Satnali SO,,,1.0,,,1.0,,,,,,
Dinod BO,E1758,Bapora SO,,,2.0,,,3.0,,3.0,,,,
Dochana BO,G3094,Narnaul HO,,,2.0,2.0,,1.0,,,,,,
Dohka Harya BO,H9251,Birhi Kalan SO,,,3.0,,,2.0,,,,,,
Dongra Ahir BO,L9942,Mandi Ateli SO,,,3.0,,,4.0,,10.0,,,,
Dublana BO,G3095,Narnaul HO,,,1.0,7.0,,1.0,,1.0,,,,
Dudhwa BO,B5570,Chiriya SO,,,2.0,,,8.0,,8.0,,,,
Dulana BO,J2220,Mohindergarh SO,,,,3.0,,,,1.0,,,,
Dulat Jat BO,L9943,Mandi Ateli SO,,,,16.0,,2.0,,,,,,
Dulheri BO,B5739,Tosham SO,,,2.0,2.0,,1.0,,8.0,,,,
Durjanpur BO,L4328,Bawani Khera SO,,,1.0,9.0,,,,,,,,
Fatehgarh Haryana BO,J3464,Manheru SO,,,4.0,,,1.0,,2.0,,,,
Gainadawas BO,J2203,Siwani SO,,,1.0,,,2.0,,,,,,
Ganiar BO,L9944,Mandi Ateli SO,,,,4.0,,2.0,,1.0,,,,
Garanpura Kalan BO,G6216,Tosham SO,,,7.0,1.0,,2.0,,,,,,
Garhi BO,L9945,Mandi Ateli SO,,,,,,,,1.0,,,,
Ghanghala BO,J2204,Siwani SO,,,3.0,,,,,,,,,
Ghasola BO,G3118,Charkhi  Dadri Hsgii SO,,,3.0,7.0,,,,,,,,
Gignow BO,L4384,Loharu SO,,,1.0,6.0,,,,,,,,
Gokalpur BO,L9946,Mandi Ateli SO,,,1.0,2.0,,1.0,,3.0,,,,
Golagarh BO,J3501,Jui Khurd SO,,,2.0,,,1.0,,,,,,
Golwa BO,J7246,Nangal Chaudhry SO,,,1.0,10.0,,1.0,,40.0,,,,
Gopi BO,A7954,Badhara SO,,,,,,,,1.0,,,,
Gudana Kalan BO,H3223,Jhojhu SO,,,,,,1.0,,1.0,,,,
Gujarwas BO,L9947,Mandi Ateli SO,,,,1.0,,1.0,,,,,,
Gujrani BO,A3298,Tigrana SO,,,4.0,,,,,,,,,
Gurera BO,J2205,Siwani SO,,,2.0,1.0,,,,,,,,
Gurha BO,E9938,Kanina SO,,,,,,6.0,,5.0,,,,
Halu Bajar Bhiwani SO,12702104,,8.0,2.0,10.0,95.0,,27.0,8.0,193.0,,6.0,10.0,
Haluwas BO,G7112,Neemariwali PO,,,3.0,7.0,,2.0,,6.0,,,,
Hamidpur BO,C9448,Narnaul HO,,,,,,1.0,,1.0,,,,
Harodi BO,A7955,Nihalgard PO,,,2.0,,,2.0,,1.0,,,,
Hetampura BO,D6983,Kairu SO,,,,1.0,,1.0,,1.0,,,,
Hudina BO,F4598,Narnaul HO,,,2.0,5.0,,5.0,,13.0,,,,
Imlota BO,C9481,Charkhi  Dadri Hsgii SO,,,2.0,3.0,,1.0,,1.0,,,,
Isharwal BO,N9288,Rodhan SO,,,2.0,,,,,,,,,
Jalan Hospital Bhiwani SO,12702105,,4.0,,8.0,24.0,,11.0,2.0,52.0,,,2.0,
Jamalpur SO Bhiwani,12703501,Jamalpur SO Bhiwani,,1.0,6.0,7.0,,14.0,,3.0,,1.0,5.0,
Janta College Charkhi Dadri SO,12730603,,14.0,6.0,,94.0,,30.0,6.0,71.0,,2.0,7.0,
Jarwa BO,H0363,Satnali SO,,,2.0,,,1.0,,,,,,
Jatai BO,J7454,Mundhal Khurd SO,,,2.0,,,,,,,,,
Jawa BO,H3224,Jhojhu SO,,,2.0,7.0,,4.0,,3.0,,,,
Jewali BO,F8281,Nihalgard PO,,,1.0,1.0,,,,,,,,
Jhagroli BO,I2956,Bawania SO,,,,2.0,,2.0,,3.0,,,,
Jhanjra Sheoran BO,L4385,Loharu SO,,,1.0,2.0,,,,,,,,
Jhijhar BO,F7828,Achina SO,,,1.0,,,1.0,,,,,,
Jhojhu SO,12731001,,11.0,,2.0,28.0,,11.0,1.0,53.0,,1.0,10.0,
Jhook BO,J2222,Mohindergarh SO,,,1.0,,,,,,,,,
Jhully BO,N9289,Rodhan SO,,,1.0,,,,,,,,,
Jui Khurd SO,12703001,,,2.0,5.0,24.0,,10.0,,28.0,,,1.0,
Kadma BO,D3181,Nihalgard PO,,,1.0,2.0,,,,,,,,
Kaila BO,J3465,Manheru SO,,,2.0,5.0,,1.0,,,,,,
Kairu SO,12702901,,1.0,,9.0,4.0,,8.0,,4.0,,,1.0,
Kakrola BO,C4905,Kanina SO,,,1.0,,,1.0,,1.0,,,,
Kakroli Sardara BO,G6833,Badhara SO,,,1.0,2.0,,,,1.0,,,,
Kalinga BO,J7390,Kharak Kalan SO,,,11.0,1.0,,1.0,,,,,,
Kalod BO,J2207,Siwani SO,,,1.0,1.0,,1.0,,1.0,,,,
Kalyana BO,B2733,Charkhi  Dadri Hsgii SO,,,6.0,1.0,,3.0,,,,,,
Kamania BO,E6244,Narnaul HO,,,,7.0,,,,,,,,
Kanina Mandi BO,A8023,Kanina SO,,,,,,,,3.0,,,,
Kanina SO,12302701,,9.0,1.0,9.0,183.0,,71.0,10.0,148.0,,12.0,19.0,
Kanti BO,L9948,Mandi Ateli SO,,,1.0,,,2.0,,,,,,
Kanti Kheri BO,L9949,Mandi Ateli SO,,,,1.0,,,,1.0,,,,
Kanwi BO,F4599,Narnaul HO,,,,10.0,,,,1.0,,,,
Kari Dharani BO,F8282,Badhara SO,,,,3.0,,,,1.0,,,,
Kario Baniawalij BO,G6834,Badhara SO,,,1.0,,,,,1.0,,,,
Karota BO,B2700,Narnaul HO,,,2.0,4.0,,1.0,,,,,,
Kaunt BO,J3466,Manheru SO,,,3.0,,,,,,,,,
Khanak BO,A7314,Tosham SO,,,5.0,1.0,,,,,,,,
Kharak Kalan SO,12711401,,3.0,3.0,8.0,8.0,,12.0,1.0,29.0,,,3.0,
Kharkari BO,L4386,Loharu SO,,,,,,2.0,,1.0,,,,
Kharkhari Sohan BO,C4193,Tosham SO,,,1.0,,,2.0,,1.0,,,,
Khera BO,J2208,Siwani SO,,,2.0,2.0,,3.0,,,,,,
Kheri BO,E1552,Kanina SO,,,3.0,,,3.0,,2.0,,,,
Kheri Bura BO,D7910,Charkhi  Dadri Hsgii SO,,,1.0,,,,,,,,,
Khudana BO,J2224,Mohindergarh SO,,,1.0,,,,,,,,,
Kirawar BO,E7195,Jamalpur SO Bhiwani,,,1.0,,,,,,,,,
Kitlana BO,J3467,Neemariwali PO,,,,,,,,1.0,,,,
Kohar BO,G7113,Bapora SO,,,1.0,,,2.0,,,,,,
Koriawas BO,D7884,Narnaul HO,,,9.0,,,2.0,,2.0,,,,
Kotia BO,F8349,Kanina SO,,,1.0,,,2.0,,1.0,,,,
Krishan Nagar BO,C9449,Narnaul HO,,,2.0,,,1.0,,11.0,,,,
Kultazpur BO,F4600,Narnaul HO,,,1.0,2.0,,4.0,,9.0,,,,
Kungar BO,J7455,Mundhal Khurd SO,,,3.0,,,1.0,,1.0,,,,
Kural BO,L4387,Loharu SO,,,,,,1.0,,1.0,,,,
Kurawata BO,J2225,Mohindergarh SO,,,,,,1.0,,,,,,
Kusumbhi BO,C8494,Kairu SO,,,,,,3.0,,1.0,,,,
Lad BO,G6835,Badhara SO,,,,,,1.0,,,,,,
Lawan BO,J2226,Mohindergarh SO,,,4.0,,,2.0,,8.0,,,,
Leghan BO,C8495,Kairu SO,,,6.0,,,,,1.0,,,,
Lilas BO,J2209,Siwani SO,,,1.0,,,,,,,,,
Lohani BO,E5319,Kairu SO,,,4.0,4.0,,2.0,,,,,,
Lohar Bazar SO,12702106,,1.0,,2.0,35.0,,10.0,2.0,52.0,,1.0,4.0,
Lohari Jatu BO,L4329,Bawani Khera SO,,,2.0,3.0,,2.0,,,,,,
Loharu SO,12720101,,7.0,1.0,12.0,45.0,,17.0,2.0,17.0,,3.0,2.0,
Loharwara BO,B5940,Achina SO,,,1.0,,,,,,,,,
Madhana Kalan BO,B2701,Narnaul HO,,,,5.0,,2.0,,,,,,
Madhogarh BO,H0364,Satnali SO,,,2.0,1.0,,3.0,,,,,,
Makrana BO,B5571,Chiriya SO,,,,,,,,1.0,,,,
Mandhana BO,L4330,Bawani Khera SO,,,1.0,1.0,,,,,,,,
Mandhi Harya BO,G6836,Nihalgard PO,,,2.0,1.0,,,,1.0,,,,
Mandholi Kalan BO,N9291,Rodhan SO,,,,,,2.0,,,,,,
Mandholi Khurd BO,J2210,Siwani SO,,,,1.0,,4.0,,,,,,
Mandi Ateli SO,12302101,,10.0,1.0,15.0,106.0,,40.0,6.0,172.0,,7.0,20.0,
Mandi BO,D7885,Narnaul HO,,,1.0,25.0,,2.0,,,,,,
Mandola BO,J2227,Mohindergarh SO,,,2.0,,,13.0,,4.0,,,,
Manheru SO,12730901,Manheru SO,4.0,2.0,2.0,8.0,,9.0,,4.0,,,1.0,
Mankawas BO,E6273,Charkhi  Dadri Hsgii SO,,,,1.0,,1.0,,,,,,
Mansarbass BO,F3605,Kairu SO,,,,1.0,,4.0,,4.0,,,,
Matani BO,G8996,Behl SO,,,,,,1.0,,,,,,
Mauri BO,E0620,Chiriya SO,,,2.0,,,,,3.0,,,,
Mehera BO,H9252,Birhi Kalan SO,,,,2.0,,2.0,,5.0,,,,
Milkpur BO,L4331,Bawani Khera SO,,,2.0,,,3.0,,13.0,,,,
Mini Sect Bhiwani SO,12702107,,2.0,,3.0,16.0,,7.0,2.0,30.0,,,5.0,
Mini SecttNarnaul SO,12300101,,2.0,,,17.0,,3.0,,14.0,,,2.0,
Miran BO,J2211,Siwani SO,,,1.0,2.0,,1.0,,1.0,,,,
Misri BO,G1000,Sanwar SO Bhiwani,,,,,,1.0,,,,,,
Mitathal BO,E5320,Tigrana SO,,,2.0,2.0,,7.0,,2.0,,,,
Mithi BO,G8997,Behl SO,,,1.0,,,,,,,,,
Mohindergarh SO,12302901,,16.0,5.0,15.0,182.0,,62.0,7.0,77.0,,8.0,23.0,
Morka BO,G8998,Behl SO,,,,,,2.0,,1.0,,,,
Morwala BO,B5941,Achina SO,,,2.0,,,1.0,,,,,,
Mundhal Khurd SO,12704101,,1.0,,2.0,13.0,,12.0,,21.0,,,,
Nagal Nunia BO,J7247,Nangal Chaudhry SO,,,1.0,6.0,,1.0,,,,,,
Nakipur BO,L4388,Loharu SO,,,1.0,,,,,,,,,
Naloi BO,J2212,Siwani SO,,,,1.0,,,,,,,,
Nandgaon BO,F0144,Neemariwali PO,,,,,,,,3.0,,,,
Nangal Chaudhry SO,12302301,,3.0,4.0,7.0,62.0,,41.0,4.0,47.0,,2.0,23.0,
Nangal Dargu BO,J7248,Nangal Chaudhry SO,,,1.0,1.0,,1.0,,,,,,
Nangal Katha BO,B2702,Narnaul HO,,,1.0,2.0,,1.0,,4.0,,,,
Nangal Sirohi SO,12302801,,,,5.0,38.0,,12.0,,38.0,,1.0,6.0,
Nangalmala BO,H0365,Satnali SO,,,,1.0,,,,,,,,
Narnaul City SO,12300102,,8.0,,4.0,98.0,,28.0,11.0,148.0,,3.0,23.0,
Narnaul HO,12300100,,25.0,3.0,25.0,299.0,,82.0,17.0,348.0,,16.0,53.0,
Narnaul Kty SO,12300103,,,4.0,,39.0,,9.0,2.0,16.0,,1.0,6.0,
Naurangabass Jattan BO,H3225,Jhojhu SO,,,,1.0,,,,,,,,
Nautana BO,E9939,Kanina SO,,,,,,2.0,,,,,,
Nawan BO,H0366,Satnali SO,,,,,,1.0,,2.0,,,,
Neemariwali PO,12731101,Neemariwali PO,,,4.0,0.0,,1.0,,1.0,,,,
Neemli BO,G3119,Charkhi  Dadri Hsgii SO,,,4.0,4.0,,1.0,,,,,,
Neerpur BO,G3096,Narnaul HO,,,1.0,10.0,,1.0,,,,,,
Niamatpur BO,J7249,Nangal Chaudhry SO,,,,10.0,,,,,,,,
Nihalawas BO,F6456,Nangal Sirohi SO,,,4.0,1.0,,2.0,,,,,,
Nihalgard PO,12731201,,3.0,1.0,0.0,2.0,,3.0,,4.0,,,1.0,
Nizampur RS BO,F4601,Narnaul HO,,,1.0,6.0,,1.0,,,,,,
Obra BO,G9000,Behl SO,,,5.0,1.0,,1.0,,,,,,
Paitawas Kalan BO,D7911,Charkhi  Dadri Hsgii SO,,,1.0,,,,,,,,,
Paju BO,AK111,Loharu SO,,,,10.0,,,,1.0,,,,
Palari BO,H3226,Jhojhu SO,,,,2.0,,2.0,,8.0,,,,
Pali BO,J2229,Mohindergarh SO,,,,,,1.0,,,,,,
Palri Panihara BO,J2230,Mohindergarh SO,,,1.0,,,2.0,,,,,,
Paluwas BO,B1793,Tigrana SO,,,2.0,5.0,,,,,,,,
Paposa BO,E7196,Jamalpur SO Bhiwani,,,1.0,1.0,,,,,,,,
Parvezpur BO,L4389,Loharu SO,,,3.0,,,3.0,,,,,,
Pathera BO,I2957,Bawania SO,,,1.0,1.0,,4.0,,4.0,,,,
Patwan BO,G9001,Behl SO,,,1.0,,,2.0,,3.0,,,,
Pichopa Kalan BO,H3227,Jhojhu SO,,,4.0,1.0,,1.0,,1.0,,,,
Pohkarwas BO,J3503,Jui Khurd SO,,,,2.0,,2.0,,1.0,,,,
Pota BO,F8350,Kanina SO,,,,,,2.0,,,,,,
Premnagar BO,C0231,Tigrana SO,,,1.0,,,,,1.0,,,,
Pur BO,L4332,Bawani Khera SO,,,2.0,1.0,,2.0,,2.0,,,,
Raghunathpura BO,F4602,Narnaul HO,,,1.0,1.0,,3.0,,13.0,,,,
Rajgarh BO,B6664,Neemariwali PO,,,,1.0,,,,2.0,,,,
Rambas BO,B6462,Kanina SO,,,,1.0,,1.0,,,,,,
Rambass BO,H3228,Nihalgard PO,,,1.0,1.0,,1.0,,5.0,,,,
Ranila BO,E4234,Sanwar SO Bhiwani,,,4.0,2.0,,5.0,,1.0,,,,
Rasiwas BO,H9253,Birhi Kalan SO,,,,,,2.0,,1.0,,,,
Rasoolpur BO,A8024,Kanina SO,,,2.0,,,2.0,,,,,,
Ratera BO,G4112,Jamalpur SO Bhiwani,,,,,,1.0,,,,,,
Rattan Kalan BO,L9950,Mandi Ateli SO,,,1.0,3.0,,1.0,,1.0,,,,
Rawaldhi BO,F4633,Charkhi  Dadri Hsgii SO,,,1.0,2.0,,4.0,,6.0,,,,
Rewari Khera BO,J9572,Chang SO,,,1.0,26.0,,2.0,,1.0,,,,
Riwasa BO,C4194,Tosham SO,,,,,,1.0,,,,,,
Rodhan SO,12704301,,,,3.0,0.0,,5.0,,22.0,,1.0,1.0,
Roopgarh BO,B6665,Neemariwali PO,,,,,,1.0,,,,,,
Sagban BO,C4195,Tosham SO,,,2.0,,,,,,,,,
Sai BO,J9573,Chang SO,,,7.0,21.0,,1.0,,1.0,,,,
Samaspur BO,B2734,Charkhi  Dadri Hsgii SO,,,1.0,4.0,,,,,,,,
Sandawa BO,N9292,Rodhan SO,,,2.0,,,2.0,,,,,,
Sanjarwas BO,B9153,Sanwar SO Bhiwani,,,,,,2.0,,,,,,
Sankror BO,F2537,Sanwar SO Bhiwani,,,,,,4.0,,1.0,,,,
Sanwar SO Bhiwani,12704201,,1.0,2.0,7.0,4.0,,9.0,,9.0,,,,
Sarai Bahadur BO,L9951,Mandi Ateli SO,,,,10.0,,,,,,,,
Sarangpur B.O,AK762,Birhi Kalan SO,,,2.0,1.0,,2.0,,1.0,,,,
Sareli BO,J7250,Nangal Chaudhry SO,,,,4.0,,2.0,,6.0,,,,
Sarupgarh BO,F4634,Charkhi  Dadri Hsgii SO,,,1.0,2.0,,1.0,,1.0,,,,
Satnali SO,12302401,,6.0,1.0,4.0,41.0,,17.0,3.0,19.0,,1.0,9.0,
Sehar BO,L4390,Loharu SO,,,2.0,,,3.0,,,,,,
Sehlang BO,E9940,Kanina SO,,,,,,2.0,,,,,,
Sehma BO,G5053,Nangal Sirohi SO,,,1.0,,,3.0,,7.0,,,,
Serla BO,G9002,Behl SO,,,1.0,,,2.0,,3.0,,,,
Shyampura BO,H0368,Satnali SO,,,1.0,1.0,,,,,,,,
Siana BO,F8351,Kanina SO,,,3.0,,,2.0,,,,,,
Sidhanwa BO,G9003,Behl SO,,,,1.0,,,,,,,,
Sihore BO,G6903,Kanina SO,,,1.0,,,,,,,,,
Singhani BO,L4391,Loharu SO,,,2.0,,,1.0,,,,,,
Sirohi Behali BO,J7251,Nangal Chaudhry SO,,,1.0,,,1.0,,4.0,,,,
Siswala BO,H9254,Birhi Kalan SO,,,1.0,,,1.0,,2.0,,,,
Siwana BO,J7456,Mundhal Khurd SO,,,1.0,,,,,,,,,
Siwani SO,12704601,,,1.0,13.0,28.0,,26.0,,59.0,,2.0,14.0,
Siwara BO,L4333,Bawani Khera SO,,,2.0,1.0,,,,,,,,
Sohansara BO,L4392,Loharu SO,,,2.0,,,1.0,,2.0,,,,
Sui BO,B1794,Tigrana SO,,,,,,1.0,,1.0,,,,
Sundrah BO,I2958,Bawania SO,,,,2.0,,1.0,,5.0,,,,
Sungarpur BO,F3606,Kairu SO,,,1.0,,,1.0,,,,,,
Sureti Kalan BO,H0369,Satnali SO,,,1.0,,,,,1.0,,,,
SURJANWAS,AU194,Bawania SO,,,,1.0,,,,,,,,
Talu BO,J7457,Mundhal Khurd SO,,,1.0,,,,,,,,,
Thanwas BO,J7252,Nangal Chaudhry SO,,,3.0,,,,,,,,,
Tigrana SO,12703101,,2.0,,6.0,15.0,,13.0,,7.0,,3.0,1.0,
Tiwala BO,H9255,Birhi Kalan SO,,,,5.0,,,,1.0,,,,
Tosham SO,12704001,,1.0,2.0,10.0,19.0,,38.0,3.0,33.0,,1.0,5.0,
Umarwas BO,J3504,Jui Khurd SO,,,1.0,1.0,,1.0,,,,,,
Agon BO,L6408,Ferozepur Jhirka SO,,,3.0,2.0,,,,,,,,
Aharwan BO,E7826,Palwal SO,,,2.0,1.0,,2.0,,,,,,
Akhera BO,J6609,Nuh SO,,,1.0,5.0,,7.0,,1.0,,,,
Alawalpur BO,E7827,Palwal SO,,,6.0,,,2.0,,,,,,
Ali Meo BO,J7232,Hodal SO,,,,14.0,,1.0,,,,,,
Alipur BO,J6124,Tigaon SO,,,2.0,29.0,,3.0,,,,,,
Amarnagar SO Faridabad,12100301,,15.0,3.0,18.0,22.0,,27.0,10.0,21.0,,4.0,16.0,
Amarpur BO,A5004,Ballabgarh SO,,,3.0,7.0,,,,,,,,
Amroli BO,C2803,Palwal SO,,,2.0,,,,,,,,,
Andhop BO,J7233,Hodal SO,,,2.0,3.0,,3.0,,,,,,
Asaota BO,D1119,Palwal SO,,,1.0,,,1.0,,,,,,
Atali BO,B3472,Ballabgarh SO,,,2.0,1.0,,,,,,,,
Aurangabad SO Faridabad,12110501,,,,6.0,4.0,,5.0,,4.0,,,1.0,
Badarpur Syed BO,J6125,Tigaon SO,,,,,,2.0,,4.0,,,,
Baded BO,N8583,Punhana SO,,,1.0,1.0,,1.0,,,,,,
Badli BO,N8584,Punhana SO,,,2.0,,,9.0,,,,,,
Baghanki BO,C4361,Tauru SO,,,2.0,2.0,,,,5.0,,,,
Baghola BO,A5867,Palwal SO,,,1.0,,,1.0,,,,,,
Bahin BO,N8433,Aurangabad SO Faridabad,,,1.0,,,1.0,,,,,,
Ballabgarh SO,12100401,,13.0,,46.0,41.0,,38.0,2.0,68.0,,12.0,34.0,
Bamni Khera BO,N8434,Aurangabad SO Faridabad,,,6.0,,,,,,,,,
Banchari BO,J7234,Hodal SO,,,3.0,,,2.0,,3.0,,,,
Banswa BO,J7309,Hassanpur SO,,,3.0,15.0,,,,,,,,
Baroli BO,E6964,Ballabgarh SO,,,4.0,1.0,,1.0,,,,,,
Bewan BO,L6409,Ferozepur Jhirka SO,,,,1.0,,,,,,,,
Bhadas BO,A4102,Nagina SO Gurgaon,,,5.0,11.0,,1.0,,,,,,
Bhainsrawali BO,J6126,Tigaon SO,,,2.0,3.0,,2.0,,50.0,,,,
Bhandoli BO,J7310,Hassanpur SO,,,1.0,1.0,,1.0,,10.0,,,,
Bhaskola BO,C7988,Faridabad Sector 16a  SO,,,,,,3.0,,7.0,,,,
Bhiduki BO,J7311,Hassanpur SO,,,4.0,1.0,,1.0,,,,,,
Bhuvapur BO,J6127,Tigaon SO,,,,51.0,,2.0,,,,,,
Bichhor BO,N8585,Punhana SO,,,7.0,36.0,,,,,,,,
Bisru BO,N8586,Punhana SO,,,2.0,,,,,,,,,
Budarpur BO,E6143,Nagina SO Gurgaon,,,,16.0,,2.0,,,,,,
Chandpur BO,J6128,Tigaon SO,,,3.0,15.0,,1.0,,,,,,
Chant BO,D1120,Palwal SO,,,4.0,1.0,,2.0,,,,,,
Chawla Colony Ballabgarh SO,12100402,,8.0,1.0,1.0,34.0,,17.0,,71.0,,8.0,24.0,
Chhainsa BO,J7315,Hathin SO,,,,10.0,,,,,,,,
Chhainsa BO,D0248,Ballabgarh SO,,,,17.0,,,,,,,,
Chhajju Nagar BO,B4295,Palwal SO,,,2.0,1.0,,3.0,,,,,,
Chharoda BO,A7480,Tauru SO,,,4.0,,,,,,,,,
Chirwari BO,D1121,Palwal SO,,,1.0,,,1.0,,,,,,
Dayalpur BO,A5005,Ballabgarh SO,,,3.0,1.0,,,,6.0,,,,
Dhauj BO,A5007,Ballabgarh SO,,,1.0,2.0,,1.0,,,,,,
Dighot BO,N8435,Aurangabad SO Faridabad,,,2.0,,,,,,,,,
Dulawat BO,D2647,Tauru SO,,,3.0,20.0,,1.0,,,,,,
Escortsnagar Faridabad SO,12100701,,17.0,2.0,4.0,30.0,,6.0,9.0,47.0,,1.0,15.0,
Factory Area Faridabad SO,12100101,,19.0,,5.0,29.0,,19.0,2.0,148.0,,17.0,18.0,
Faridabad City SO,12100201,,15.0,,4.0,49.0,,27.0,2.0,83.0,,16.0,30.0,
Faridabad NIT HO,12100100,,81.0,2.0,37.0,30.0,1.0,44.0,12.0,121.0,,32.0,100.0,
Faridabad Sector 12 SO,12100702,,,1.0,1.0,1.0,,3.0,,1.0,,,3.0,
Faridabad Sector 15 SO,12100703,,6.0,,5.0,2.0,,12.0,7.0,24.0,,1.0,15.0,
Faridabad Sector 16 SO,12100202,,2.0,,,11.0,,7.0,4.0,27.0,,2.0,14.0,
Faridabad Sector 16a  SO,12100203,,17.0,4.0,7.0,30.0,,23.0,5.0,26.0,,5.0,16.0,
Faridabad Sector 18 SO,12100204,,17.0,,3.0,56.0,,28.0,6.0,81.0,,8.0,17.0,
Faridabad Sector 22 SO,12100501,,15.0,2.0,43.0,26.0,,28.0,3.0,47.0,,8.0,17.0,
Faridabad Sector 29 SO,12100801,,9.0,1.0,1.0,26.0,,16.0,13.0,38.0,,,12.0,
Faridabad Sector 3 SO,12100404,,14.0,,1.0,52.0,,14.0,9.0,68.0,,4.0,24.0,
Faridabad Sector 7 SO,12100601,,10.0,2.0,4.0,12.0,,27.0,7.0,66.0,,9.0,37.0,
Faridabad Sector 8 SO,12100602,,4.0,,5.0,16.0,,16.0,2.0,24.0,,,6.0,
Faridabad Sector 9 SO,12100603,,22.0,2.0,1.0,18.0,,14.0,6.0,32.0,,4.0,31.0,
Faridpur BO,J6129,Tigaon SO,,,,85.0,,,,,,,,
Fatehpur Billoch BO,C1917,Ballabgarh SO,,,2.0,,,3.0,,5.0,,,,
Fatehpur Tagga BO,B3473,Ballabgarh SO,,,3.0,,,1.0,,,,,,
Feroz Gandhi Nagar Faridabad SO,12100102,,8.0,1.0,19.0,51.0,,17.0,,116.0,,7.0,19.0,
Ferozepur Jhirka SO,12210401,,2.0,2.0,12.0,35.0,,32.0,,75.0,,,16.0,
Gadpuri BO,G3876,Ballabgarh SO,,,4.0,,,1.0,,,,,,
Gehlab BO,J7316,Hathin SO,,,3.0,2.0,,,,,,,,
Gharrot BO,J7317,Hathin SO,,,3.0,3.0,,1.0,,,,,,
Ghori BO,B4296,Palwal SO,,,7.0,,,2.0,,,,,,
Gonchhi BO,F5356,Ballabgarh SO,,,4.0,2.0,,4.0,,14.0,,,,
Gorota BO,J7235,Hodal SO,,,,11.0,,,,3.0,,,,
Goyla BO,AK844,Tauru SO,,,,1.0,,,,,,,,
Greater Faridabad PO,12101401,,4.0,1.0,10.0,6.0,,7.0,2.0,16.0,,2.0,4.0,
GT Road Faridabad SO,12100604,,7.0,,2.0,7.0,,7.0,1.0,18.0,,,6.0,
Gulalta BO,N8587,Punhana SO,,,,,,1.0,,,,,,
Gulawad BO,J7312,Hassanpur SO,,,1.0,,,,,,,,,
Gurukul Indraprashtha BO,B3414,Amarnagar SO Faridabad,,,2.0,10.0,,,,,,,,
Hasanpur BO,E0978,Tauru SO,,,5.0,,,,,,,,,
Hassanpur SO,12110701,,,,22.0,23.0,,13.0,,5.0,,1.0,,
Hathin SO,12110301,,,,5.0,7.0,1.0,6.0,,1.0,,,,
Hirwari BO,L6411,Ferozepur Jhirka SO,,,,,,15.0,,,,,,
Hodal SO,12110601,,1.0,,17.0,40.0,,27.0,,51.0,,,3.0,
Hurithal BO,J7318,Hathin SO,,,1.0,,,3.0,,,,,,
Industrial Area Faridabad SO,12100103,,23.0,,2.0,41.0,,28.0,11.0,178.0,,17.0,30.0,
Jaindapur BO,D9394,Palwal SO,,,1.0,,,,,,,,,
Jamalgarh BO,N8588,Punhana SO,,,,4.0,,2.0,,,,,,
Jaurasi BO,E0979,Tauru SO,,,,1.0,,2.0,,2.0,,,,
Jawahar Colony Faridabad SO,12100502,,11.0,2.0,15.0,71.0,,33.0,4.0,140.0,,7.0,20.0,
Jawahar Nagar Palwal SO,12110201,,,,9.0,18.0,,11.0,,120.0,,2.0,10.0,
Jawan BO,G3877,Ballabgarh SO,,,2.0,,,2.0,,,,,,
Jhamuwas BO,C4362,Tauru SO,,,,,,2.0,,,,,,
Kalwari BO,A7481,Tauru SO,,,1.0,,,,,,,,,
Khaika BO,J7236,Hodal SO,,,2.0,6.0,,12.0,,1.0,,,,
Khambi BO,J7237,Hodal SO,,,3.0,,,1.0,,,,,,
Khanpur Ghati BO,N8589,Punhana SO,,,2.0,7.0,,,,,,,,
Khatela Sarai BO,N8436,Aurangabad SO Faridabad,,,1.0,,,,,,,,,
Kheri Kalan BO,E4794,Faridabad Sector 16a  SO,,,3.0,,,1.0,,,,,,
Kondal BO,J7319,Hathin SO,,,4.0,,,1.0,,,,,,
Kurali BO,J6130,Tigaon SO,,,6.0,19.0,,1.0,,,,,,
Kurthala BO,J6611,Nuh SO,,,3.0,,,,,1.0,,,,
Lohinga Kalan BO,N8590,Punhana SO,,,2.0,2.0,,1.0,,,,,,
Madnaka BO,J7321,Hathin SO,,,2.0,,,4.0,,,,,,
Malab BO,J6612,Nuh SO,,,2.0,,,1.0,,,,,,
Malai BO,J7322,Hathin SO,,,1.0,,,,,,,,,
Mandikhera BO,F4475,Nagina SO Gurgaon,,,1.0,1.0,,2.0,,,,,,
Mandkola BO,J7323,Hathin SO,,,2.0,,,2.0,,,,,,
Manjhawali BO,J6131,Tigaon SO,,,1.0,,,1.0,,31.0,,,,
Manpur BO,N8437,Aurangabad SO Faridabad,,,4.0,1.0,,3.0,,6.0,,,,
Marraoli BO,J7239,Hodal SO,,,1.0,25.0,,,,,,,,
Mathura Road Faridabad SO,12100302,,4.0,1.0,1.0,5.0,,6.0,1.0,10.0,,1.0,1.0,
Mini Sectt NUH SO,12210702,,1.0,,,1.0,,,,,,,1.0,
Mohamadpur Ahir BO,A7482,Tauru SO,,,1.0,,,1.0,,,,,,
Mohna BO,B3474,Ballabgarh SO,,,6.0,2.0,,1.0,,,,,,
Moolthan BO,F4476,Nagina SO Gurgaon,,,1.0,11.0,,,,,,,,
Nagina SO Gurgaon,12210801,,,,4.0,10.0,,19.0,,3.0,,,,
Naheda BO,N8591,Punhana SO,,,2.0,,,,,,,,,
Nai BO,N8592,Punhana SO,,,2.0,,,7.0,,,,,,
Nangal Jat BO,N8438,Aurangabad SO Faridabad,,,4.0,,,,,16.0,,,,
Neemka BO,E6965,Ballabgarh SO,,,5.0,,,2.0,,,,,,
New Township Palwal SO,12110202,,7.0,,4.0,17.0,,7.0,1.0,14.0,,1.0,2.0,
Nh2 Faridabad SO,12100105,,17.0,,6.0,20.0,,23.0,6.0,80.0,,8.0,26.0,
Nh3 Faridabad SO,12100106,,11.0,,4.0,24.0,,8.0,,86.0,,6.0,4.0,
Nh4 Faridabad SO,12100107,,23.0,2.0,23.0,16.0,,30.0,11.0,24.0,,9.0,9.0,
Nhpc Colony Faridabad SO,12101001,,4.0,2.0,3.0,14.0,,12.0,11.0,31.0,,3.0,24.0,
NIFM Faridabad SO,12100104,,4.0,,4.0,2.0,,4.0,4.0,8.0,,,4.0,
Nuh SO,12210701,,3.0,,10.0,12.0,,11.0,,6.0,,3.0,,
Pali BO,F5357,Ballabgarh SO,,,2.0,,,,,,,,,
Palwal SO,12110203,,22.0,7.0,57.0,98.0,,73.0,9.0,244.0,,11.0,30.0,
Panhera Khurd BO,G3878,Ballabgarh SO,,,2.0,4.0,,,,11.0,,,,
Pingore BO,N8439,Aurangabad SO Faridabad,,,,20.0,,,,,,,,
Prithla BO,F6183,Palwal SO,,,1.0,,,,,,,,,
Punhana SO,12250801,,,,7.0,8.0,,8.0,2.0,6.0,,,1.0,
PYALA BO,AV768,Ballabgarh SO,,,,2.0,,,,,,,,
Rasulpur BO,B4297,Palwal SO,,,4.0,3.0,,,,,,,,
Rathiwas BO,A7483,Tauru SO,,,4.0,3.0,,1.0,,2.0,,,,
Rawli BO,L6412,Ferozepur Jhirka SO,,,1.0,4.0,,,,,,,,
Rethath BO,N8594,Punhana SO,,,3.0,,,,,,,,,
Rupraka BO,J7324,Hathin SO,,,2.0,,,,,,,,,
Sagarpur BO,F5358,Ballabgarh SO,,,,1.0,,,,,,,,
Sakras BO,F4477,Nagina SO Gurgaon,,,1.0,10.0,,,,,,,,
Sec91 SO,12101301,,,,16.0,4.0,,7.0,1.0,2.0,,1.0,,
Sector21D  SO,12101201,,,,4.0,8.0,,7.0,2.0,13.0,,3.0,12.0,
SECTOR46,12101002,,5.0,1.0,1.0,,,2.0,,3.0,,,1.0,
Sector55 PO,12101501,,,2.0,2.0,2.0,,11.0,11.0,21.0,,,13.0,
Seekri BO,G3879,Ballabgarh SO,,,2.0,,,,,1.0,,,,
Shahchokha BO,N8595,Punhana SO,,,5.0,7.0,,,,,,,,
SHRI VISHWAKARMA SKILL UNIVERSITY,12110204,,,,1.0,,,1.0,,,,,,
Siaroli BO,C2804,Palwal SO,,,,2.0,,2.0,,4.0,,,,
Sihri Singhalheri BO,N8596,Punhana SO,,,1.0,,,3.0,,,,,,
Sikrawa BO,N8597,Punhana SO,,,4.0,,,,,,,,,
Singar BO,N8598,Punhana SO,,,1.0,,,5.0,,,,,,
Sondh BO,J7240,Hodal SO,,,7.0,2.0,,,,,,,,
Sudaka BO,J6613,Nuh SO,,,1.0,4.0,,,,,,,,
Sundh BO,C4363,Tauru SO,,,1.0,1.0,,2.0,,,,,,
Surajkund Faridabad SO,12100901,,4.0,,4.0,5.0,,8.0,1.0,7.0,,,4.0,
Tain BO,J6614,Nuh SO,,,,,,2.0,,,,,,
Tapkan BO,J6615,Nuh SO,,,2.0,,,,,,,,,
Tappa Bilochpur BO,J7314,Hassanpur SO,,,2.0,,,1.0,,,,,,
Tauru SO,12210501,,3.0,,12.0,23.0,,23.0,8.0,26.0,,1.0,7.0,
Teekri Brahman BO,F6184,Palwal SO,,,5.0,7.0,,2.0,,,,,,
Tigaon SO,12110101,,5.0,1.0,13.0,8.0,,11.0,,12.0,,2.0,,
Tilpat BO,A4938,Amarnagar SO Faridabad,,,3.0,3.0,,2.0,,,,,,
Umra BO,B2582,Nagina SO Gurgaon,,,,10.0,,,,,,,,
Uttawar BO,J7325,Hathin SO,,,11.0,,,,,,,,,
Ahrod BO,J3519,Kund SO,,,,1.0,,4.0,,7.0,,,,
Air Force SO,12200501,,8.0,1.0,1.0,4.0,,1.0,,,,1.0,,
Akera BO,C5194,Dharuhera SO,,,1.0,11.0,,1.0,,1.0,,,,
Arjun Nagar SO,12200101,,9.0,4.0,6.0,61.0,,15.0,6.0,38.0,,3.0,18.0,
Asalwas BO,B6198,Bawal SO,,,,3.0,,,,,,,,
Asiaki Gorawas BO,I5322,Palhawas SO,,,2.0,1.0,,,,,,,,
Badhrana BO,E1211,Dharan SO,,,1.0,3.0,,3.0,,4.0,,,,
Badshahpur SO,12210101,,2.0,,11.0,40.0,,14.0,5.0,38.0,,6.0,8.0,
Baghthala BO,E9700,Bawal SO,,,1.0,,,,,,,,,
Baldhan Kalan BO,L7187,Dahina SO,,,,6.0,,1.0,,,,,,
Balwari BO,F6986,Khol SO,,,,4.0,,1.0,,,,,,
Banipur BO,E9701,Bawal SO,,,,8.0,,2.0,,,,,,
Basai BO,L9320,Railwary Road SO,,,5.0,3.0,,3.0,,1.0,,,,
Basai Road SO,12200102,,5.0,,1.0,2.0,,4.0,4.0,70.0,,2.0,5.0,
Basduda BO,J3520,Kund SO,,,1.0,2.0,,4.0,,14.0,,,,
Baslambi BO,L8300,Pataudi SO,,,,1.0,,2.0,,,,,,
Baspadamka BO,L8301,Pataudi SO,,,,,,2.0,,3.0,,,,
Bawal SO,12350101,,2.0,,17.0,67.0,,29.0,5.0,28.0,,1.0,8.0,
Bawwa BO,J8958,Nahar SO,,,2.0,,,1.0,,6.0,,,,
Bhangrola BO,L8164,Garhi Harsaru SO,,,2.0,2.0,,1.0,,,,,,
Bharawas BO,F4823,Rewari SO,,,2.0,,,3.0,,2.0,,,,
Bhatsana BO,F8635,Dharuhera SO,,,,6.0,,,,,,,,
Bhirauti BO,L7549,Sohna SO,,,,2.0,,,,,,,,
Bhondsi SO,12210201,,3.0,1.0,11.0,7.0,,10.0,2.0,7.0,,,4.0,
Bhorakalan SO,12241301,,3.0,2.0,14.0,13.0,,10.0,2.0,39.0,,6.0,1.0,
Bhotwas Ahir BO,E1756,Khori SO,,,1.0,,,,,1.0,,,,
Bikaner BO,E6427,Rewari SO,,,10.0,,,6.0,,4.0,,,,
Bilaspur Khurd BO,E9278,Bhorakalan SO,,,,,,,,4.0,,,,
Bisowa BO,J8959,Nahar SO,,,,1.0,,2.0,,11.0,,,,
Bithwana BO,C9668,Rewari SO,,,,1.0,,5.0,,1.0,,,,
Boria Kamalpur BO,B2905,Rewari SO,,,,2.0,,1.0,,,,,,
Budhera BO,L8165,Garhi Harsaru SO,,,3.0,9.0,,2.0,,12.0,,,,
Budhpur BO,E6428,Rewari SO,,,9.0,3.0,,2.0,,2.0,,,,
Buroli BO,L7188,Dahina SO,,,1.0,,,2.0,,,,,,
Chapera BO,L7550,Sohna SO,,,3.0,10.0,,2.0,,,,,,
Cheelarh BO,O0173,Khalilpur SO,,,1.0,,,1.0,,5.0,,,,
Chita Dungra BO,J3521,Kund SO,,,1.0,2.0,,2.0,,1.0,,,,
CRPF Kadarpur SO,12209801,,,,1.0,1.0,,1.0,1.0,,,,,
D Block South City II Gurgaon,12201802,,13.0,1.0,1.0,12.0,,18.0,16.0,23.0,,4.0,29.0,
Dahina SO,12341101,,12.0,1.0,8.0,104.0,,22.0,7.0,73.0,,2.0,11.0,
Dakhora BO,L7189,Nehrugarh SO,,,1.0,1.0,,,,,,,,
Damdama BO,G8381,Bhondsi SO,,,,14.0,,,,,,,,
Daroli BO,L7190,Dahina SO,,,1.0,2.0,,1.0,,,,,,
Daulah BO,L7551,Sohna SO,,,1.0,,,3.0,,,,,,
Daultabad BO,L9321,Railwary Road SO,,,1.0,4.0,,1.0,,21.0,,,,
Dehlawas Gulabpur BO,D8063,Rewari SO,,,2.0,,,1.0,,3.0,,,,
Dhani Chitarsain BO,F7665,Bhorakalan SO,,,,18.0,,,,,,,,
Dhankot BO,L8166,Garhi Harsaru SO,,,2.0,,,,,1.0,,,,
Dharan SO,12341201,,2.0,,3.0,9.0,,16.0,,4.0,,3.0,2.0,
Dharuhera SO,12310601,,10.0,1.0,7.0,35.0,,27.0,3.0,27.0,,4.0,7.0,
Dhawana BO,C3665,Khol SO,,,1.0,,,2.0,,9.0,,,,
DLF PhII SO,12200801,,2.0,1.0,1.0,12.0,,8.0,3.0,3.0,,1.0,11.0,
DLF QE SO,12200201,,12.0,,7.0,21.0,,17.0,16.0,37.0,,7.0,15.0,
Dungerwas BO,D3548,Dharuhera SO,,,1.0,,,4.0,,25.0,,,,
Farrukh Nagar SO,12250601,,3.0,,12.0,9.0,,11.0,,49.0,,1.0,6.0,
Fazilpur BO,F0220,Badshahpur SO,,,1.0,,,2.0,,,,,,
Galleria DLFIV SO,12200901,,25.0,1.0,4.0,30.0,,23.0,13.0,88.0,,4.0,51.0,
GARAULI KHURD,12200112,,,1.0,6.0,36.0,,3.0,1.0,1.0,,,,
Garhi Bolni BO,G3288,Rewari SO,,,2.0,,,,,,,,,
Garhi Harsaru SO,12250501,Garhi Harsaru SO,4.0,2.0,18.0,30.0,,6.0,1.0,1.0,,2.0,2.0,
Garhi Wajidpur BO,AK416,Sohna SO,,,1.0,,,,,,,,,
Ghamroj BO,G8382,Bhondsi SO,,,,,,,,2.0,,,,
Ghasera BO,L7552,Sohna SO,,,,7.0,,,,,,,,
Ghungola BO,L7553,Sohna SO,,,,1.0,,,,,,,,
Gokal Bazar Rewari SO,12340101,,12.0,1.0,7.0,92.0,,14.0,13.0,308.0,,9.0,58.0,
Gokalgarh BO,E6429,Rewari SO,,,2.0,,,1.0,,1.0,,,,
Gothra BO,J3522,Kund SO,,,1.0,2.0,,3.0,,2.0,,,,
Gothra BO,L7191,Dahina SO,,,,,,3.0,,,,,,
Gudhana BO,AK418,Haillymandi SO,,,2.0,,,3.0,,1.0,,,,
Gugodh BO,J9906,Kosli SO,,,1.0,,,1.0,,,,,,
Gujar Majra BO,B6199,Bawal SO,,,1.0,10.0,,2.0,,,,,,
Guraora BO,I5323,Palhawas SO,,,5.0,2.0,,,,6.0,,,,
Gurgaon HO,12200100,,41.0,6.0,51.0,112.0,,69.0,23.0,158.0,,16.0,87.0,
Gurgaon Kty SO,12200103,,,,1.0,4.0,,4.0,4.0,46.0,,,3.0,
Gurgaon Sector 17 SO,12200104,,8.0,4.0,2.0,11.0,,17.0,1.0,12.0,,,6.0,
Gurgaon Sector 45 SO,12200301,,8.0,1.0,4.0,12.0,,11.0,3.0,6.0,,1.0,13.0,
Gurgaon Sector 56 SO,12201101,,13.0,1.0,2.0,9.0,,13.0,10.0,46.0,,8.0,52.0,
Gurgaon South City I SO,12200105,,10.0,5.0,1.0,,,5.0,2.0,3.0,,2.0,2.0,
Gurgaon South City II SO,12201801,,7.0,,,,,2.0,5.0,8.0,,1.0,12.0,
Guriani SO,12330101,,7.0,,4.0,53.0,,24.0,1.0,53.0,,1.0,8.0,
Gwal Pahari BO,F6888,Gurgaon Sector 45 SO,,,,9.0,,,,,,,,
Haillymandi SO,12250401,,4.0,,11.0,16.0,,12.0,1.0,95.0,,2.0,6.0,
IMT Manesar SO,12205201,,5.0,2.0,10.0,17.0,,23.0,7.0,11.0,,1.0,,
Inchhapuri BO,J6601,Nanukalan SO,,,2.0,,,,,,,,,
Indir Mewat BO,L7554,Sohna SO,,,4.0,6.0,,1.0,,,,,,
Industrial Area Dharuhera SO,12311001,,,1.0,6.0,4.0,,8.0,,4.0,,,1.0,
Industrial Complex Dundahera SO,12201601,,1.0,3.0,9.0,7.0,,15.0,4.0,10.0,,8.0,7.0,
Industrial Estate SO Gurgaon,12200701,,6.0,,6.0,11.0,,8.0,6.0,17.0,,2.0,10.0,
Jaisinghpur Khera BO,B6200,Bawal SO,,,,,,,,9.0,,,,
Jaitpur BO,O0175,Khalilpur SO,,,,,,,,1.0,,,,
Jakhala BO,J8920,Guriani SO,,,1.0,1.0,,1.0,,,,,,
Jamalpur BO,L8302,Pataudi SO,,,1.0,3.0,,,,,,,,
Jant BO,O0176,Khalilpur SO,,,,,,2.0,,2.0,,,,
Jasat BO,O0174,Khalilpur SO,,,1.0,,,2.0,,,,,,
Jataula BO,L6305,Haillymandi SO,,,,,,4.0,,1.0,,,,
Jatauli BO,L6306,Haillymandi SO,,,4.0,3.0,,3.0,,11.0,,,,
Jatusa RS BO,F4824,Rewari SO,,,2.0,3.0,,3.0,,,,,,
Jhabuwa BO,E1309,Bawal SO,,,,5.0,,,,,,,,
Jhal BO,J9907,Nehrugarh SO,,,,,,1.0,,,,,,
Jhanjrola Khera,AV707,,,,3.0,,,,,,,,,
Jharoda BO,J8960,NEHRUGARH SO,,,,1.0,,3.0,,8.0,,,,
Jholri BO,J8961,Nahar SO,,,1.0,,,1.0,,,,,,
Juddi BO,J9908,Kosli SO,,,,1.0,,1.0,,,,,,
Kadarpur BO,G7183,Badshahpur SO,,,1.0,11.0,,1.0,,,,,,
Kankarwali Rewari SO,12340102,,18.0,2.0,3.0,78.0,,25.0,2.0,40.0,,3.0,6.0,
Kannaura BO,I5324,Palhawas SO,,,3.0,,,2.0,,,,,,
Kanwali BO,L7192,Dahina SO,,,,,,1.0,,27.0,,,,
Karawara BO,I5325,Palhawas SO,,,,,,6.0,,4.0,,,,
Karnawas BO,A4457,Rewari SO,,,1.0,1.0,,4.0,,2.0,,,,
Karola BO,L6307,Haillymandi SO,,,1.0,1.0,,,,4.0,,,,
Karoli BO,J8962,Nahar SO,,,1.0,,,13.0,,52.0,,,,
Kasan BO,J6596,Nsg Camp Manesar SO,,,3.0,,,3.0,,3.0,,,,
Khaleta BO,C3666,Khol SO,,,,,,,,4.0,,,,
Khalilpur SO,12250201,,4.0,1.0,3.0,17.0,,8.0,,41.0,,,,
Khandewia BO,L6308,Haillymandi SO,,,,,,,,1.0,,,,
Khandora BO,C9669,Rewari SO,,,,1.0,,,,1.0,,,,
Khandsa Road SO,12200106,,6.0,,3.0,5.0,,5.0,1.0,9.0,,1.0,,
Kharkhara BO,A8325,Dharuhera SO,,,,2.0,,1.0,,1.0,,,,
Khatauli BO,J6602,Nanukalan SO,,,1.0,,,4.0,,2.0,,,,
Khera Khurampur BO,L9306,Farrukh Nagar SO,,,1.0,,,,,5.0,,,,
Kherla BO,G8383,Bhondsi SO,,,4.0,3.0,,1.0,,2.0,,,,
KherliLala BO,L7555,Sohna SO,,,,1.0,,2.0,,,,,,
Khol SO,12310301,,4.0,,0.0,26.0,,7.0,,7.0,,,1.0,
Khor BO,J6603,Nanukalan SO,,,2.0,3.0,,4.0,,2.0,,,,
Khori SO,12310101,,5.0,,6.0,18.0,,10.0,2.0,17.0,,1.0,1.0,
Kiranj BO,L7556,Sohna SO,,,1.0,1.0,,,,,,,,
Kohrar BO,J8963,Nahar SO,,,,1.0,,1.0,,2.0,,,,
Kolana BO,J3523,Kund SO,,,,2.0,,1.0,,,,,,
Kosli SO,12330201,,13.0,,5.0,32.0,,19.0,4.0,77.0,,5.0,4.0,
Kund SO,12310201,,6.0,1.0,5.0,36.0,,16.0,1.0,56.0,,,11.0,
Lakhnaula BO,H8526,Narsinghpur SO,,,2.0,3.0,,2.0,,1.0,,,,
Lilodh BO,J8964,Nahar SO,,,,,,1.0,,,,,,
Lisan BO,L7193,Dahina SO,,,1.0,,,1.0,,,,,,
Lohana BO,L7194,Dahina SO,,,2.0,3.0,,2.0,,18.0,,,,
Lokra BO,J6604,Nanukalan SO,,,3.0,3.0,,3.0,,2.0,,,,
Lookhi BO,J8965,NEHRUGARH SO,,,2.0,4.0,,5.0,,16.0,,,,
Lula Ahir BO,J9911,Nehrugarh SO,,,,,,,,1.0,,,,
Maheshwari BO,F0221,Dharuhera SO,,,,5.0,,,,,,,,
Majra Gurdas BO,B2906,Rewari SO,,,3.0,1.0,,,,,,,,
Majra Sheoraj BO,C9670,Rewari SO,,,,,,,,,,1.0,,
Mamaria Ahir BO,G7109,Khori SO,,,,2.0,,,,,,,,
Mandola BO,D1909,Khol SO,,,,,,1.0,,8.0,,,,
Mankdola BO,L8167,Garhi Harsaru SO,,,,6.0,,5.0,,3.0,,,,
Maruthi Kunj BO,G8384,Bhondsi SO,,,3.0,2.0,,2.0,,3.0,,,,
Masani BO,C5195,Dharuhera SO,,,3.0,3.0,,2.0,,,,,,
Mastapur BO,E6430,Rewari SO,,,,,,,,1.0,,,,
Mayan BO,A6708,Khol SO,,,,,,1.0,,6.0,,,,
Mehchana BO,L6309,Haillymandi SO,,,1.0,,,,,4.0,,,,
Mini Sectt SO,12200107,,,,3.0,5.0,,9.0,6.0,5.0,,,,
Mirpur BO,O0178,Khalilpur SO,,,,2.0,,2.0,,12.0,,,,
Model Town  Rewari SO,12340103,,17.0,1.0,3.0,78.0,,18.0,11.0,69.0,,2.0,10.0,
Mohanpur BO,C9671,Rewari SO,,,1.0,,,2.0,,1.0,,,,
Mohdinpur BO,A4458,Rewari SO,,,,,,3.0,,2.0,,,,
Moklawas BO,G6240,Bhorakalan SO,,,1.0,,,2.0,,5.0,,,,
Motla Kalan BO,L7195,Dahina SO,,,,,,3.0,,1.0,,,,
Mundi BO,L7196,Dahina SO,,,1.0,4.0,,3.0,,1.0,,,,
Nahar Pur Rupa,AV739,,,,,7.0,,1.0,,,,,,
Nahar SO,12330301,,5.0,1.0,3.0,43.0,,21.0,2.0,89.0,,,6.0,
Naichana BO,D2962,Bawal SO,,,,1.0,,1.0,,,,,,
Nangal Pathani BO,J9912,Kosli SO,,,2.0,,,,,,,,,
Nangal Shahbazpur BO,E9702,Bawal SO,,,1.0,,,4.0,,,,,,
Nangal Teju BO,F8082,Bawal SO,,,1.0,7.0,,1.0,,,,,,
Nangli Godha BO,E6431,Rewari SO,,,,1.0,,,,1.0,,,,
Nanukalan SO,12241401,,,,2.0,3.0,,5.0,,10.0,,,4.0,
Narhera BO,L8304,Pataudi SO,,,4.0,,,1.0,,2.0,,,,
Narsinghpur SO,12200401,,,2.0,0.0,46.0,,5.0,,3.0,,,,
Nayagaon BO,J8966,Nahar SO,,,1.0,2.0,,1.0,,,,,,
Nehrugarh SO,12330401,,,2.0,4.0,2.0,,10.0,,9.0,,1.0,,
New Anaz Mandi Rewari SO,12340104,,12.0,2.0,3.0,42.0,,22.0,,39.0,,,10.0,
New Colony SO Gurgaon,12200108,,38.0,1.0,6.0,27.0,,15.0,7.0,46.0,,4.0,10.0,
Noorgarh BO,L6310,Haillymandi SO,,,1.0,1.0,,,,,,,,
Nsg Camp Manesar SO,12205101,,1.0,,5.0,,,5.0,,3.0,,1.0,,
Pachgaon BO,E9279,Bhorakalan SO,,,,,,1.0,,3.0,,,,
Pahari BO,O0179,Khalilpur SO,,,,,,,,5.0,,,,
Palam Road SO,12201501,,12.0,1.0,9.0,8.0,,14.0,2.0,42.0,,3.0,10.0,
Palam Vihar SO Gurgaon,12201701,,26.0,1.0,7.0,28.0,,47.0,27.0,40.0,,5.0,33.0,
Palhawas SO,12303501,,4.0,,15.0,36.0,,12.0,1.0,69.0,,,10.0,
Pali BO,J3525,Kund SO,,,2.0,1.0,,1.0,,1.0,,,,
Paltra BO,F8634,Badshahpur SO,,,1.0,5.0,,,,5.0,,,,
Pataudi SO,12250301,,2.0,,8.0,21.0,,20.0,2.0,63.0,,3.0,5.0,
Pathreri BO,B5765,Bhorakalan SO,,,6.0,1.0,,,,7.0,,,,
Patil RS BO,L9307,Farrukh Nagar SO,,,4.0,,,8.0,,12.0,,,,
Pithrawas BO,F8557,Khori SO,,,,1.0,,2.0,,4.0,,,,
Pranpura BO,C4669,Bawal SO,,,2.0,,,,,1.0,,,,
Punsika BO,F0142,Khori SO,,,,2.0,,,,,,,,
Railwary Road SO,12200601,,9.0,3.0,10.0,23.0,,13.0,3.0,9.0,,1.0,3.0,
Raisina BO,G8385,Bhondsi SO,,,1.0,5.0,,,,,,,,
Rajgarh BO,E9623,Dharan SO,,,3.0,17.0,,2.0,,5.0,,,,
Raliawas BO,C5196,Dharuhera SO,,,1.0,,,5.0,,1.0,,,,
Ramgarh BO,O0180,Khalilpur SO,,,,1.0,,5.0,,5.0,,,,
Rampuri BO,L7198,Dahina SO,,,,1.0,,2.0,,,,,,
Rattanthal BO,J8921,Guriani SO,,,,,,,,9.0,,,,
Rewari SO,12340105,,40.0,2.0,33.0,200.0,,76.0,15.0,206.0,,9.0,34.0,
Rewasan BO,L7557,Sohna SO,,,10.0,8.0,,9.0,,2.0,,,,
Rithoj BO,G8386,Bhondsi SO,,,1.0,10.0,,,,,,,,
Rohrai BO,D8064,Rewari SO,,,6.0,,,,,,,,,
Rojka Meo BO,L7558,Sohna SO,,,2.0,5.0,,,,,,,,
Sadat Nagar BO,J9913,Nehrugarh SO,,,,1.0,,,,,,,,
Saharanwas BO,A4459,Rewari SO,,,1.0,2.0,,3.0,,4.0,,,,
Sangwari BO,F4825,Rewari SO,,,2.0,9.0,,3.0,,3.0,,,,
Sewari BO,L9308,Farrukh Nagar SO,,,2.0,,,2.0,,10.0,,,,
Sherpur BO,O0181,Khalilpur SO,,,,,,1.0,,2.0,,,,
Shivaji Nagar SO Gurgaon,12200109,,8.0,,1.0,21.0,,10.0,2.0,5.0,,3.0,7.0,
Shyam Nagar BO,J9914,Kosli SO,,,,,,4.0,,2.0,,,,
Sidhrawali BO,E9280,Bhorakalan SO,,,4.0,8.0,,1.0,,,,,,
Sikanderpur BO,H8527,Narsinghpur SO,,,,2.0,,2.0,,1.0,,,,
Sikohpur BO,H8528,Narsinghpur SO,,,,2.0,,,,,,,,
Sohna SO,12210301,,14.0,,6.0,65.0,,29.0,3.0,106.0,,13.0,26.0,
Sultanpur BO,L9309,Farrukh Nagar SO,,,3.0,,,2.0,,3.0,,,,
Surehli BO,J9915,Nehrugarh SO,,,,4.0,,,,,,,,
Suthana BO,F8083,Bawal SO,,,1.0,5.0,,,,,,,,
Syed Shahpur BO,J6605,Nanukalan SO,,,,,,,,1.0,,,,
TAJ NAGAR BO,AM121,Farrukh Nagar SO,,,3.0,,,2.0,,,,,,
Tankri BO,F7989,Dharan SO,,,1.0,4.0,,1.0,,5.0,,,,
Tatarpur BO,O0182,Khalilpur SO,,,1.0,,,4.0,,7.0,,,,
Teekli BO,G7184,Badshahpur SO,,,4.0,2.0,,1.0,,28.0,,,,
Tehsil Road Rewari SO,12340106,,14.0,3.0,3.0,77.0,,23.0,16.0,164.0,,14.0,27.0,
Tint BO,D3473,Khori SO,,,1.0,,,,,,,,,
Tumna BO,J9916,Kosli SO,,,2.0,,,2.0,,,,,,
Turkiawas BO,O0183,Khalilpur SO,,,1.0,4.0,,7.0,,15.0,,,,
Unchamajra BO,L8305,Pataudi SO,,,4.0,2.0,,2.0,,1.0,,,,
Urban Estate Gurgaon SO,12200111,,56.0,7.0,13.0,34.0,,28.0,27.0,60.0,,1.0,64.0,
Vatika India Sec 82 SO,12201201,,8.0,1.0,2.0,11.0,,12.0,20.0,10.0,,3.0,12.0,
Ward No. 14 B.O,AO523,Railwary Road SO,,,,,,1.0,,,,,,
Wazipur BO,L8168,Garhi Harsaru SO,,,1.0,2.0,,2.0,,,,,,
Zainabad BO,L7200,Dahina SO,,,1.0,,,1.0,,,,,,
Agroha SO,12504701,,1.0,,8.0,11.0,0.0,3.0,,9.0,,,3.0,
Ahlisadar BO,A3414,Fatehabad SO Fatehabad,,,1.0,2.0,,5.0,,22.0,,,,
Ahmedpur BO,F9956,Sirsa HO,,,4.0,1.0,,3.0,,,,,,
Akanwali BO,H9305,Dharsul Kalan SO,,,2.0,2.0,,5.0,,3.0,,,,
Alika BO,E9885,Baragudha SO,,,2.0,,,,,9.0,,,,
Amani BO,AK415,Tohana Mandi SO,,,2.0,,,,,,,,,
Amritsar Kalan BO,A2293,Ellenabad SO,,,1.0,2.0,,2.0,,,,,,
Anaj Mandi Hansi SO,12503301,,15.0,2.0,8.0,4.0,,28.0,6.0,77.0,,,7.0,
Anandgarh BO,D3182,Baragudha SO,,,3.0,,,3.0,,,,,,
Arniawali BO,A9646,Sirsa HO,,,1.0,,,,,,,,,
Arya Nagar BO,L3897,Ha U Hisar SO,,,,1.0,,2.0,,,,,,
Asa Khera BO,J7262,Chautala SO,,,2.0,,,1.0,,,,,,
Asrawan BO,L4403,Mandi Adampur SO,,,2.0,1.0,,2.0,,,,,,
Ayalki BO,J6565,Rattia SO,,,6.0,1.0,,,,4.0,,,,
Azad Nagar Hisar SO,12500701,,,1.0,4.0,5.0,,14.0,6.0,17.0,,1.0,3.0,
Badala BO,F7582,Bass SO,,,2.0,,,,,4.0,,,,
Badalgarh BO,J6566,Rattia SO,,,1.0,1.0,,3.0,,5.0,,,,
Badchhpar BO,G6164,Bass SO,,,,,,1.0,,3.0,,,,
Badopal SO,12504801,,40.0,3.0,4.0,4.0,,6.0,,54.0,,,1.0,
Badya Brahamana BO,G2202,Modle Town Hisar SO,,,,1.0,,,,,,,,
Bagla BO,L4404,Mandi Adampur SO,,,,2.0,,,,,,,,
Bahaudin SO,12505401,,,,3.0,7.0,,10.0,,,,2.0,,
Bahiya BO,J6184,Siri Jiwan Nagar SO,,,3.0,,,,,,,,,
Baidwala BO,J7789,Sikander Pur SO,,,1.0,,,1.0,,6.0,,,,
Baijalpur BO,A5357,Bhuna SO,,,5.0,,,1.0,,1.0,,,,
Bajekan BO,J7790,Sikander Pur SO,,,2.0,1.0,,5.0,,,,,,
Balak BO,L3926,Pabra SO,,,1.0,,,1.0,,,,,,
Balasar BO,J6185,Siri Jiwan Nagar SO,,,1.0,,,2.0,,,,,,
Baliala BO,J6568,Rattia SO,,,1.0,,,2.0,,,,,,
Balsmand BO,L3898,Ha U Hisar SO,,,5.0,1.0,,1.0,,,,,,
Ban Mandori BO,J7264,Bhattu Kalan SO,,,1.0,,,1.0,,,,,,
Banawali BO,C0337,Fatehabad SO Fatehabad,,,1.0,1.0,,4.0,,,,,,
Banbhori BO,A8326,Barwala SO Hisar,,,2.0,,,7.0,,,,,,
Bangaon BO,F3716,Fatehabad SO Fatehabad,,,,3.0,,,,,,,,
Banni BO,J6186,Siri Jiwan Nagar SO,,,1.0,10.0,,,,,,,,
Banwala BO,J8294,Goriwala SO,,,,2.0,,1.0,,,,,,
Bapp BO,F8284,Baragudha SO,,,2.0,2.0,,2.0,,,,,,
Baragudha SO,12507801,,1.0,1.0,1.0,16.0,,5.0,,13.0,,,,
Baruwalii BO,J7011,Bahaudin SO,,,2.0,1.0,,2.0,,,,,,
BARWALA MANDI SO,12512101,,15.0,4.0,3.0,17.0,,10.0,,31.0,,,1.0,
Barwala Road Hansi SO,12503302,,1.0,,5.0,9.0,,14.0,2.0,47.0,,2.0,,
Barwala SO Hisar,12512102,,1.0,,16.0,49.0,,26.0,5.0,212.0,,1.0,23.0,
Bass SO,12504201,,,,5.0,6.0,,14.0,,8.0,,,1.0,
Begu Road Sirsa SO,12505501,,5.0,,4.0,97.0,,17.0,2.0,50.0,,5.0,8.0,
Behbalpur BO,B1923,Modle Town Hisar SO,,,2.0,5.0,,3.0,,,,,,
Berwala Khurd BO,D5967,Ellenabad SO,,,3.0,,,,,,,,,
Bhadra BO,E1496,Baragudha SO,,,,,,2.0,,,,,,
Bhaini Amirpur BO,J6617,Narnaund SO,,,1.0,,,3.0,,3.0,,,,
Bhaini Badshahpur BO,C5197,Barwala SO Hisar,,,3.0,1.0,,,,3.0,,,,
Bhaklana BO,J2175,Khanda Kheri SO,,,,,,,,2.0,,,,
Bhamboor BO,B8059,Sirsa HO,,,3.0,1.0,,3.0,,,,,,
Bharokhan BO,J7791,Sikander Pur SO,,,3.0,,,,,2.0,,,,
Bharolianwali BO,J6187,Siri Jiwan Nagar SO,,,,,,2.0,,10.0,,,,
Bhatol Jattan BO,A7271,Bass SO,,,1.0,1.0,,1.0,,7.0,,,,
Bhattu Kalan SO,12505301,,,,9.0,22.0,,11.0,1.0,22.0,,,8.0,
Bhiwan BO,G6837,Baragudha SO,,,1.0,1.0,,,,2.0,,,,
Bhoda BO,E0837,Agroha SO,,,2.0,,,4.0,,3.0,,,,
Bhodia Bishnoian BO,G2175,Fatehabad SO Fatehabad,,,2.0,,,,,,,,,
Bhodia Khera BO,B1910,Fatehabad SO Fatehabad,,,,6.0,,,,,,,,
Bhuna SO,12511101,,3.0,1.0,8.0,16.0,,15.0,2.0,31.0,,1.0,6.0,
Bhuratwala BO,C6445,Sirsa HO,,,4.0,,,1.0,,,,,,
Bhuthan Kalan BO,C0338,Fatehabad SO Fatehabad,,,6.0,3.0,,1.0,,,,,,
Biana Khera BO,E1835,Barwala SO Hisar,,,3.0,,,1.0,,,,,,
Bighar BO,F3717,Fatehabad SO Fatehabad,,,2.0,,,,,,,,,
Bijuwali BO,J8295,Goriwala SO,,,5.0,,,,,,,,,
Bobua BO,F0119,Uklana Mandi SO,,,2.0,1.0,,3.0,,1.0,,,,
Bora BO,J6570,Rattia SO,,,2.0,2.0,,1.0,,4.0,,,,
Bosti BO,F8536,Uklana Mandi SO,,,,1.0,,2.0,,1.0,,,,
BSF Hisar SO,12501101,,,1.0,0.0,0.0,,5.0,,1.0,,,,
Budana BO,J6618,Narnaund SO,,,1.0,,,,,,,,,
Bugana BO,C5198,Barwala SO Hisar,,,1.0,,,2.0,,7.0,,,,
Burak BO,L3900,Ha U Hisar SO,,,,,,2.0,,,,,,
Burj Bhangu BO,J6533,Odhan SO,,,3.0,,,,,,,,,
Buwan BO,D3455,Uklana Mandi SO,,,,,,3.0,,,,,,
Chadiwal BO,J3470,Chopta Nathu Sari SO,,,1.0,,,,,3.0,,,,
Chaharwala BO,J3471,Chopta Nathu Sari SO,,,3.0,,,,,,,,,
Chainat BO,G2170,Hansi SO,,,,1.0,,4.0,,,,,,
Chakarian BO,A9647,Sirsa HO,,,1.0,,,1.0,,1.0,,,,
Chakkan BO,J8296,Goriwala SO,,,3.0,14.0,,1.0,,,,,,
Chakpanihar BO,A7530,Azad Nagar Hisar SO,,,,2.0,,1.0,,,,,,
Chamal BO,A9648,Sirsa HO,,,1.0,,,2.0,,,,,,
Chamar Khera BO,B6639,Uklana Mandi SO,,,,10.0,,,,,,,,
Chandoh Kalan BO,J6571,Rattia SO,,,2.0,3.0,,2.0,,,,,,
Chandrawal BO,D0586,Bhuna SO,,,1.0,,,,,,,,,
Chatha BO,L6264,Mandi Dabwali SO,,,,5.0,,,,,,,,
Chaubara BO,G4242,Bhuna SO,,,4.0,2.0,,,,3.0,,,,
Chaudhariwas BO,E9444,Azad Nagar Hisar SO,,,4.0,,,,,8.0,,,,
Chautala SO,12510101,,,3.0,11.0,21.0,,9.0,,7.0,,,,
Chikanwas BO,G6225,Agroha SO,,,,2.0,,2.0,,22.0,,,,
Chimmon BO,J6572,Rattia SO,,,3.0,,,,,27.0,,,,
Chinder BO,G6167,Badopal SO,,,,10.0,,1.0,,,,,,
Chopta Nathu Sari SO,12511001,,,1.0,7.0,5.0,,9.0,,7.0,,,,
Chormar BO,J6534,Odhan SO,,,,,,,,7.0,,,,
Chuli Bagrian BO,L4405,Mandi Adampur SO,,,,3.0,,3.0,,3.0,,,,
Chuli Khurd BO,L4406,Mandi Adampur SO,,,1.0,1.0,,4.0,,1.0,,,,
Dabra BO,E5444,Modle Town Hisar SO,,,,1.0,,,,3.0,,,,
Dabwali Town SO,12510401,,,,,12.0,,4.0,,,,,,
Dabwali Village BO,L6265,Mandi Dabwali SO,,,,,,1.0,,,,,,
Dahima BO,H8906,Hisar Cantt SO,,,2.0,3.0,,5.0,,,,,,
Dahman BO,L3927,Pabra SO,,,2.0,2.0,,,,,,,,
Daiyar BO,J7265,Bhattu Kalan SO,,,,,,1.0,,,,,,
Damdama BO,J6188,Siri Jiwan Nagar SO,,,,7.0,,,,,,,,
Darba Kalan BO,J3472,Chopta Nathu Sari SO,,,1.0,,,,,,,,,
Darbi BO,J7792,Sikander Pur SO,,,2.0,,,,,,,,,
Dariyapur BO,C8619,Fatehabad SO Fatehabad,,,2.0,,,3.0,,,,,,
Daroli BO,L4407,Mandi Adampur SO,,,1.0,2.0,,2.0,,,,,,
Datta BO,H3016,Sisai SO Hisar,,,3.0,5.0,,3.0,,22.0,,,,
Daultpur BO,F0222,Barwala SO Hisar,,,5.0,,,,,2.0,,,,
Daya BO,G2203,Modle Town Hisar SO,,,2.0,,,,,19.0,,,,
Degoh BO,H9306,Dharsul Kalan SO,,,1.0,,,1.0,,,,,,
Desu Mulkana BO,L5328,Kalanwali SO,,,1.0,1.0,,4.0,,9.0,,,,
Dhabi Kalan BO,J7266,Bhattu Kalan SO,,,,3.0,,3.0,,5.0,,,,
Dhadh BO,G7185,Barwala SO Hisar,,,1.0,1.0,,3.0,,,,,,
Dhana Kalan BO,F3714,Hansi SO,,,,1.0,,3.0,,,,,,
Dhana Khurd BO,B1906,Hansi SO,,,1.0,2.0,,1.0,,2.0,,,,
Dhand BO,G2176,Fatehabad SO Fatehabad,,,,1.0,,2.0,,,,,,
Dhanderi BO,F3715,Hansi SO,,,,,,1.0,,,,,,
Dhanger BO,A7273,Badopal SO,,,6.0,,,,,,,,,
Dhani Gopal BO,D0587,Bhuna SO,,,2.0,,,3.0,,,,,,
Dhani Khan Bahadur BO,G7186,Barwala SO Hisar,,,1.0,,,1.0,,1.0,,,,
Dhani Majra BO,G2177,Fatehabad SO Fatehabad,,,3.0,5.0,,1.0,,,,,,
Dhani Peeranwali BO,B1905,Hansi SO,,,,2.0,,6.0,,5.0,,,,
Dhansu BO,E5445,Modle Town Hisar SO,,,4.0,1.0,,3.0,,,,,,
Dharam Kheri BO,J2176,Khanda Kheri SO,,,,4.0,,1.0,,,,,,
Dharampura BO,J6189,Siri Jiwan Nagar SO,,,1.0,5.0,,,,12.0,,,,
Dharsul Kalan SO,12510601,,,1.0,2.0,8.0,,9.0,,17.0,,3.0,,
Dhingsara BO,J7267,Bhattu Kalan SO,,,1.0,,,3.0,,,,,,
Dholu BO,E7325,Bhuna SO,,,1.0,,,2.0,,,,,,
Ding SO,12505801,,,2.0,5.0,3.0,,5.0,,3.0,,,2.0,
DOBHI BO,L3902,Ha U Hisar SO,,,1.0,,,2.0,,,,,,
Dohtar BO,L6356,Rania SO,,,5.0,,,2.0,,10.0,,,,
Dudianwali BO,J6190,Siri Jiwan Nagar SO,,,2.0,2.0,,,,,,,,
Dullat BO,B3822,Bhuna SO,,,4.0,2.0,,,,,,,,
Durjanpur BO,L4408,Mandi Adampur SO,,,1.0,1.0,,,,,,,,
Ellenabad SO,12510201,,,,14.0,53.0,,24.0,,88.0,,1.0,21.0,
Faridpur BO,B6757,Barwala SO Hisar,,,2.0,,,1.0,,,,,,
Fatehabad SO Fatehabad,12505001,,27.0,4.0,35.0,114.0,,46.0,8.0,124.0,,18.0,12.0,
Fatehabd Kty SO,12505002,,,,,95.0,,14.0,52.0,14.0,,6.0,9.0,
Fatehpuri BO,D9412,Tohana Mandi SO,,,1.0,,,2.0,,,,,,
Ferozabad BO,A1157,Sirsa HO,,,,1.0,,,,,,,,
Furwain Kalan BO,J7793,Sikander Pur SO,,,1.0,1.0,,1.0,,5.0,,,,
Gaibipur BO,F0223,Barwala SO Hisar,,,8.0,2.0,,1.0,,1.0,,,,
Gajuwala BO,C2820,Tohana Mandi SO,,,,10.0,,,,,,,,
Gamra BO,J6619,Narnaund SO,,,,,,1.0,,4.0,,,,
Ganda BO,J6573,Nagpur S.O.,,,,,,1.0,,,,,,
Ganga BO,J8297,Goriwala SO,,,1.0,2.0,,2.0,,5.0,,,,
Gangwa BO,C4404,Azad Nagar Hisar SO,,,5.0,2.0,,1.0,,,,,,
Garhi BO,B1907,Hansi SO,,,1.0,,,,,,,,,
Gawar BO,G6384,Azad Nagar Hisar SO,,,,1.0,,1.0,,,,,,
Ghirai BO,C0333,Hansi SO,,,3.0,,,2.0,,,,,,
Ghoranwali BO,J8298,Goriwala SO,,,1.0,,,2.0,,,,,,
Ghursal BO,L4409,Mandi Adampur SO,,,,,,1.0,,5.0,,,,
Gillan Khera BO,E5430,Fatehabad SO Fatehabad,,,,1.0,,1.0,,,,,,
Gju Hisar SO,12500102,,2.0,,1.0,6.0,,4.0,,11.0,,1.0,3.0,
Glf Hisar BO,N8073,BSF Hisar SO,,,2.0,2.0,,1.0,,,,,,
Gorakhpur BO,E0838,Agroha SO,,,,,,1.0,,,,,,
Gorchi BO,E9445,Azad Nagar Hisar SO,,,,,,1.0,,,,,,
Goriwala SO,12510301,,,,3.0,0.0,,7.0,,5.0,,,1.0,
Gudia Kheda BO,A1158,Sirsa HO,,,2.0,7.0,,2.0,,2.0,,,,
Gurana BO,C5199,Barwala SO Hisar,,,,1.0,,,,,,,,
Gurusar BO,J6574,Rattia SO,,,,1.0,,2.0,,,,,,
Gussiaiyana BO,J3473,Chopta Nathu Sari SO,,,2.0,,,5.0,,,,,,
Ha U Hisar SO,12500401,,5.0,1.0,5.0,22.0,,20.0,67.0,25.0,,,8.0,
Haibatpur BO,J6620,Narnaund SO,,,2.0,,,,,,,,,
Hajampur BO,C8615,Hansi SO,,,1.0,2.0,,1.0,,20.0,,,,
Hajrawan Kalan BO,B1911,Fatehabad SO Fatehabad,,,1.0,,,,,,,,,
Hajrawan Khurd BO,C0339,Fatehabad SO Fatehabad,,,,,,2.0,,10.0,,,,
Hamzapur BO,J6575,Rattia SO,,,,,,2.0,,,,,,
Handalwala BO,H9308,Dharsul Kalan SO,,,1.0,4.0,,4.0,,,,,,
Hansi City SO,12503303,,1.0,1.0,6.0,40.0,,18.0,7.0,77.0,,,4.0,
Hansi SO,12503304,,16.0,7.0,35.0,85.0,,52.0,8.0,143.0,,2.0,16.0,
Hanziran BO,J3474,Chopta Nathu Sari SO,,,,,,1.0,,,,,,
Haripura BO,J6191,Siri Jiwan Nagar SO,,,,2.0,,,,,,,,
Harita BO,C8642,Modle Town Hisar SO,,,,,,3.0,,2.0,,,,
Haroli BO,J6577,Nagpur S.O.,,,1.0,,,,,5.0,,,,
Hassanga BO,J6578,Rattia SO,,,1.0,,,2.0,,,,,,
Hassangarh BO,F8537,Uklana Mandi SO,,,2.0,1.0,,3.0,,,,,,
Hisar  Nai Mandi SO,12500104,,1.0,1.0,3.0,4.0,,1.0,1.0,2.0,,,,
Hisar Cantt SO,12500601,,6.0,,2.0,10.0,,26.0,,12.0,,,4.0,
Hisar City SO,12500105,,6.0,2.0,1.0,19.0,,,32.0,14.0,,1.0,3.0,
Hisar HO,12500100,,38.0,13.0,27.0,141.0,,93.0,24.0,385.0,,21.0,97.0,
Hisar Kty SO,12500106,,1.0,,4.0,18.0,,18.0,2.0,9.0,,,,
HTM Hisar SO,12500103,,2.0,,6.0,23.0,,15.0,5.0,37.0,,,,
IACBP Hisar BO,B1924,Modle Town Hisar SO,,,,20.0,,2.0,,4.0,,,,
Inda Chhoi BO,A5879,Tohana Mandi SO,,,,,,1.0,,1.0,,,,
Jagmalwali BO,L5330,Kalanwali SO,,,,,,,,10.0,,,,
Jakhal Mandi SO,12513301,,1.0,1.0,3.0,20.0,,7.0,3.0,51.0,,2.0,11.0,
Jakhod Khera BO,L4410,Mandi Adampur SO,,,,1.0,,,,,,,,
Jalalana BO,L5331,Kalanwali SO,,,,,,2.0,,,,,,
Jallopur BO,J6579,Nagpur S.O.,,,3.0,1.0,,,,2.0,,,,
Jamal BO,J3475,Chopta Nathu Sari SO,,,,2.0,,,,,,,,
Jamalpur Sheikhan BO,D9413,Tohana Mandi SO,,,1.0,,,2.0,,,,,,
Jamawari BO,C8616,Hansi SO,,,1.0,,,5.0,,2.0,,,,
Jandli Kalan BO,B3823,Bhuna SO,,,1.0,1.0,,5.0,,6.0,,,,
Jandli Khurd BO,D8931,Bhuna SO,,,1.0,8.0,,3.0,,,,,,
Jandwala Bishnoian BO,J7263,Chautala SO,,,1.0,,,,,,,,,
Jandwala BO,J7268,Bhattu Kalan SO,,,4.0,27.0,,1.0,,,,,,
JCD Vidyapeeth Sirsa,12505601,,,1.0,2.0,25.0,,4.0,6.0,34.0,,1.0,2.0,
Jeora BO,F0224,Barwala SO Hisar,,,,,,,,2.0,,,,
Jhalnia BO,A3415,Fatehabad SO Fatehabad,,,1.0,,,,,,,,,
Jhorar Rohi BO,G6838,Baragudha SO,,,1.0,,,,,,,,,
Jhornali BO,D4829,Sirsa HO,,,2.0,,,1.0,,,,,,
Jodhkan BO,F9957,Sirsa HO,,,4.0,2.0,,,,2.0,,,,
Jodhpuria BO,L6357,Rania SO,,,2.0,4.0,,5.0,,,,,,
Juglan BO,E5446,Modle Town Hisar SO,,,1.0,,,1.0,,,,,,
Kabrel BO,L4411,Mandi Adampur SO,,,,,,1.0,,10.0,,,,
Kagasar BO,J2177,Khanda Kheri SO,,,1.0,,,,,,,,,
Kagdana BO,J3476,Chopta Nathu Sari SO,,,2.0,1.0,,1.0,,,,,,
Kajlan BO,L4412,Mandi Adampur SO,,,2.0,7.0,,,,,,,,
Kalanwali SO,12520101,,3.0,1.0,9.0,113.0,,25.0,1.0,120.0,,8.0,22.0,
Kalirawan BO,L4413,Mandi Adampur SO,,,,4.0,,,,,,,,
Kaluana BO,J8299,Goriwala SO,,,2.0,,,3.0,,,,,,
Kamana BO,J6580,Rattia SO,,,1.0,7.0,,1.0,,,,,,
Kanheri BO,A5880,Tohana Mandi SO,,,4.0,,,,,10.0,,,,
Kanoh Punia BO,L3928,Pabra SO,,,3.0,,,2.0,,18.0,,,,
Kanwari BO,G8428,Nalwa SO,,,3.0,2.0,,3.0,,2.0,,,,
Kapro BO,J6621,Narnaund SO,,,1.0,1.0,,,,,,,,
Karamsana B.O.,AP171,Ellenabad SO,,,,4.0,,1.0,,,,,,
Karandi BO,H9309,Dharsul Kalan SO,,,,2.0,,,,1.0,,,,
Kariwala BO,J6192,Siri Jiwan Nagar SO,,,4.0,7.0,,,,,,,,
Karnoli BO,C0340,Fatehabad SO Fatehabad,,,,7.0,,,,,,,,
Keharwala BO,J8300,Goriwala SO,,,1.0,10.0,,4.0,,,,,,
Keshopura BO,C6446,Sirsa HO,,,3.0,,,,,,,,,
Khabra Kalan BO,J7269,Bhattu Kalan SO,,,4.0,,,2.0,,,,,,
Khai Shergarh,AP172,Odhan SO,,,,2.0,,1.0,,,,,,
Khairampur BO,L4414,Mandi Adampur SO,,,2.0,,,4.0,,5.0,,,,
Khairati Khera BO,C0341,Fatehabad SO Fatehabad,,,1.0,,,2.0,,,,,,
Khairekan BO,J6535,Odhan SO,,,2.0,,,2.0,,4.0,,,,
Khairpur SO,12505502,,2.0,2.0,3.0,35.0,,11.0,2.0,38.0,,,7.0,
Khajuri Jatti BO,G4243,Bhuna SO,,,,15.0,,1.0,,,,,,
Khanda Kheri SO,12503801,,,,1.0,0.0,,12.0,1.0,11.0,,,1.0,
Khara Kheri BO,D2444,Badopal SO,,,3.0,,,,,3.0,,,,
Kharak Punia BO,B6758,Barwala SO Hisar,,,2.0,2.0,,1.0,,,,,,
Kharar Alipur BO,L3934,Satroad Khurd SO,,,5.0,6.0,,7.0,,27.0,,,,
Kharbala BO,G6165,Bass SO,,,6.0,1.0,,1.0,,2.0,,,,
Khari Sureran BO,D5968,Ellenabad SO,,,,2.0,,,,,,,,
Kharia BO,L3904,Ha U Hisar SO,,,,,,1.0,,,,,,
Kharian BO,L6358,Rania SO,,,5.0,5.0,,3.0,,2.0,,,,
Kharkara BO,B6759,Barwala SO Hisar,,,4.0,1.0,,1.0,,,,,,
Kharkari BO,C8617,Hansi SO,,,1.0,,,,,,,,,
Khedar BO,F8637,Barwala SO Hisar,,,1.0,,,,,10.0,,,,
Kheri Barki BO,A3432,Modle Town Hisar SO,,,6.0,,,,,2.0,,,,
Kheri Gangan BO,H3017,Sisai SO Hisar,,,,,,3.0,,42.0,,,,
Kheri Jalab BO,J6622,Narnaund SO,,,,,,1.0,,,,,,
Khuiyana Malkana BO,L6268,Mandi Dabwali SO,,,2.0,1.0,,2.0,,5.0,,,,
Khunan BO,J6581,Nagpur S.O.,,,1.0,2.0,,,,,,,,
Kinala BO,L3930,Pabra SO,,,3.0,,,,,1.0,,,,
Kirdhan BO,J7270,Bhattu Kalan SO,,,2.0,,,1.0,,,,,,
Kirmara BO,F7640,Agroha SO,,,1.0,,,1.0,,,,,,
Kirori BO,L3931,Pabra SO,,,1.0,,,,,3.0,,,,
Kirtan BO,L3905,Ha U Hisar SO,,,2.0,1.0,,2.0,,4.0,,,,
Kishangarh BO,L4415,Mandi Adampur SO,,,,4.0,,,,,,,,
Kohli BO,L4416,Mandi Adampur SO,,,,,,1.0,,,,,,
Koth Khurd BO,J6624,Narnaund SO,,,,1.0,,11.0,,2.0,,,,
Kudni BO,F6201,Tohana Mandi SO,,,3.0,,,1.0,,10.0,,,,
Kukranwali BO,A3416,Fatehabad SO Fatehabad,,,3.0,14.0,,7.0,,18.0,,,,
Kulana BO,C0334,Hansi SO,,,1.0,,,1.0,,10.0,,,,
Kuleri BO,B5746,Agroha SO,,,,,,3.0,,,,,,
Kullan BO,H9310,Dharsul Kalan SO,,,,,,,,6.0,,,,
Kumaharia BO,A7320,Agroha SO,,,1.0,2.0,,,,,,,,
Kumba Khera BO,F8539,Uklana Mandi SO,,,1.0,,,2.0,,,,,,
Kumbha BO,C8618,Hansi SO,,,2.0,2.0,,4.0,,2.0,,,,
Kurangawali BO,G6839,Baragudha SO,,,2.0,,,,,8.0,,,,
Kusumbhi BO,A1159,Sirsa HO,,,,,,1.0,,,,,,
Kutewadh BO,F1511,Sirsa HO,,,,1.0,,,,,,,,
Laduwas BO,J6582,Rattia SO,,,,3.0,,,,2.0,,,,
Ladwa BO,H8907,Hisar Cantt SO,,,3.0,4.0,,1.0,,,,,,
Ladwi BO,L4417,Mandi Adampur SO,,,1.0,1.0,,4.0,,,,,,
Lakarwali BO,L5332,Kalanwali SO,,,2.0,,,1.0,,,,,,
Lalauda BO,D9414,Tohana Mandi SO,,,2.0,,,,,,,,,
Lali BO,J6583,Rattia SO,,,,,,1.0,,34.0,,,,
Landhari BO,D2498,Agroha SO,,,1.0,1.0,1.0,,,,,,,
Lehangewala BO,C4849,Baragudha SO,,,2.0,,,,,,,,,
Lehraian BO,H9311,Dharsul Kalan SO,,,,,,,,1.0,,,,
Litani BO,E1732,Uklana Mandi SO,,,1.0,1.0,,5.0,,6.0,,,,
Lohari Ragho BO,J6625,Narnaund SO,,,,,,1.0,,,,,,
Ludesar BO,J3477,Chopta Nathu Sari SO,,,,,,3.0,,4.0,,,,
M S Rattia SO,12505102,,12.0,4.0,6.0,1.0,,5.0,5.0,2.0,,,,
M.S Ellenabad SO,12510202,,1.0,,3.0,,,1.0,,,,,,
Madanheri BO,C4149,Bass SO,,,2.0,1.0,,2.0,,,,,,
Madha BO,J6626,Narnaund SO,,,,1.0,,,,12.0,,,,
Madho Singhana BO,F9958,Sirsa HO,,,1.0,,,2.0,,,,,,
Mahalsara BO,L4418,Mandi Adampur SO,,,1.0,5.0,,,,2.0,,,,
Mahmadpur Rohi BO,G6168,Badopal SO,,,3.0,1.0,,4.0,,4.0,,,,
Majra BO,J6627,Narnaund SO,,,3.0,1.0,,3.0,,18.0,,,,
Makhosarani BO,J3478,Chopta Nathu Sari SO,,,2.0,,,2.0,,,,,,
Mallekan BO,A9649,Sirsa HO,,,,4.0,1.0,3.0,,2.0,,,,
Mamera Kalan BO,E4282,Ellenabad SO,,,,10.0,,,,,,,,
Mandi Adampur SO,12505201,,69.0,3.0,15.0,129.0,,37.0,5.0,62.0,,7.0,19.0,
Mandi Dabwali SO,12510402,,5.0,2.0,7.0,40.0,,20.0,9.0,21.0,,4.0,20.0,
Mangala BO,F9959,Sirsa HO,,,5.0,,,3.0,,2.0,,,,
Mangali BO,D7107,Modle Town Hisar SO,,,2.0,1.0,,1.0,,,,,,
Manghera BO,H9312,Dharsul Kalan SO,,,1.0,6.0,,2.0,,,,,,
Marh BO,J6584,Nagpur S.O.,,,1.0,,,1.0,,2.0,,,,
Masitan BO,L6271,Mandi Dabwali SO,,,,,,1.0,,,,,,
Masudpur BO,H3019,Sisai SO Hisar,,,1.0,,,4.0,,21.0,,,,
Matdadu BO,J8301,Goriwala SO,,,1.0,11.0,,1.0,,,,,,
Matloda BO,D3549,Barwala SO Hisar,,,2.0,,,,,,,,,
Mattar Sham BO,L3906,Ha U Hisar SO,,,,,,1.0,,,,,,
Maujdin BO,D4830,Sirsa HO,,,,6.0,,1.0,,25.0,,,,
Maujgarbh BO,L6272,Mandi Dabwali SO,,,1.0,,,3.0,,3.0,,,,
Mauju Khera BO,J7012,Bahaudin SO,,,,,,2.0,,,,,,
Mauju Khera BO,A2294,Ellenabad SO,,,,1.0,,1.0,,4.0,,,,
Mayar BO,L3935,Satroad Khurd SO,,,,1.0,,,,19.0,,,,
MCHisar SO,12500107,,3.0,,5.0,64.0,,20.0,1.0,41.0,,4.0,,
Mehanda BO,A3412,Hansi SO,,,,,,,,10.0,,,,
Mehmra BO,J6585,Rattia SO,,,1.0,,,1.0,,,,,,
Mehuwala BO,J7271,Bhattu Kalan SO,,,4.0,1.0,,2.0,,,,,,
Meond Kalan BO,L3890,Jakhal Mandi SO,,,2.0,,,,,,,,,
Meond Khurd BO,L3891,Jakhal Mandi SO,,,2.0,,,,,,,,,
Milakpur BO,J6628,Narnaund SO,,,1.0,,,,,,,,,
Mini Secretariat Hansi SO,12503305,,15.0,,1.0,,,,,7.0,,,,
Mini Sectthisar SO,12500108,,4.0,2.0,3.0,14.0,,10.0,7.0,26.0,,,,
MiniSecttSirsa SO,12505503,,7.0,,2.0,46.0,,7.0,1.0,53.0,,,2.0,
Mirana BO,J6586,Rattia SO,,,2.0,10.0,,,,,,,,
Mirchpur BO,J6629,Narnaund SO,,,6.0,2.0,,5.0,,12.0,,,,
Mirzapur BO,B9190,Ellenabad SO,,,1.0,,,5.0,,8.0,,,,
Mirzapur BO,C0356,Modle Town Hisar SO,,,,3.0,,3.0,,,,,,
Mithanpura BO,C7470,Ellenabad SO,,,,3.0,,,,,,,,
Mithri BO,L6273,Mandi Dabwali SO,,,,1.0,,1.0,,,,,,
Moda Khera BO,L4419,Mandi Adampur SO,,,,,,2.0,,,,,,
Modle Town Hisar SO,12500501,,12.0,4.0,11.0,31.0,,23.0,18.0,46.0,,,14.0,
Mohabatpur BO,L4420,Mandi Adampur SO,,,1.0,,,,,,,,,
Mohmadpur Sotter BO,J6587,Rattia SO,,,3.0,,,,,,,,,
Moriwala BO,J7794,Sikander Pur SO,,,1.0,1.0,,,,,,,,
Moth BO,J6630,Narnaund SO,,,2.0,2.0,,4.0,,1.0,,,,
MTS Sirsa SO,12505504,,48.0,1.0,5.0,53.0,,25.0,2.0,38.0,,2.0,20.0,
Muklan BO,F7827,Azad Nagar Hisar SO,,,1.0,,,1.0,,,,,,
Munawali BO,E5431,Fatehabad SO Fatehabad,,,1.0,,,3.0,,2.0,,,,
Mundlian BO,L3892,Jakhal Mandi SO,,,4.0,9.0,,1.0,,,,,,
Munnawali BO,J8302,Goriwala SO,,,,5.0,,1.0,,,,,,
Musa Khera BO,H9313,Dharsul Kalan SO,,,2.0,,,,,,,,,
Muzadpur BO,G8429,Nalwa SO,,,3.0,,,,,,,,,
Nadhori BO,C2294,Bhuna SO,,,3.0,1.0,,3.0,,,,,,
Nagoki BO,C4850,Baragudha SO,,,1.0,,,2.0,,10.0,,,,
Nagpur S.O.,12506101,,,4.0,10.0,3.0,,2.0,,0.0,,,,
Nai Mandi Fatehabad SO,12505003,,1.0,,,38.0,,12.0,5.0,41.0,,,8.0,
Nai Mandi Sirsa SO,12505505,,14.0,5.0,4.0,94.0,,21.0,4.0,20.0,,3.0,7.0,
Nakhatia BO,B1912,Fatehabad SO Fatehabad,,,,3.0,,7.0,,,,,,
Nakora BO,J6193,Siri Jiwan Nagar SO,,,1.0,,,1.0,,,,,,
Nalwa SO,12503701,,,,2.0,1.0,,1.0,,5.0,,,,
NAM Hisar SO,12500109,,2.0,,3.0,5.0,,9.0,3.0,17.0,,1.0,11.0,
Nangal BO,J6589,Rattia SO,,,,1.0,,1.0,,1.0,,,,
Nangla BO,D1135,Tohana Mandi SO,,,4.0,2.0,,2.0,,1.0,,,,
Nangthala BO,A7321,Agroha SO,,,2.0,,,,,,,,,
Nanheri BO,H9314,Dharsul Kalan SO,,,1.0,,,1.0,,14.0,,,,
Nanuana BO,L6359,Rania SO,,,5.0,,,,,,,,,
Nara BO,J6631,Narnaund SO,,,,,,1.0,,2.0,,,,
Narnaund SO,12503901,,,2.0,8.0,11.0,,18.0,1.0,12.0,,5.0,5.0,
Nathore BO,J6194,Siri Jiwan Nagar SO,,,,,,1.0,,,,,,
Nathusari Kalan BO,J3479,Chopta Nathu Sari SO,,,3.0,,,,,,,,,
Nathuwal BO,L3893,Jakhal Mandi SO,,,1.0,,,,,10.0,,,,
Nathwan BO,J6590,Rattia SO,,,,1.0,,,,11.0,,,,
Nehla BO,L3932,Pabra SO,,,5.0,,,2.0,,10.0,,,,
Neoli Kalan BO,L3907,Ha U Hisar SO,,,5.0,1.0,,3.0,,,,,,
Nezadela Khurd BO,J6536,Odhan SO,,,1.0,1.0,,1.0,,,,,,
Niyana BO,C8643,Modle Town Hisar SO,,,2.0,1.0,,3.0,,2.0,,,,
Nozadela Kalan BO,J7795,Sikander Pur SO,,,,1.0,,3.0,,,,,,
Nuhiyanwali BO,J6537,Odhan SO,,,1.0,,,4.0,,,,,,
Odhan SO,12507701,,,,1.0,3.0,,14.0,,0.0,,,,
Ottu BO,A1160,Sirsa HO,,,6.0,,,,,1.0,,,,
Pabra SO,12511201,,1.0,,5.0,2.0,,6.0,,11.0,,,,
Pali BO,H3020,Sisai SO Hisar,,,3.0,,,1.0,,7.0,,,,
Palsar BO,J6591,Rattia SO,,,,,,,,15.0,,,,
PANIHARI BO,J7796,Sikander Pur SO,,,,1.0,,,,,,,,
Panihari BO,F8638,Barwala SO Hisar,,,3.0,,,2.0,,,,,,
Paniwala Mota BO,J6538,Odhan SO,,,2.0,,,,,20.0,,,,
Paniwala Ruldu BO,L6274,Mandi Dabwali SO,,,,1.0,,,,5.0,,,,
Panjuana BO,J6539,Odhan SO,,,1.0,4.0,,1.0,,2.0,,,,
Parbhuwala BO,B6640,Uklana Mandi SO,,,4.0,3.0,,2.0,,3.0,,,,
Partan BO,G4791,Tohana Mandi SO,,,,50.0,,,,,,,,
Patel Nager Hisar SO,12500110,,13.0,,4.0,33.0,,12.0,59.0,76.0,,3.0,20.0,
Petwar BO,A3413,Hansi SO,,,1.0,,,10.0,,17.0,,,,
Phulkan BO,J7797,Sikander Pur SO,,,,,,,,10.0,,,,
Phullan BO,J6592,Nagpur S.O.,,,1.0,,,,,,,,,
Pili Mandori BO,J7272,Bhattu Kalan SO,,,2.0,,,1.0,,,,,,
Pipli BO,L5335,Kalanwali SO,,,,,,,,9.0,,,,
Pirthala BO,C2821,Tohana Mandi SO,,,2.0,,,1.0,,,,,,
Poharkan BO,A2295,Ellenabad SO,,,2.0,2.0,,,,5.0,,,,
Puthi Samain BO,B5692,Bass SO,,,3.0,,,,,12.0,,,,
Puthimangal Khan BO,B1909,Hansi SO,,,,1.0,,1.0,,,,,,
Qutabpur BO,L3936,Satroad Khurd SO,,,,15.0,,1.0,,,,,,
Rainwali BO,G4792,Tohana Mandi SO,,,2.0,1.0,,1.0,,10.0,,,,
Raipur BO,L3937,Satroad Khurd SO,,,,2.0,,2.0,,,,,,
Rajli BO,F0225,Barwala SO Hisar,,,4.0,,,,,1.0,,,,
Rajthal BO,J6632,Narnaund SO,,,2.0,,,,,,,,,
Rakhi Shahpur BO,J6633,Narnaund SO,,,4.0,1.0,,4.0,,,,,,
Rampur Bishnoian BO,J8303,Goriwala SO,,,3.0,,,,,,,,,
Ramsara BO,J7273,Bhattu Kalan SO,,,2.0,,,5.0,,,,,,
Randhawa BO,D4831,Sirsa HO,,,2.0,,,2.0,,,,,,
Rania SO,12507601,,3.0,,3.0,24.0,,8.0,,20.0,,,5.0,
Ratta Khera BO,J6594,Nagpur S.O.,,,,,,1.0,,,,,,
Ratta Theh BO,H9315,Dharsul Kalan SO,,,,,,2.0,,,,,,
Ratta Tibba BO,C8620,Fatehabad SO Fatehabad,,,2.0,3.0,,,,10.0,,,,
Rattia SO,12505101,,1.0,,9.0,11.0,,16.0,1.0,26.0,,,8.0,
Rawalwas Khurd BO,L3908,Ha U Hisar SO,,,4.0,20.0,,,,,,,,
Risalia Khera BO,J8304,Goriwala SO,,,3.0,1.0,,4.0,,1.0,,,,
Rupawas BO,J3480,Chopta Nathu Sari SO,,,1.0,,,4.0,,,,,,
Sadalpur BO,L4421,Mandi Adampur SO,,,4.0,1.0,,2.0,,,,,,
Sadhanwas BO,L3894,Jakhal Mandi SO,,,1.0,,,,,,,,,
Sahu BO,G7092,Uklana Mandi SO,,,,,,1.0,,,,,,
Sahuwala BO,J6540,Odhan SO,,,,,,1.0,,8.0,,,,
Sahuwala ii BO,J3481,Chopta Nathu Sari SO,,,1.0,3.0,,4.0,,19.0,,,,
Sakta Khera BO,L6275,Mandi Dabwali SO,,,1.0,1.0,,1.0,,,,,,
Salemgarh BO,L4422,Mandi Adampur SO,,,1.0,1.0,,2.0,,11.0,,,,
Samain BO,G4793,Tohana Mandi SO,,,2.0,4.0,,2.0,,,,,,
Sanchla BO,C2295,Bhuna SO,,,1.0,1.0,,,,16.0,,,,
Sandlana BO,D3550,Barwala SO Hisar,,,12.0,,,,,,,,,
Saniana BO,B6641,Uklana Mandi SO,,,2.0,,,2.0,,,,,,
Sant Nagar BO,J6195,Siri Jiwan Nagar SO,,,,2.0,,,,8.0,,,,
Sarsana BO,L3909,Ha U Hisar SO,,,2.0,1.0,,,,,,,,
Sarsod BO,E1836,Barwala SO Hisar,,,1.0,,,,,2.0,,,,
Satroad Kalan BO,H8908,Hisar Cantt SO,,,2.0,,,3.0,,,,,,
Satroad Khurd SO,12504401,,1.0,1.0,4.0,6.0,,20.0,,24.0,,,,
Shaharwa BO,C0357,Modle Town Hisar SO,,,3.0,,,1.0,,,,,,
Shahpur Begu BO,F9960,Sirsa HO,,,2.0,1.0,,2.0,,,,,,
Shahpur BO,L3910,Ha U Hisar SO,,,2.0,3.0,,3.0,,2.0,,,,
Shaikhpura BO,G2171,Hansi SO,,,1.0,,,1.0,,2.0,,,,
Shakar Mandori BO,J3482,Chopta Nathu Sari SO,,,2.0,,,,,5.0,,,,
Shakarpura BO,H9316,Dharsul Kalan SO,,,,,,1.0,,4.0,,,,
Shamsukh BO,E0839,Agroha SO,,,1.0,,,,,,,,,
Sheikhpur Sotter BO,J6595,Rattia SO,,,,,,1.0,,,,,,
Shekhupur Daroli B.O,J7274,Bhattu Kalan SO,,,,2.0,,3.0,,202.0,,,,
Shergarh BO,L6276,Mandi Dabwali SO,,,,1.0,,,,,,,,
Sherpura BO,J3483,Chopta Nathu Sari SO,,,1.0,1.0,,4.0,,,,,,
Sidhani BO,L3895,Jakhal Mandi SO,,,,14.0,,,,2.0,,,,
Sikander Pur SO,12506001,,,7.0,0.0,1.0,,0.0,,0.0,,,,
Sindher BO,E5429,Hansi SO,,,,1.0,,3.0,,,,,,
Singhpura BO,L5337,Kalanwali SO,,,,,,2.0,,,,,,
Singhran BO,D7108,Modle Town Hisar SO,,,1.0,8.0,,,,,,,,
Singhwa BO,F7583,Bass SO,,,4.0,1.0,,1.0,,5.0,,,,
Siri Jiwan Nagar SO,12507501,,,,4.0,8.0,1.0,28.0,1.0,6.0,,,,
Sirsa HO,12505500,,19.0,3.0,26.0,211.0,0.0,39.0,32.0,179.0,,36.0,81.0,
Sisai SO Hisar,12504901,,,2.0,8.0,1.0,,12.0,1.0,11.0,,,,
Siwani Bolan BO,E0840,Agroha SO,,,3.0,,,,,,,,,
Sorkhi BO,G2172,Hansi SO,,,2.0,,,3.0,,1.0,,,,
Suchan Kotli BO,F1512,Sirsa HO,,,2.0,1.0,,,,1.0,,,,
Sukhchain BO,L5338,Kalanwali SO,,,,,,1.0,,,,,,
Suli Khera BO,J7275,Bhattu Kalan SO,,,1.0,,,,,,,,,
Sultanpur BO,G2173,Hansi SO,,,1.0,,,,,,,,,
Sultanpuria BO,L6360,Rania SO,,,1.0,,,4.0,,,,,,
Sundawas BO,L3911,Ha U Hisar SO,,,,,,,,2.0,,,,
Surewala BO,F8540,Uklana Mandi SO,,,2.0,,,2.0,,2.0,,,,
Surtia BO,L5339,Kalanwali SO,,,,1.0,,,,,,,,
Takhatmal BO,L5340,Kalanwali SO,,,,4.0,,3.0,,3.0,,,,
Talwandi Rana BO,F3735,Modle Town Hisar SO,,,1.0,,,1.0,,1.0,,,,
Talwandi Rukka BO,B1925,Modle Town Hisar SO,,,8.0,,,,,,,,,
Talwara BO,L3896,Jakhal Mandi SO,,,,2.0,,1.0,,1.0,,,,
Talwara Khurd BO,D5969,Ellenabad SO,,,1.0,,,2.0,,5.0,,,,
Taruana BO,L5341,Kalanwali SO,,,,2.0,,,,,,,,
Thaska BO,A7322,Agroha SO,,,,,,3.0,,5.0,,,,
Theri BO,E5432,Fatehabad SO Fatehabad,,,1.0,5.0,,1.0,,,,,,
Thersahidan BO,J6196,Siri Jiwan Nagar SO,,,,,,1.0,,32.0,,,,
Thiraj BO,F8285,Baragudha SO,,,3.0,3.0,,2.0,,10.0,,,,
Thuiyan BO,J7276,Bhattu Kalan SO,,,2.0,,,,,,,,,
Thurana BO,C0335,Hansi SO,,,1.0,,,1.0,,2.0,,,,
Tohana Mandi SO,12512001,,13.0,2.0,16.0,91.0,,43.0,12.0,127.0,,15.0,20.0,
Tohana SO,12512002,,32.0,5.0,5.0,72.0,,24.0,30.0,135.0,,1.0,4.0,
Tokas BO,L3912,Ha U Hisar SO,,,2.0,,,,,,,,,
Ugalan BO,J2179,Khanda Kheri SO,,,4.0,2.0,,,,1.0,,,,
Uklana Mandi SO,12511301,,3.0,5.0,8.0,33.0,,26.0,10.0,58.0,,,6.0,
Umedpura BO,F9961,Sirsa HO,,,4.0,,,4.0,,16.0,,,,
Urban Estate  2 Hisar SO,12500502,,38.0,,3.0,25.0,,21.0,12.0,39.0,,3.0,4.0,
Vidut Nagar Hisar SO,12500503,,7.0,2.0,1.0,4.0,,10.0,51.0,32.0,,1.0,7.0,
A.K.G.V.Mormajra B.O,M0899,Salwan S.O,,,,,,,,2.0,,,,
Achhanpur B.O,J6642,Nissing S.O,,,,,,5.0,,6.0,,,,
Adyana B.O,M0942,Madlauda S.O,,,1.0,2.0,,1.0,,3.0,,,,
Agongh B.O,J6643,Nissing S.O,,,5.0,1.0,,4.0,,,,,,
Ahar B.O,M0983,Israna S.O,,,3.0,,,2.0,,1.0,,,,
Ahirka B.O,F1503,Jind H.O,,,1.0,2.0,,5.0,,2.0,,,,
Aibla B.O,M0918,Nigdhu S.O,,,,,,,,1.0,,,,
Alewa S.O,12611101,,3.0,,12.0,4.0,,5.0,,5.0,,,,
Allupur B.O,M0943,Madlauda S.O,,,4.0,,,3.0,,4.0,,,,
Amargarh B.O,G6871,Narwana S.O,,,2.0,3.0,,,,,,,,
Amupur B.O,J6644,Nissing S.O,,,2.0,5.0,,1.0,,1.0,,,,
Anchra Kalan B.O,F0120,Safidon S.O,,,2.0,1.0,,4.0,,9.0,,,,
Arainpura B.O,L8183,Gharunda S.O,,,,2.0,,1.0,,,,,,
Ardhana B.O,H2338,Assandh S.O,,,6.0,4.0,,,,,,,,
Arjheri B.O,J2764,Nilokheri S.O,,,2.0,12.0,,5.0,,,,,,
Assan B.O,M1461,Pillukhera S.O,,,1.0,,,,,,,,,
Assan Kalan B.O,C7903,Panipat Thermal Project S.O,,,1.0,,,2.0,,2.0,,,,
Assandh S.O,13203901,,3.0,1.0,18.0,35.0,,25.0,1.0,29.0,,3.0,8.0,
Ataula B.O,M0944,Madlauda S.O,,,3.0,3.0,,3.0,,5.0,,,,
Atta S.O,13212201,,,,2.0,2.0,,8.0,,28.0,,,,
Babail B.O,D9415,Panipat Khadi Ashram S.O,,,,1.0,,3.0,,6.0,,,,
Babarpur B.O,M1446,Panipat Refinary S.O,,,1.0,1.0,,4.0,,2.0,,,,
Badanpur B.O,M0955,Dhanoda Kalan S.O,,,1.0,36.0,,1.0,,,,,,
Badhana B.O,M0902,Naguran S.O,,,1.0,,,1.0,,2.0,,,,
Bagru Kalan B.O,B6642,Safidon S.O,,,1.0,2.0,,4.0,,2.0,,,,
Bahari B.O,H2339,Assandh S.O,,,2.0,2.0,,,,2.0,,,,
Bairsal B.O,J2765,Nilokheri S.O,,,4.0,1.0,,6.0,,35.0,,,,
Bal Rangan B.O,L9304,Ballah S.O,,,3.0,,,12.0,,1.0,,,,
Ballah S.O,13204001,,,,4.0,6.0,,9.0,,28.0,,,,
Balu B.O,J6645,Nissing S.O,,,,,,2.0,,4.0,,,,
Bambhewa B.O,M1462,Pillukhera S.O,,,4.0,4.0,,1.0,,2.0,,,,
Bandarala B.O,H2340,Assandh S.O,,,3.0,,,,,,,,,
Bandh B.O,M0984,Israna S.O,,,2.0,1.0,,3.0,,,,,,
Baniya Khera B.O,M0962,Dharthrath S.O,,,4.0,1.0,,5.0,,4.0,,,,
Bansa B.O,J7223,Jundla S.O,,,1.0,2.0,,3.0,,2.0,,,,
Bapoli B.O,E7848,Panipat Khadi Ashram S.O,,,7.0,2.0,,2.0,,18.0,,,,
Bara Gaon B.O,M1021,S.S. Kunjpura S.O,,,3.0,,,5.0,,1.0,,,,
Barana B.O,F6202,Panipat Khadi Ashram S.O,,,6.0,,,7.0,,2.0,,,,
Barauta B.O,M0995,Madhuban S.O (Karnal),,,,1.0,,1.0,,,,,,
Baroda B.O,M7001,Uchana S.O,,,2.0,,,4.0,,8.0,,,,
Baroli B.O,M0889,Shamlo Kalan S.O,,,1.0,,,1.0,,,,,,
Barsat B.O,L8184,Gharunda S.O,,,5.0,3.0,,5.0,,9.0,,,,
Barsola B.O,M7002,Uchana S.O,,,1.0,1.0,,2.0,,,,,,
Barthana B.O,M1463,Pillukhera S.O,,,1.0,2.0,,3.0,,4.0,,,,
Bastali B.O,J6646,Nissing S.O,,,2.0,4.0,,,,3.0,,,,
Bastara B.O,L8185,Gharunda S.O,,,3.0,2.0,,,,9.0,,,,
Beejna B.O,M0997,Madhuban S.O (Karnal),,,1.0,1.0,,,,,,,,
Beholi B.O,D3199,Samalkha S.O,,,3.0,3.0,,4.0,,6.0,,,,
Belarkhan B.O,F8312,Narwana S.O,,,3.0,,,1.0,,1.0,,,,
Bhadar B.O,C7904,Panipat Thermal Project S.O,,,,,,,,1.0,,,,
Bhadson B.O,J2766,Nilokheri S.O,,,3.0,,,4.0,,4.0,,,,
Bhaini Khrud B.O,M1032,Taraori S.O,,,1.0,2.0,,5.0,,10.0,,,,
Bhana Brahmana B.O,F8313,Narwana S.O,,,5.0,2.0,,1.0,,,,,,
Bhandari B.O,M0945,Madlauda S.O,,,3.0,,,2.0,,1.0,,,,
Bhodwal Majri B.O,J9598,Patti Kalyana S.O,,,,3.0,,1.0,,,,,,
Bhongra B.O,M7003,Uchana S.O,,,,,,1.0,,,,,,
Bhuslana Kalan B.O,C5077,Safidon S.O,,,1.0,,,,,,,,,
Biana B.O,M0968,Garhi Birbal S.O,,,,4.0,,5.0,,,,,,
Bibi Pur Jattan B.O,H9712,Indri S.O,,,3.0,3.0,,1.0,,,,,,
Bibipur B.O,F9945,Jind H.O,,,12.0,,,2.0,,,,,,
Bighana B.O,M0913,Alewa S.O,,,3.0,2.0,,2.0,,,,,,
Bikhiwala B.O,M0956,Dhanoda Kalan S.O,,,2.0,,,1.0,,2.0,,,,
Bilona B.O,H2341,Assandh S.O,,,,,,2.0,,1.0,,,,
Binjhol B.O,G1981,Panipat NFL S.O,,,2.0,1.0,,2.0,,3.0,,,,
Bishanpura B.O,M0890,Shamlo Kalan S.O,,,1.0,1.0,,2.0,,,,,,
Brass B.O,J6647,Nissing S.O,,,9.0,3.0,,2.0,,1.0,,,,
Buana B.O,M0891,Shamlo Kalan S.O,,,1.0,,,1.0,,,,,,
Buana Lakhu B.O,M0985,Israna S.O,,,3.0,2.0,,3.0,,3.0,,,,
Budain B.O,M7004,Uchana S.O,,,1.0,,,1.0,,3.0,,,,
Budda Khera Lather B.O,J1726,Julana S.O,,,5.0,,,3.0,,5.0,,,,
Budha Khera B.O,M1464,Pillukhera S.O,,,3.0,1.0,,,,,,,,
Bursham B.O,D6907,Panipat NFL S.O,,,1.0,,,2.0,,3.0,,,,
Butani B.O,A8238,Safidon S.O,,,1.0,,,1.0,,3.0,,,,
Canal Colony B.O,G2019,Karnal Partap Pura S.O,,,,,,,,5.0,,,,
Chandoli B.O,F6203,Panipat Khadi Ashram S.O,,,1.0,8.0,,1.0,,7.0,,,,
Chaura B.O,L8186,Gharunda S.O,,,2.0,1.0,,7.0,,7.0,,,,
Chhajpur Kalan B.O,G4794,Panipat Khadi Ashram S.O,,,,3.0,,2.0,,5.0,,,,
Chhatar B.O,M0903,Naguran S.O,,,2.0,1.0,,1.0,,,,,,
Chirao B.O,J7224,Jundla S.O,,,3.0,1.0,,1.0,,3.0,,,,
Chochra B.O,H2342,Assandh S.O,,,3.0,2.0,,,,,,,,
Chogawan B.O,M0969,Garhi Birbal S.O,,,1.0,,,1.0,,7.0,,,,
Chuharpur B.O,M0904,Naguran S.O,,,3.0,,,,,,,,,
Chulkana B.O,C4869,Samalkha S.O,,,1.0,2.0,,,,,,,,
Cssri B.O,L8637,Karnal Ram Nagar S.O,,,3.0,,,1.0,,,,,,
Dabkoli Kalan B.O,M0970,Garhi Birbal S.O,,,1.0,2.0,,2.0,,2.0,,,,
Dablain Kalan B.O,G6873,Narwana S.O,,,3.0,,,1.0,,,,,,
Dachar B.O,J6648,Nissing S.O,,,1.0,,,2.0,,,,,,
Dadlana B.O,M1447,Panipat Refinary S.O,,,,,,1.0,,,,,,
Dahar B.O,M1029,Neoltha S.O,,,5.0,4.0,,4.0,,14.0,,,,
Dalamwala B.O,M0963,Dharthrath S.O,,,3.0,1.0,,5.0,,6.0,,,,
Darar B.O,H9713,Indri S.O,,,4.0,5.0,,1.0,,2.0,,,,
Dariyawala B.O,B8054,Jind H.O,,,2.0,1.0,,1.0,,1.0,,,,
Dehola B.O,M0905,Naguran S.O,,,7.0,1.0,,1.0,,3.0,,,,
Dehra B.O,L8765,Atta S.O,,,1.0,,,4.0,,1.0,,,,
Deorer B.O,J1727,Julana S.O,,,1.0,,,1.0,,,,,,
Dhabitek Singh B.O,G6872,Narwana S.O,,,4.0,6.0,,2.0,,,,,,
Dhakal B.O,F8314,Narwana S.O,,,,1.0,,,,,,,,
Dhakwala Gujran B.O,M0998,Madhuban S.O (Karnal),,,,4.0,,,,,,,,
Dhamtan Sahib B.O,A7989,Narwana S.O,,,1.0,,,3.0,,,,,,
Dhanoda Kalan S.O,12615201,,,5.0,16.0,2.0,,10.0,,6.0,,,1.0,
Dhanori B.O,C4882,Narwana S.O,,,6.0,1.0,,1.0,,4.0,,,,
Dharamgarh B.O,C5078,Safidon S.O,,,1.0,2.0,,2.0,,3.0,,,,
DHARAULI,M1465,Pillukhera S.O,,,1.0,,,2.0,,,,,,
Dharodi B.O,C4883,Narwana S.O,,,2.0,,,1.0,,7.0,,,,
Dharthrath S.O,12611001,,,1.0,7.0,9.0,,8.0,,6.0,,,1.0,
Dhigana B.O,M0892,Shamlo Kalan S.O,,,3.0,3.0,,2.0,,2.0,,,,
Dhilluwal B.O,M0914,Alewa S.O,,,1.0,4.0,,4.0,,1.0,,,,
Didwara B.O,D3456,Safidon S.O,,,2.0,1.0,,1.0,,,,,,
Didwari B.O,M1030,Neoltha S.O,,,1.0,,,5.0,,7.0,,,,
Dikadla B.O,L8766,Atta S.O,,,1.0,,,4.0,,5.0,,,,
Dilawara B.O,M0999,Madhuban S.O (Karnal),,,3.0,5.0,,,,,,,,
Diwana B.O,M1026,Panipat Beas Project S.O,,,3.0,,,1.0,,16.0,,,,
Dumarkhan Kalan B.O,E1531,Narwana S.O,,,3.0,3.0,,7.0,,7.0,,,,
Durana B.O,M0915,Alewa S.O,,,1.0,,,3.0,,20.0,,,,
Durjanpur B.O,M0957,Dhanoda Kalan S.O,,,2.0,1.0,,1.0,,1.0,,,,
Faridpur B.O,L8187,Gharunda S.O,,,1.0,,,3.0,,3.0,,,,
Fateh Garh B.O,J1728,Julana S.O,,,1.0,2.0,,,,,,,,
Gagsina B.O,L8188,Gharunda S.O,,,,,,2.0,,1.0,,,,
Gangoli B.O,M1466,Pillukhera S.O,,,1.0,,,1.0,,,,,,
Ganjogarhi B.O,M1000,Madhuban S.O (Karnal),,,1.0,,,1.0,,,,,,
Garhi B.O,F8315,Narwana S.O,,,4.0,1.0,,2.0,,1.0,,,,
Garhi Basic B.O,C2822,Panipat Khadi Ashram S.O,,,1.0,8.0,,,,,,,,
Garhi Birbal S.O,13205401,,,4.0,4.0,9.0,,8.0,,4.0,,,,
Garhi Jattan B.O,H9714,Indri S.O,,,2.0,,,4.0,,6.0,,,,
Garhwali B.O,M0894,Shamlo Kalan S.O,,,2.0,,,1.0,,,,,,
Gatauli B.O,M0893,Shamlo Kalan S.O,,,2.0,2.0,,1.0,,,,,,
Gharunda S.O,13211401,,6.0,,14.0,89.0,,56.0,5.0,51.0,,11.0,12.0,
Ghason Kalan B.O,G6874,Narwana S.O,,,1.0,2.0,,4.0,,4.0,,,,
Gheer B.O,M1022,S.S. Kunjpura S.O,,,3.0,,,3.0,,7.0,,,,
Ghogripur B.O,M1001,Madhuban S.O (Karnal),,,1.0,2.0,,3.0,,,,,,
Goela Kalan B.O,A5881,Panipat Khadi Ashram S.O,,,6.0,3.0,,,,,,,,
Gogrian B.O,M7005,Uchana S.O,,,1.0,,,1.0,,,,,,
Goli B.O,M0897,Salwan S.O,,,1.0,2.0,,1.0,,8.0,,,,
Gonder B.O,J6649,Nissing S.O,,,4.0,2.0,,7.0,,5.0,,,,
Gudha B.O,L8189,Gharunda S.O,,,2.0,,,,,4.0,,,,
Gulkani B.O,A1150,Jind H.O,,,3.0,,,3.0,,,,,,
Hadwa B.O,M1467,Pillukhera S.O,,,,,,,,1.0,,,,
Hamir Garh B.O,A7990,Narwana S.O,,,2.0,,,1.0,,,,,,
Hanori B.O,H9715,Indri S.O,,,1.0,6.0,,,,1.0,,,,
HARI SINGH PUNDRI,L8190,Gharunda S.O,,,1.0,1.0,,,,,,,,
Hathwala B.O,J1729,Julana S.O,,,4.0,,,4.0,,4.0,,,,
Hathwala S.O,13211501,,,,,2.0,,8.0,,26.0,,,,
Hatt B.O,F0121,Safidon S.O,,,3.0,,,3.0,,,,,,
Igrah B.O,A1151,Jind H.O,,,3.0,,,,,2.0,,,,
Ikkas B.O,F9946,Jind H.O,,,3.0,1.0,,2.0,,4.0,,,,
Indri S.O,13204101,,7.0,3.0,17.0,43.0,,48.0,1.0,70.0,,3.0,3.0,
Indri Town S.O,13204102,,1.0,,4.0,38.0,,11.0,1.0,81.0,,,1.0,
Intal Kalan B.O,D4823,Jind H.O,,,2.0,2.0,,1.0,,,,,,
Israna S.O,13210701,,4.0,,7.0,17.0,,15.0,,21.0,,4.0,4.0,
Jai Singh Pura B.O,H2343,Assandh S.O,,,1.0,2.0,,1.0,,3.0,,,,
Jajanwala B.O,M0958,Dhanoda Kalan S.O,,,2.0,8.0,,1.0,,1.0,,,,
Jajwan B.O,F1504,Jind H.O,,,1.0,,,,,,,,,
Jalalpur B.O,F6204,Panipat Khadi Ashram S.O,,,4.0,,,1.0,,5.0,,,,
Jalmana B.O,H2344,Assandh S.O,,,2.0,12.0,,2.0,,,,,,
Jamalpur B.O,L8191,Gharunda S.O,,,1.0,1.0,,2.0,,,,,,
Jamba B.O,M0919,Nigdhu S.O,,,1.0,6.0,,,,1.0,,,,
Jamni B.O,M1468,Pillukhera S.O,,,1.0,1.0,,,,3.0,,,,
Jani B.O,J7225,Jundla S.O,,,1.0,,,4.0,,,,,,
Jattal B.O,G1467,Panipat Thermal Project S.O,,,2.0,2.0,,2.0,,3.0,,,,
Jaurasi B.O,F8295,Samalkha S.O,,,1.0,1.0,,4.0,,2.0,,,,
Jhanjkalan B.O,F9947,Jind H.O,,,4.0,,,,,,,,,
Jheel B.O,G6875,Narwana S.O,,,3.0,,,3.0,,,,,,
Jind H.O,12610200,,28.0,1.0,57.0,71.0,,72.0,26.0,204.0,,19.0,60.0,
Jind Mini Sectt. S.O,12610201,,,1.0,1.0,8.0,,3.0,5.0,14.0,,2.0,,
Jind Palika Bazar S.O,12610202,,7.0,,2.0,58.0,,23.0,2.0,113.0,,6.0,31.0,
Jind Patiala Chowk S.O,12610203,,,3.0,3.0,57.0,,13.0,3.0,82.0,,2.0,8.0,
Jind Punjabi Bazar S.O,12610204,,1.0,2.0,5.0,155.0,,19.0,4.0,240.0,,4.0,11.0,
Jind Railway Station S.O,12610205,,4.0,,7.0,25.0,,14.0,3.0,46.0,,6.0,5.0,
Jind Rohtak Road S.O,12610206,,,3.0,11.0,50.0,,5.0,1.0,41.0,,1.0,6.0,
Johar Majra B.O,H9716,Indri S.O,,,,2.0,,8.0,,12.0,,,,
Jondhan Kalan B.O,M0986,Israna S.O,,,1.0,,,,,,,,,
Joshi B.O,M0946,Madlauda S.O,,,2.0,,,2.0,,,,,,
Julana S.O,12610101,,4.0,3.0,17.0,31.0,,33.0,1.0,53.0,,4.0,8.0,
Julani B.O,A1152,Jind H.O,,,1.0,1.0,,1.0,,2.0,,,,
Jundla Gate B.O,B1770,Karnal Partap Pura S.O,,,,1.0,,,,10.0,,,,
Jundla S.O,13203601,,3.0,2.0,9.0,27.0,,14.0,1.0,21.0,,,3.0,
Kabarchha B.O,M7006,Uchana S.O,,,4.0,,,2.0,,,,,,
Kabri B.O,M1449,Panipat Refinary S.O,,,6.0,3.0,,4.0,,12.0,,,,
Kachwa B.O,M1033,Taraori S.O,,,4.0,1.0,,6.0,,7.0,,,,
Kaimla B.O,L8192,Gharunda S.O,,,1.0,2.0,,,,4.0,,,,
Kakrod B.O,M7007,Uchana S.O,,,2.0,4.0,,2.0,,2.0,,,,
Kalkha B.O,E4726,Panipat Thermal Project S.O,,,1.0,2.0,,2.0,,6.0,,,,
Kalri Jagir B.O,M0971,Garhi Birbal S.O,,,2.0,6.0,,6.0,,15.0,,,,
Kalron B.O,L8193,Gharunda S.O,,,4.0,,,,,,,,,
Kalsora B.O,M0972,Garhi Birbal S.O,,,3.0,,,2.0,,6.0,,,,
Kalwa B.O,M1469,Pillukhera S.O,,,2.0,,,3.0,,3.0,,,,
Kalwan B.O,F8316,Narwana S.O,,,5.0,,,4.0,,,,,,
Kanral Industrial Area S.O,13200101,,5.0,6.0,3.0,16.0,,9.0,2.0,10.0,,,8.0,
Karad B.O,M0987,Israna S.O,,,1.0,1.0,,3.0,,,,,,
Karamgarh B.O,G6876,Narwana S.O,,,1.0,,,2.0,,2.0,,,,
Karhans B.O,E1515,Samalkha S.O,,,2.0,1.0,,3.0,,,,,,
Karkhana B.O,C5079,Safidon S.O,,,3.0,,,2.0,,7.0,,,,
Karna Lake B.O,M1034,Taraori S.O,,,,1.0,,1.0,,,,,,
Karnal GBS S.O,13200103,,,,1.0,14.0,,5.0,,13.0,,,2.0,
Karnal H.O,13200100,,59.0,7.0,44.0,207.0,,114.0,24.0,376.0,,23.0,88.0,
KARNAL KUTCHERY SO,13200105,,12.0,3.0,8.0,77.0,,13.0,9.0,65.0,,3.0,16.0,
Karnal Model Town S.O,13200106,,8.0,1.0,6.0,33.0,,3.0,8.0,33.0,,6.0,8.0,
Karnal NDRI S.O,13200107,,4.0,2.0,2.0,15.0,,4.0,5.0,18.0,,2.0,7.0,
Karnal New Prem Nagar S.O,13200108,,9.0,4.0,3.0,31.0,,11.0,2.0,40.0,,6.0,20.0,
Karnal Partap Pura S.O,13200109,,3.0,9.0,6.0,47.0,,15.0,6.0,49.0,,1.0,8.0,
Karnal Railway Road S.O,13200110,,8.0,6.0,3.0,23.0,,10.0,5.0,28.0,,,6.0,
Karnal Ram Nagar S.O,13200111,,9.0,,8.0,49.0,,40.0,9.0,162.0,,8.0,19.0,
Karnal Sadar Bazar S.O,13200112,,4.0,,10.0,64.0,,26.0,3.0,95.0,,4.0,17.0,
Karnal Sector 6 S.O,13200113,,8.0,2.0,3.0,70.0,,15.0,6.0,45.0,,3.0,22.0,
Karsa Chor B.O,H2345,Assandh S.O,,,,1.0,,,,3.0,,,,
Karsa Dod B.O,M0920,Nigdhu S.O,,,1.0,5.0,,,,,,,,
Karsaula B.O,J1730,Julana S.O,,,2.0,,,1.0,,,,,,
Karsindhu B.O,M7008,Uchana S.O,,,2.0,,,5.0,,6.0,,,,
Karsindu B.O,F0122,Safidon S.O,,,,,,3.0,,,,,,
Kasun B.O,M7009,Uchana S.O,,,1.0,,,1.0,,4.0,,,,
Katleri B.O,J7226,Jundla S.O,,,1.0,,,2.0,,5.0,,,,
Kendela B.O,M0906,Naguran S.O,,,,1.0,,,,,,,,
Kerela B.O,J1731,Julana S.O,,,2.0,3.0,,2.0,,4.0,,,,
Khanda B.O,M0916,Alewa S.O,,,3.0,,,2.0,,,,,,
Khanpur B.O,H9717,Indri S.O,,,1.0,,,3.0,,4.0,,,,
Kharakbhura B.O,M7010,Uchana S.O,,,1.0,,,2.0,,11.0,,,,
Kharakramji B.O,F1505,Jind H.O,,,6.0,,,2.0,,,,,,
Kharal B.O,C4884,Narwana S.O,,,2.0,3.0,,4.0,,2.0,,,,
Khatkar B.O,M7011,Uchana S.O,,,2.0,4.0,,2.0,,5.0,,,,
Khera B.O,H9718,Indri S.O,,,2.0,1.0,,3.0,,21.0,,,,
Kheri Bhutan B.O,H9719,Indri S.O,,,,2.0,,4.0,,5.0,,,,
Kheri Khermawati B.O,A8239,Safidon S.O,,,7.0,,,3.0,,2.0,,,,
Kheri Man Singh B.O,H9720,Indri S.O,,,2.0,2.0,,1.0,,6.0,,,,
Kheri Naroo B.O,J7227,Jundla S.O,,,1.0,,,3.0,,,,,,
Kheri Sarf Ali B.O,H2346,Assandh S.O,,,2.0,1.0,,1.0,,,,,,
Khirajpur B.O,L8258,Kunjpura S.O,,,,,,3.0,,,,,,
Khojkipur B.O,L8767,Atta S.O,,,1.0,,,2.0,,,,,,
Khora Kheri B.O,L8194,Gharunda S.O,,,4.0,1.0,,3.0,,5.0,,,,
Khrindwal B.O,F8317,Narwana S.O,,,4.0,,,1.0,,,,,,
Khunga Kothi B.O,M0964,Dharthrath S.O,,,1.0,4.0,,,,,,,,
Kila Zaffargarh B.O,J1732,Julana S.O,,,4.0,,,1.0,,1.0,,,,
Kinana B.O,M0895,Shamlo Kalan S.O,,,2.0,,,2.0,,2.0,,,,
Kiwana B.O,G6854,Samalkha S.O,,,2.0,,,4.0,,4.0,,,,
Kohand B.O,L8195,Gharunda S.O,,,4.0,5.0,,2.0,,2.0,,,,
Kuchrana Kalan B.O,M0907,Naguran S.O,,,2.0,,,1.0,,,,,,
Kunjpura S.O,13202201,,1.0,,6.0,21.0,,5.0,,19.0,,5.0,4.0,
Kurana B.O,M0988,Israna S.O,,,3.0,1.0,,4.0,,,,,,
Kurar B.O,A5882,Panipat Khadi Ashram S.O,,,3.0,5.0,,2.0,,5.0,,,,
Kurlan B.O,M0898,Salwan S.O,,,1.0,,,1.0,,1.0,,,,
Kuruk Jagir B.O,M1035,Taraori S.O,,,3.0,,,2.0,,,,,,
Kutail B.O,M1002,Madhuban S.O (Karnal),,,4.0,6.0,,5.0,,,,,,
Lajwan Kalan B.O,J1733,Julana S.O,,,1.0,1.0,,4.0,,,,,,
Lalupura B.O,L8196,Gharunda S.O,,,7.0,1.0,,1.0,,,,,,
Lodhar B.O,M0908,Naguran S.O,,,,,,1.0,,3.0,,,,
Lohari B.O,F3017,Panipat Thermal Project S.O,,,1.0,,,4.0,,3.0,,,,
Lowan B.O,G6877,Narwana S.O,,,5.0,1.0,,1.0,,,,,,
Ludana B.O,M1470,Pillukhera S.O,,,1.0,,,,,,,,,
Machhrauli B.O,G6855,Samalkha S.O,,,3.0,1.0,,4.0,,3.0,,,,
Madhuban PTC S.O,13203701,,,1.0,3.0,6.0,,3.0,2.0,1.0,,2.0,1.0,
Madhuban S.O (Karnal),13203702,,2.0,,4.0,15.0,,16.0,1.0,3.0,,,6.0,
Madlauda S.O,13211301,,2.0,1.0,14.0,14.0,,23.0,2.0,24.0,,2.0,2.0,
Mahoti B.O,J9600,Patti Kalyana S.O,,,1.0,5.0,,2.0,,2.0,,,,
Majra Rodan B.O,M0921,Nigdhu S.O,,,1.0,,,1.0,,,,,,
Makhand B.O,M7012,Uchana S.O,,,1.0,,,1.0,,,,,,
Malar B.O,F0123,Safidon S.O,,,1.0,,,2.0,,,,,,
Malikpur B.O,F8541,Safidon S.O,,,,,,1.0,,,,,,
Malwi B.O,J1734,Julana S.O,,,3.0,,,2.0,,,,,,
Manana B.O,C4870,Samalkha S.O,,,3.0,2.0,,3.0,,1.0,,,,
Mandi B.O,M0989,Israna S.O,,,2.0,1.0,,7.0,,22.0,,,,
Mandi Kalan B.O,M0909,Naguran S.O,,,1.0,2.0,,,,,,,,
Mangalpur B.O,M0959,Dhanoda Kalan S.O,,,3.0,3.0,,3.0,,5.0,,,,
Manjura B.O,J6650,Nissing S.O,,,5.0,,,,,,,,,
Manohar Pur B.O,E3162,Jind H.O,,,4.0,,,1.0,,2.0,,,,
Mardanheri B.O,H2347,Assandh S.O,,,1.0,4.0,,,,,,,,
Mehmal B.O,J6651,Nissing S.O,,,1.0,,,3.0,,6.0,,,,
Mehrara B.O,J1735,Julana S.O,,,2.0,1.0,,3.0,,3.0,,,,
Mini secretriat Narwana S.O,12611603,,,,1.0,8.0,,2.0,,,,,,
Mini sectt  sector 12 Kanral S.O,13200114,,,1.0,2.0,14.0,,,1.0,,,,,
Mini Sectt Panipat,13210311,,,,4.0,4.0,,7.0,3.0,,,,,
Mohammad Khera B.O,M0965,Dharthrath S.O,,,1.0,,,5.0,,,,,,
Mohangarh B.O,M7013,Uchana S.O,,,5.0,,,1.0,,,,,,
Mohidinpur B.O,M1003,Madhuban S.O (Karnal),,,3.0,2.0,,2.0,,,,,,
Morkhi B.O,M1471,Pillukhera S.O,,,,2.0,,2.0,,1.0,,,,
Mowana B.O,A8240,Safidon S.O,,,4.0,2.0,,2.0,,,,,,
MUNAK,13204002,,,,7.0,10.0,,11.0,,4.0,,,,
Muradhgarh B.O,H9721,Indri S.O,,,1.0,,,4.0,,4.0,,,,
Nagla Megha B.O,M1004,Madhuban S.O (Karnal),,,10.0,,,2.0,,,,,,
Nagla Roran B.O,H9722,Indri S.O,,,5.0,7.0,,3.0,,,,,,
Naguran S.O,12612501,,2.0,4.0,8.0,6.0,,12.0,1.0,13.0,,3.0,1.0,
Nalipar B.O,L8259,Kunjpura S.O,,,6.0,,,2.0,,,,,,
Namunda B.O,E9900,Samalkha S.O,,,2.0,,,1.0,,1.0,,,,
Nandgarh B.O,J1736,Julana S.O,,,1.0,,,,,,,,,
Nangal B.O,M0973,Garhi Birbal S.O,,,1.0,1.0,,,,,,,,
Nanhera B.O,A5883,Panipat Khadi Ashram S.O,,,2.0,8.0,,2.0,,4.0,,,,
Nara B.O,M0947,Madlauda S.O,,,1.0,,,1.0,,,,,,
Naraina B.O,B6409,Samalkha S.O,,,2.0,3.0,,1.0,,2.0,,,,
Nariana B.O,M1036,Taraori S.O,,,1.0,,,,,1.0,,,,
Narwana City S.O,12611601,,1.0,5.0,5.0,85.0,,37.0,2.0,119.0,,2.0,24.0,
Narwana S.O,12611602,,8.0,4.0,26.0,97.0,,57.0,16.0,318.0,,9.0,40.0,
Neoltha S.O,13214501,,2.0,2.0,2.0,35.0,,14.0,,38.0,,,,
Nidana B.O,M0896,Shamlo Kalan S.O,,,4.0,2.0,,2.0,,1.0,,,,
Nidani B.O,D4824,Jind H.O,,,2.0,,,1.0,,,,,,
Nigdhu S.O,13215701,,,1.0,10.0,44.0,,13.0,2.0,4.0,,1.0,3.0,
Nilokheri S.O,13211702,,2.0,2.0,17.0,87.0,,37.0,7.0,158.0,,10.0,20.0,
Nimnabad B.O,C5080,Safidon S.O,,,3.0,,,,,,,,,
Nirjan B.O,E3163,Jind H.O,,,3.0,1.0,,3.0,,,,,,
Nissing S.O,13202401,,3.0,4.0,9.0,24.0,,11.0,,11.0,,2.0,3.0,
Noorwala B.O,D9416,Panipat Khadi Ashram S.O,,,12.0,3.0,,9.0,,8.0,,,,
Padha B.O,J7228,Jundla S.O,,,4.0,7.0,,4.0,,9.0,,,,
Padhana B.O,M1037,Taraori S.O,,,,1.0,,3.0,,,,,,
Paju Kalan B.O,F8542,Safidon S.O,,,1.0,,,,,,,,,
Palri B.O,M1031,Neoltha S.O,,,2.0,1.0,,,,,,,,
Panipat Beas Project S.O,13210801,,,1.0,4.0,6.0,,10.0,,16.0,,1.0,,
Panipat City S.O,13210302,,7.0,1.0,5.0,22.0,,26.0,4.0,98.0,,8.0,12.0,
Panipat GT Road S.O,13210303,,5.0,,15.0,15.0,,21.0,10.0,58.0,,,6.0,
Panipat H.O,13210300,,35.0,1.0,48.0,90.0,,71.0,10.0,378.0,,44.0,68.0,
Panipat Kathery (U) B.O,D9417,Panipat Khadi Ashram S.O,,,,11.0,,1.0,,9.0,,,,
Panipat Khadi Ashram S.O,13210401,,1.0,,4.0,10.0,,9.0,2.0,2.0,,,1.0,
Panipat Kishanpura S.O,13210304,,,2.0,10.0,20.0,,15.0,1.0,78.0,,9.0,5.0,
Panipat Kranti Nagar S.O,13210305,,3.0,1.0,2.0,34.0,,20.0,2.0,110.0,,2.0,18.0,
Panipat Model Town S.O,13210307,,9.0,1.0,3.0,6.0,,15.0,13.0,61.0,,4.0,21.0,
Panipat N.S.M. S.O,13210308,,9.0,,17.0,27.0,,24.0,3.0,90.0,,4.0,25.0,
Panipat NFL S.O,13210601,,7.0,,6.0,8.0,,4.0,2.0,33.0,,,2.0,
Panipat Patel Nagar S.O,13210309,,6.0,,3.0,31.0,,22.0,2.0,168.0,,9.0,6.0,
Panipat Refinary S.O,13214001,,1.0,3.0,3.0,2.0,,3.0,,0.0,,,,
Panipat Thermal Project S.O,13210501,,2.0,4.0,4.0,12.0,,11.0,3.0,34.0,,2.0,5.0,
Pardhana B.O,M0990,Israna S.O,,,2.0,1.0,,,,,,,,
Pasina Kalan BO B.O,M1027,Panipat Beas Project S.O,,,1.0,,,3.0,,6.0,,,,
Pathera B.O,H9723,Indri S.O,,,1.0,2.0,,5.0,,2.0,,,,
Patti Kalyana S.O,13210201,,2.0,,1.0,32.0,,12.0,,30.0,,1.0,,
Pauli B.O,J1737,Julana S.O,,,3.0,3.0,,1.0,,18.0,,,,
Pegan B.O,M0917,Alewa S.O,,,2.0,1.0,,3.0,,10.0,,,,
Peont B.O,J7229,Jundla S.O,,,3.0,,,2.0,,1.0,,,,
Phaphrana B.O,M0900,Salwan S.O,,,,,,1.0,,4.0,,,,
Pharain Kalan B.O,B6437,Narwana S.O,,,1.0,,,2.0,,2.0,,,,
Phoosgarh B.O,M1005,Madhuban S.O (Karnal),,,,,,7.0,,,,,,
Phullian Kalan B.O,E1532,Narwana S.O,,,1.0,6.0,,3.0,,10.0,,,,
Phurlak B.O,L8197,Gharunda S.O,,,1.0,1.0,,,,5.0,,,,
Picholia B.O,J7230,Jundla S.O,,,3.0,,,3.0,,,,,,
Pillukhera S.O,12611301,,,,10.0,20.0,,8.0,,27.0,,4.0,3.0,
Pindara B.O,B8055,Jind H.O,,,2.0,2.0,,2.0,,3.0,,,,
Pipaltha B.O,A7991,Narwana S.O,,,3.0,,,2.0,,,,,,
Popran B.O,H2348,Assandh S.O,,,1.0,1.0,,2.0,,7.0,,,,
PPT Camp No. 2 B.O,C2823,Panipat Khadi Ashram S.O,,,,17.0,,,,,,,,
Puther B.O,M0991,Israna S.O,,,2.0,2.0,,3.0,,,,,,
Qawi B.O,M0948,Madlauda S.O,,,1.0,1.0,,1.0,,,,,,
Radhana B.O,F9948,Jind H.O,,,1.0,2.0,,2.0,,3.0,,,,
Rahra B.O,H2349,Assandh S.O,,,3.0,,,2.0,,2.0,,,,
Raipur Jattan B.O,L8198,Gharunda S.O,,,1.0,4.0,,,,1.0,,,,
Rair Kalan B.O,M1450,Panipat Refinary S.O,,,3.0,,,3.0,,,,,,
Raison B.O,M0922,Nigdhu S.O,,,1.0,3.0,,5.0,,,,,,
Rajgarh Gurthali B.O,C4885,Narwana S.O,,,,2.0,,,,,,,,
Rajkheri B.O,D9418,Panipat Khadi Ashram S.O,,,1.0,,,2.0,,,,,,
Ram Nagar B.O,E1733,Safidon S.O,,,2.0,2.0,,3.0,,8.0,,,,
Ram Rai B.O,E3164,Jind H.O,,,5.0,,,3.0,,3.0,,,,
Ramana Ramani B.O,M1038,Taraori S.O,,,1.0,2.0,,,,,,,,
Ramba B.O,M1039,Taraori S.O,,,1.0,,,1.0,,,,,,
Ranwar B.O,M1006,Madhuban S.O (Karnal),,,2.0,,,1.0,,2.0,,,,
Rasidan B.O,A7992,Narwana S.O,,,2.0,,,1.0,,,,,,
RASULPUR KHURD B.O,AL089,Madhuban S.O (Karnal),,,,1.0,,,,,,,,
Refinery Township Panipat SO,13214002,,1.0,,1.0,2.0,,7.0,,4.0,,,4.0,
Risalu B.O,D9419,Panipat Khadi Ashram S.O,,,3.0,1.0,,1.0,,,,,,
Ritauli B.O,M0966,Dharthrath S.O,,,,,,,,2.0,,,,
Rohar B.O,C5081,Safidon S.O,,,5.0,1.0,,2.0,,6.0,,,,
Rojhla B.O,A8241,Safidon S.O,,,2.0,,,,,6.0,,,,
Roop Garh B.O,B8056,Jind H.O,,,1.0,,,3.0,,2.0,,,,
S.P. Khalsa B.O,L8199,Gharunda S.O,,,,2.0,,,,1.0,,,,
S.P. Sohana B.O,M1007,Madhuban S.O (Karnal),,,1.0,1.0,,1.0,,14.0,,,,
S.S. Kunjpura S.O,13202301,,,,2.0,3.0,,1.0,,6.0,,,1.0,
Sachha Khera B.O,M0960,Dhanoda Kalan S.O,,,1.0,,,1.0,,,,,,
Safidon City S.O,12611201,,2.0,,13.0,117.0,,39.0,8.0,150.0,,2.0,3.0,
Safidon S.O,12611202,,2.0,1.0,17.0,23.0,,15.0,3.0,76.0,,2.0,18.0,
Sagga B.O,M1040,Taraori S.O,,,,4.0,,2.0,,2.0,,,,
Sainthali B.O,M0961,Dhanoda Kalan S.O,,,1.0,,,2.0,,,,,,
Salwan S.O,13204601,,,,8.0,5.0,,16.0,,12.0,,,,
Samalkha S.O,13210101,,10.0,2.0,18.0,42.0,,35.0,9.0,68.0,,3.0,21.0,
Samana Bahu B.O,J2767,Nilokheri S.O,,,5.0,,,1.0,,2.0,,,,
Samlbhi B.O,M0923,Nigdhu S.O,,,2.0,,,,,5.0,,,,
Sanauli Khurd B.O,C2824,Panipat Khadi Ashram S.O,,,,,,,,15.0,,,,
Sandhir B.O,J2768,Nilokheri S.O,,,2.0,,,3.0,,16.0,,,,
Sandil B.O,M0910,Naguran S.O,,,,,,1.0,,1.0,,,,
Sanghowa B.O,H9724,Indri S.O,,,5.0,1.0,,3.0,,,,,,
Sanwat B.O,M0924,Nigdhu S.O,,,1.0,,,,,,,,,
Sector 4 Karnal S.O,13200115,,,6.0,2.0,7.0,,8.0,3.0,21.0,,1.0,1.0,
Sector 8 Karnal S.O,13200116,,2.0,,4.0,26.0,,13.0,8.0,80.0,,4.0,2.0,
Seenk B.O,M0992,Israna S.O,,,2.0,,,2.0,,2.0,,,,
Shahpur B.O,M0993,Israna S.O,,,2.0,,,4.0,,6.0,,,,
Shahpur B.O,M0911,Naguran S.O,,,8.0,1.0,,,,6.0,,,,
Shamgarh B.O,M1042,Taraori S.O,,,1.0,,,3.0,,6.0,,,,
Shamlo Kalan S.O,12611401,,,3.0,2.0,6.0,,5.0,,11.0,,1.0,,
Shera B.O,M0949,Madlauda S.O,,,2.0,,,2.0,,1.0,,,,
Shodapur B.O,F3018,Panipat Thermal Project S.O,,,4.0,1.0,,12.0,,6.0,,,,
Sidhpur B.O,J2769,Nilokheri S.O,,,1.0,3.0,,3.0,,,,,,
Sikri B.O,J2770,Nilokheri S.O,,,1.0,1.0,,1.0,,36.0,,,,
Silakheri B.O,E1734,Safidon S.O,,,3.0,1.0,,3.0,,,,,,
Sindhwi Kheri B.O,A9642,Jind H.O,,,1.0,,,,,,,,,
Singhana B.O,F0124,Safidon S.O,,,3.0,1.0,,,,1.0,,,,
Singhra B.O,J6652,Nissing S.O,,,1.0,1.0,,,,,,,,
Singhwal B.O,D3216,Narwana S.O,,,3.0,1.0,,1.0,,14.0,,,,
Sinsar B.O,G6878,Narwana S.O,,,4.0,,,1.0,,,,,,
Sirsi B.O,J6653,Nissing S.O,,,,4.0,,2.0,,2.0,,,,
Sitamai B.O,M0925,Nigdhu S.O,,,,2.0,,,,,,,,
Siwaha B.O,M1028,Panipat Beas Project S.O,,,2.0,2.0,,1.0,,3.0,,,,
Siwaha B.O,M1472,Pillukhera S.O,,,1.0,1.0,,2.0,,,,,,
Siwan Mal B.O,C5082,Safidon S.O,,,1.0,,,2.0,,,,,,
Staundi B.O,L8200,Gharunda S.O,,,1.0,1.0,,1.0,,5.0,,,,
Subri B.O,M1023,S.S. Kunjpura S.O,,,1.0,,,,,,,,,
Sudkain Kalan B.O,M7014,Uchana S.O,,,1.0,1.0,,2.0,,,,,,
Sudkain Khurd B.O,F8318,Narwana S.O,,,7.0,2.0,,1.0,,1.0,,,,
Sulhera B.O,E1533,Narwana S.O,,,2.0,,,,,,,,,
Sultanpur B.O,M1044,Taraori S.O,,,3.0,14.0,,3.0,,,,,,
Sutana B.O,B1214,Panipat Thermal Project S.O,,,1.0,6.0,,1.0,,,,,,
Taraori S.O,13211601,,2.0,,5.0,59.0,,23.0,1.0,36.0,,8.0,7.0,
Taroari Mandi S.O,13211602,,,,5.0,15.0,,9.0,,4.0,,1.0,2.0,
Thal B.O,H2350,Assandh S.O,,,1.0,2.0,,,,,,,,
Thari B.O,M0901,Salwan S.O,,,2.0,2.0,,,,,,,,
Thua B.O,M0912,Naguran S.O,,,5.0,,,,,,,,,
Tikri B.O,M1024,S.S. Kunjpura S.O,,,3.0,1.0,,,,,,,,
Uchana B.O,M1045,Taraori S.O,,,7.0,9.0,,1.0,,10.0,,,,
Uchana Khrud B.O,M7015,Uchana S.O,,,2.0,,,1.0,,,,,,
Uchana S.O,12611501,,5.0,1.0,24.0,8.0,,23.0,4.0,42.0,,4.0,4.0,
Udana B.O,J2771,Nilokheri S.O,,,2.0,1.0,,2.0,,,,,,
Ugra Kheri B.O,C2825,Panipat Khadi Ashram S.O,,,7.0,1.0,,1.0,,8.0,,,,
Ujhana B.O,E1534,Narwana S.O,,,4.0,1.0,,5.0,,5.0,,,,
Uncha Samana B.O,M1008,Madhuban S.O (Karnal),,,4.0,,,7.0,,1.0,,,,
Untla B.O,C7905,Panipat Thermal Project S.O,,,4.0,2.0,,1.0,,9.0,,,,
Uplana B.O,H2351,Assandh S.O,,,5.0,2.0,,5.0,,,,,,
Urlana Kalan B.O,M0994,Israna S.O,,,1.0,1.0,,,,2.0,,,,
Waisor B.O,M0950,Madlauda S.O,,,1.0,,,2.0,,,,,,
Agondh B.O,M6992,Guhla S.O,,,1.0,,,1.0,,,,,,
Ahun B.O,I3621,Kaul S.O,,,,,,3.0,,1.0,,,,
Ajrana Kalan B.O,D2685,Jhansa S.O,,,1.0,1.0,,,,,,,,
Ajrawar B.O,L5289,Thol S.O,,,,,,1.0,,,,,,
Amin S.O,13603801,,2.0,1.0,6.0,5.0,,9.0,,4.0,,1.0,,
Babain S.O,13615601,,2.0,,9.0,15.0,,17.0,1.0,42.0,,,2.0,
Badsikri Kalan B.O,L6311,Kalayat S.O,,,3.0,,,3.0,,,,,,
Badsui B.O,J3506,Chika S.O,,,3.0,,,3.0,,,,,,
Bagthala B.O,I5225,Kurukshetra University S.O,,,,2.0,,1.0,,,,,,
Bakal B.O,H9070,Pai S.O,,,2.0,,,1.0,,1.0,,,,
Bakali B.O,H1134,Ladwa S.O,,,1.0,2.0,,3.0,,41.0,,,,
Bakhli B.O,B1172,Pehowa S.O,,,1.0,,,3.0,,2.0,,,,
Balu B.O,L6312,Kalayat S.O,,,8.0,9.0,,2.0,,6.0,,,,
Ban B.O,H1135,Ladwa S.O,,,1.0,,,1.0,,9.0,,,,
Bapdi B.O,H1136,Ladwa S.O,,,1.0,,,7.0,,4.0,,,,
Bargat B.O,H3315,Babain S.O,,,5.0,6.0,,3.0,,3.0,,,,
Barna B.O,I5226,Kurukshetra University S.O,,,6.0,6.0,,8.0,,5.0,,,,
Barout B.O,H1137,Ladwa S.O,,,4.0,4.0,,1.0,,1.0,,,,
Barsana B.O,L6351,Pundri S.O,,,,,,2.0,,4.0,,,,
Barta BO,AM119,Kaithal S.O,,,3.0,2.0,,,,,,,,
Barwa B.O,I5227,Kurukshetra University S.O,,,1.0,1.0,,5.0,,6.0,,,,
Batheri B.O,L6258,Gumthala Garhu S.O,,,1.0,,,,,,,,,
Batta B.O,L6313,Kalayat S.O,,,5.0,,,5.0,,5.0,,,,
Baupur B.O,J3508,Chika S.O,,,,,,,,1.0,,,,
Bhagwanpur B.O,H3316,Babain S.O,,,3.0,,,3.0,,4.0,,,,
Bhana B.O,H9071,Pai S.O,,,2.0,1.0,,6.0,,4.0,,,,
Bhor Saida B.O,I5228,Kurukshetra University S.O,,,,1.0,,3.0,,,,,,
Bhorakh B.O,A2668,Pehowa S.O,,,1.0,,,,,1.0,,,,
Bhuna B.O,J3510,Chika S.O,,,4.0,2.0,,7.0,,42.0,,,,
Bhuslan B.O,J3511,Chika S.O,,,7.0,1.0,,1.0,,16.0,,,,
Bhusthala B.O,F7829,Jhansa S.O,,,2.0,,,3.0,,15.0,,,,
Bir Bangran B.O,L6337,Rajound S.O,,,3.0,6.0,,3.0,,18.0,,,,
Bir Kalwa B.O,H3317,Babain S.O,,,,,,1.0,,6.0,,,,
Bir Mathana B.O,B1795,Pipli S.O,,,8.0,1.0,,,,,,,,
Birla Mandir S.O,13611801,,2.0,,,17.0,,5.0,2.0,41.0,,6.0,2.0,
Bodhni B.O,D6357,Pehowa S.O,,,,,,,,2.0,,,,
Bodla B.O,E5321,Pipli S.O,,,2.0,,,9.0,,4.0,,,,
Brahan BO,H1138,Ladwa S.O,,,,5.0,,1.0,,7.0,,,,
Budha Khera B.O,L5398,Kaithal S.O,,,3.0,1.0,,4.0,,18.0,,,,
Chaduni Jattan B.O,L4439,Shahabad(M) S.O,,,,,,,,2.0,,,,
Chammu Kalan B.O,H2808,Ismailabad S.O,,,2.0,5.0,,,,,,,,
Chandana B.O,L5399,Kaithal S.O,,,3.0,2.0,,7.0,,20.0,,,,
Chandlana B.O,L6193,Dhand S.O,,,,3.0,,,,9.0,,,,
Chaushala B.O,L6314,Kalayat S.O,,,,3.0,,3.0,,9.0,,,,
Chika S.O,13603401,,5.0,,26.0,68.0,,35.0,3.0,26.0,,1.0,5.0,
Daba B.O,J3512,Chika S.O,,,,3.0,,1.0,,,,,,
Dabkheri B.O,I5229,Kurukshetra University S.O,,,2.0,,,1.0,,1.0,,,,
Deeg B.O,L4440,Shahabad(M) S.O,,,1.0,4.0,,13.0,,,,,,
Deeg B.O,L6352,Pundri S.O,,,5.0,4.0,,5.0,,3.0,,,,
Deoban B.O,L5400,Kaithal S.O,,,1.0,,,2.0,,3.0,,,,
Deohera B.O,L5401,Kaithal S.O,,,1.0,,,5.0,,,,,,
Dewal B.O,L5402,Kaithal S.O,,,,1.0,,2.0,,1.0,,,,
Dhand S.O,13602001,,2.0,,8.0,13.0,,16.0,1.0,16.0,,,,
Dhundwa B.O,L6316,Kalayat S.O,,,,2.0,,1.0,,22.0,,,,
Dhurala B.O,I5230,Kurukshetra University S.O,,,1.0,1.0,,,,1.0,,,,
Dubbal B.O,L6315,Kalayat S.O,,,1.0,1.0,,,,,,,,
Dudhla B.O,H3318,Babain S.O,,,,,,3.0,,20.0,,,,
Duserpur B.O,M6993,Guhla S.O,,,3.0,,,1.0,,1.0,,,,
Fatehpur S.O (Kaithal),13604201,,1.0,2.0,2.0,22.0,,16.0,3.0,27.0,,2.0,2.0,
Gaggarpur B.O,J3513,Chika S.O,,,1.0,4.0,,1.0,,1.0,,,,
Gajlana B.O,H1139,Ladwa S.O,,,,,,8.0,,15.0,,,,
Geong B.O,L5403,Kaithal S.O,,,7.0,,,4.0,,,,,,
Golpura B.O,L4441,Shahabad(M) S.O,,,1.0,1.0,,1.0,,,,,,
Gudha B.O,H1140,Ladwa S.O,,,,1.0,,13.0,,20.0,,,,
Guhla S.O,13603501,,1.0,1.0,5.0,6.0,,18.0,,30.0,,,1.0,
Guhna B.O,L5404,Kaithal S.O,,,2.0,,,3.0,,30.0,,,,
Gulyana Songri B.O,L5405,Rajound S.O,,,,3.0,,2.0,,2.0,,,,
Gumthala Garhu S.O,13603001,,,,3.0,8.0,,6.0,1.0,5.0,,,3.0,
Habri B.O,L6353,Pundri S.O,,,1.0,1.0,,2.0,,11.0,,,,
Hajwana B.O,L6354,Pundri S.O,,,,3.0,,5.0,,14.0,,,,
Harigarh Kingan B.O,J3514,Chika S.O,,,1.0,1.0,,2.0,,17.0,,,,
Haripur B.O,L4442,Shahabad(M) S.O,,,2.0,,,1.0,,2.0,,,,
Haripura B.O,L6317,Kalayat S.O,,,2.0,4.0,,1.0,,2.0,,,,
Harsola B.O,L5406,Kaithal S.O,,,1.0,16.0,,1.0,,13.0,,,,
Hassanpur B.O,I5232,Kurukshetra University S.O,,,1.0,1.0,,2.0,,3.0,,,,
Hathira B.O,I5233,Kurukshetra University S.O,,,,,,3.0,,12.0,,,,
Ishaq B.O,F2974,Pehowa S.O,,,,4.0,,2.0,,,,,,
Ismailabad S.O,13612901,,4.0,,9.0,51.0,,18.0,5.0,76.0,,5.0,6.0,
Jadola B.O,L6194,Dhand S.O,,,1.0,,,2.0,,1.0,,,,
Jajjanpur B.O,L6195,Dhand S.O,,,,20.0,,,,40.0,,,,
Jakholi B.O,L5407,Rajound S.O,,,3.0,2.0,,2.0,,2.0,,,,
Jalbehra B.O,H2809,Ismailabad S.O,,,2.0,,,,,1.0,,,,
Jandheri B.O,L4443,Shahabad(M) S.O,,,4.0,1.0,,10.0,,14.0,,,,
Jandola B.O,H3319,Babain S.O,,,,1.0,,1.0,,,,,,
Jhansa S.O,13613001,,2.0,,3.0,21.0,,26.0,,49.0,,3.0,3.0,
Judicial Complex Kurukshetra S.O,13611802,,2.0,,1.0,42.0,,11.0,4.0,47.0,,1.0,12.0,
Jyotisar B.O,I5234,Kurukshetra University S.O,,,3.0,2.0,,3.0,,10.0,,,,
Kailram B.O,L6318,Kalayat S.O,,,4.0,,,,,7.0,,,,
Kaithal City S.O,13602701,,5.0,1.0,2.0,147.0,,40.0,1.0,56.0,,12.0,10.0,
Kaithal S.O,13602702,,12.0,2.0,27.0,145.0,,58.0,8.0,124.0,,5.0,37.0,
Kakot B.O,H9072,Pai S.O,,,,,,2.0,,,,,,
Kakral Gujran B.O,L6259,Gumthala Garhu S.O,,,1.0,,,1.0,,,,,,
Kakrala Inayat B.O,I5447,Siwan S.O,,,,,,3.0,,15.0,,,,
Kalal Majra B.O,H3320,Babain S.O,,,4.0,1.0,,8.0,,,,,,
Kalasar B.O,L6319,Kalayat S.O,,,2.0,1.0,,2.0,,,,,,
Kalayat Mandi B.O,L6320,Kalayat S.O,,,,5.0,,,,,,,,
Kalayat S.O,13611701,,8.0,1.0,9.0,30.0,,18.0,3.0,61.0,,1.0,13.0,
Kalirano B.O,H1141,Ladwa S.O,,,1.0,2.0,,3.0,,,,,,
Kalsana B.O,L4444,Shahabad(M) S.O,,,5.0,,,1.0,,14.0,,,,
Kalyana B.O,L4445,Shahabad(M) S.O,,,,6.0,,1.0,,2.0,,,,
Kamoda B.O,I5235,Kurukshetra University S.O,,,3.0,1.0,,3.0,,5.0,,,,
Kangthali B.O,I5448,Siwan S.O,,,6.0,2.0,,2.0,,5.0,,,,
Karah B.O,E4672,Pehowa S.O,,,,1.0,,,,7.0,,,,
Karnal Road Kaithal S.O,13602703,,5.0,1.0,12.0,95.0,,24.0,9.0,50.0,,1.0,9.0,
Karora B.O,H9073,Pai S.O,,,,1.0,,,,4.0,,,,
Kassan B.O,L5408,Rajound S.O,,,1.0,,,4.0,,,,,,
Kaul S.O,13602101,,,,7.0,0.0,,2.0,,1.0,,2.0,,
Kawartan B.O,I5449,Siwan S.O,,,4.0,,,4.0,,1.0,,,,
Keorak B.O,L5409,Kaithal S.O,,,,5.0,,3.0,,1.0,,,,
Khanpur Kolian B.O,A3299,Pipli S.O,,,3.0,1.0,,1.0,,,,,,
Kharak Pandwan B.O,L6321,Kalayat S.O,,,1.0,,,,,,,,,
Kharaudi B.O,J3515,Chika S.O,,,,2.0,,4.0,,,,,,
Kharindwa B.O,L4446,Shahabad(M) S.O,,,2.0,,,8.0,,17.0,,,,
Kharkan B.O,M6995,Guhla S.O,,,,,,1.0,,1.0,,,,
Kheri Dabdallan B.O,H1142,Ladwa S.O,,,4.0,,,12.0,,4.0,,,,
Kheri Gulam Ali B.O,I5450,Siwan S.O,,,4.0,,,5.0,,6.0,,,,
Kheri Ram Nagar B.O,I5236,Kurukshetra University S.O,,,1.0,,,,,2.0,,,,
Kheri Simbal Wali B.O,L5410,Rajound S.O,,,3.0,,,4.0,,1.0,,,,
Khurana B.O,L5411,Kaithal S.O,,,2.0,3.0,,,,5.0,,,,
Kirmuch B.O,I5237,Kurukshetra University S.O,,,3.0,2.0,,1.0,,6.0,,,,
Kithana B.O,L6338,Rajound S.O,,,,1.0,,2.0,,4.0,,,,
Kohlapur B.O,F3607,Pipli S.O,,,1.0,1.0,,2.0,,2.0,,,,
Kolekhan B.O,L6322,Kalayat S.O,,,1.0,20.0,,,,1.0,,,,
Kotra B.O,H9074,Pai S.O,,,1.0,2.0,,2.0,,9.0,,,,
Kultaran B.O,L5413,Kaithal S.O,,,1.0,,,2.0,,8.0,,,,
Kurar B.O,L6323,Kalayat S.O,,,3.0,3.0,,1.0,,7.0,,,,
Kurukshetra H.O,13611800,,40.0,8.0,32.0,142.0,,60.0,43.0,243.0,,11.0,76.0,
Kurukshetra University S.O,13611901,,8.0,6.0,13.0,37.0,,37.0,15.0,67.0,,2.0,12.0,
Ladana Baba B.O,L5414,Kaithal S.O,,,3.0,1.0,,1.0,,,,,,
Ladana Chaku B.O,I5451,Siwan S.O,,,1.0,,,3.0,,,,,,
Ladwa S.O,13613201,,11.0,3.0,9.0,81.0,,52.0,7.0,93.0,,5.0,27.0,
Lakhmari B.O,H3321,Babain S.O,,,4.0,5.0,,8.0,,11.0,,,,
Lander Keema B.O,L5415,Kaithal S.O,,,1.0,,,1.0,,2.0,,,,
Landi B.O,L4447,Shahabad(M) S.O,,,1.0,,,26.0,,16.0,,,,
Lohara B.O,H1143,Ladwa S.O,,,,4.0,,4.0,,9.0,,,,
Lukhi B.O,I5238,Kurukshetra University S.O,,,2.0,1.0,,1.0,,2.0,,,,
Madanpur B.O,L4448,Shahabad(M) S.O,,,,5.0,,2.0,,2.0,,,,
Majra Nand Karan B.O,L5416,Pai S.O,,,1.0,,,2.0,,6.0,,,,
Majri Mohalla Shahabad S.O,13613501,,3.0,9.0,4.0,14.0,,13.0,,9.0,,1.0,,
Malikpur B.O,B1173,Pehowa S.O,,,,10.0,,1.0,,,,,,
Manas B.O,L5417,Kaithal S.O,,,2.0,,,,,,,,,
Mandheri B.O,L5290,Thol S.O,,,,,,2.0,,1.0,,,,
Mandi Sadra B.O,I5452,Siwan S.O,,,,9.0,,,,,,,,
Mandwal B.O,L6339,Rajound S.O,,,1.0,,,1.0,,1.0,,,,
Mastgarh B.O,M6996,Guhla S.O,,,1.0,1.0,,1.0,,,,,,
Mataur B.O,L6324,Kalayat S.O,,,4.0,1.0,,2.0,,,,,,
Mathana B.O,F3608,Pipli S.O,,,,,,2.0,,3.0,,,,
Mengran B.O,J3517,Chika S.O,,,,,,1.0,,,,,,
Model Town Kaithal S.O,13602705,,,,1.0,2.0,,6.0,,5.0,,,2.0,
Mohan Nagar S.O (Kurukshetra),13611803,,11.0,1.0,11.0,65.0,,25.0,12.0,46.0,,4.0,21.0,
Mohri S.O,13613401,,1.0,2.0,3.0,6.0,,4.0,1.0,,,,,
Mundri B.O,H9317,Fatehpur S.O (Kaithal),,,,,,,,1.0,,,,
Murtzapur B.O,A2669,Pehowa S.O,,,,,,2.0,,1.0,,,,
Nagla B.O,L4449,Shahabad(M) S.O,,,1.0,1.0,,1.0,,,,,,
Naina Dhos B.O,H9318,Fatehpur S.O (Kaithal),,,,,,1.0,,3.0,,,,
Naisi B.O,H2810,Ismailabad S.O,,,,,,3.0,,3.0,,,,
Nalvi B.O,L4450,Shahabad(M) S.O,,,5.0,1.0,,10.0,,17.0,,,,
Narar B.O,L5418,Kaithal S.O,,,3.0,4.0,,1.0,,22.0,,,,
Nauch B.O,L5419,Kaithal S.O,,,1.0,,,3.0,,5.0,,,,
Ngm Ladwa S.O,13613202,,4.0,,2.0,69.0,,15.0,,60.0,,1.0,14.0,
Niwarsi B.O,H1144,Ladwa S.O,,,,,,3.0,,,,,,
Pabnawa B.O,L6196,Dhand S.O,,,,13.0,,,,5.0,,,,
Padla B.O,L5420,Kaithal S.O,,,5.0,,,11.0,,115.0,,,,
Pai S.O,13604301,,2.0,2.0,4.0,17.0,,17.0,1.0,68.0,,11.0,1.0,
Palwal B.O,G2047,Pipli S.O,,,,5.0,,3.0,,,,,,
Patti Afgan B.O,L5421,Kaithal S.O,,,1.0,6.0,,8.0,,5.0,,,,
Peedal B.O,J3518,Chika S.O,,,2.0,,,2.0,,,,,,
Pehowa S.O,13612801,,8.0,4.0,20.0,45.0,,38.0,11.0,43.0,,19.0,36.0,
Peoda B.O,L5422,Kaithal S.O,,,,5.0,,2.0,,3.0,,,,
Pharal B.O,I3623,Kaul S.O,,,,2.0,,6.0,,2.0,,,,
Pilni B.O,H9075,Pai S.O,,,,,,2.0,,12.0,,,,
Pipli S.O,13613101,,13.0,,9.0,28.0,,40.0,8.0,42.0,,6.0,18.0,
Prahladpur B.O,H1145,Ladwa S.O,,,2.0,,,5.0,,,,,,
Pundri S.O,13602601,,,,12.0,34.0,,23.0,3.0,115.0,,14.0,6.0,
Rajound S.O,13604401,,1.0,2.0,8.0,1.0,,14.0,,9.0,,,,
Ram Garh Pandwa B.O,L6325,Kalayat S.O,,,,,,1.0,,,,,,
Ram Saran Majra B.O,H3322,Babain S.O,,,2.0,,,3.0,,6.0,,,,
Ramgarh Ror B.O,L6260,Gumthala Garhu S.O,,,1.0,1.0,,,,,,,,
Rasina B.O,H9319,Fatehpur S.O (Kaithal),,,,1.0,,1.0,,,,,,
Rawa B.O,L4452,Shahabad(M) S.O,,,,,,5.0,,,,,,
Rohera B.O,L6340,Rajound S.O,,,4.0,,,4.0,,,,,,
Rohti B.O,H2811,Ismailabad S.O,,,1.0,,,1.0,,,,,,
Sair B.O,I5453,Siwan S.O,,,1.0,1.0,,5.0,,3.0,,,,
Sajuma B.O,L6326,Kalayat S.O,,,,,,1.0,,,,,,
Sakra B.O,I3624,Kaul S.O,,,1.0,2.0,,6.0,,6.0,,,,
Salarpur B.O,I5239,Kurukshetra University S.O,,,,4.0,,,,,,,,
Samalkhi B.O,L4453,Shahabad(M) S.O,,,1.0,2.0,,3.0,,2.0,,,,
Sandholi B.O,B1174,Pehowa S.O,,,,2.0,,1.0,,1.0,,,,
Sanghan B.O,L6327,Kalayat S.O,,,4.0,2.0,,3.0,,,,,,
Sanghor B.O,H3323,Babain S.O,,,,,,6.0,,8.0,,,,
Sanghrouli B.O,I3625,Kaul S.O,,,5.0,2.0,,9.0,,6.0,,,,
Santokh Majra B.O,L6341,Rajound S.O,,,1.0,,,,,,,,,
Saraswati Mandir Pehowa S.O,13612802,,1.0,8.0,5.0,6.0,,12.0,1.0,39.0,,,4.0,
Sarsa B.O,A2670,Pehowa S.O,,,1.0,26.0,,3.0,,,,,,
Saunch B.O,H9320,Fatehpur S.O (Kaithal),,,,,,4.0,,16.0,,,,
Sector 3 U E KKR S.O,13611804,,7.0,9.0,2.0,6.0,,5.0,9.0,12.0,,,,
Seonmajra B.O,M6997,Guhla S.O,,,,,,2.0,,3.0,,,,
Seonsar B.O,L6261,Gumthala Garhu S.O,,,2.0,,,,,,,,,
Serhda B.O,H9076,Pai S.O,,,4.0,5.0,,3.0,,3.0,,,,
Shahabad(M) S.O,13613502,,17.0,2.0,12.0,104.0,,52.0,25.0,213.0,,15.0,65.0,
Shanti Nagar B.O,L5291,Thol S.O,,,1.0,1.0,,3.0,,5.0,,,,
Sharif Garh B.O,L4454,Shahabad(M) S.O,,,,4.0,,1.0,,,,,,
Simla B.O,L6328,Kalayat S.O,,,,7.0,,1.0,,,,,,
Sirsal B.O,L6355,Pundri S.O,,,2.0,4.0,,3.0,,5.0,,,,
Sirta B.O,L5423,Kaithal S.O,,,,,,3.0,,3.0,,,,
Sisla Sismore B.O,H9077,Pai S.O,,,3.0,,,4.0,,3.0,,,,
Siwan Gate Kaithal S.O,13602704,,10.0,,8.0,69.0,,28.0,5.0,186.0,,10.0,15.0,
Siwan S.O,13603301,,1.0,,19.0,59.0,,41.0,,65.0,,5.0,6.0,
Songal B.O,L5424,Pai S.O,,,,,,,,3.0,,,,
Sudpur B.O,L4455,Shahabad(M) S.O,,,,,,2.0,,,,,,
Tangore B.O,G6385,Jhansa S.O,,,2.0,,,3.0,,10.0,,,,
Teek B.O,L5425,Dhand S.O,,,4.0,1.0,,4.0,,,,,,
Teontha B.O,H9321,Fatehpur S.O (Kaithal),,,5.0,1.0,,7.0,,,,,,
Thana B.O,L6262,Gumthala Garhu S.O,,,2.0,11.0,,,,3.0,,,,
Thanesar Town S.O,13611805,,14.0,1.0,8.0,150.0,,29.0,9.0,170.0,,13.0,19.0,
Thaska Miranji B.O,H2812,Ismailabad S.O,,,2.0,4.0,,1.0,,,,,,
Thol S.O,13613601,,3.0,5.0,9.0,18.0,,23.0,,7.0,,,2.0,
Tigri B.O,L4456,Shahabad(M) S.O,,,,1.0,,1.0,,,,,,
Titram B.O,L5426,Kaithal S.O,,,2.0,5.0,,6.0,,1.0,,,,
Umri B.O,C8496,Pipli S.O,,,3.0,,,1.0,,,,,,
Urnai B.O,E4673,Pehowa S.O,,,4.0,11.0,,5.0,,,,,,
Yara B.O,L4457,Shahabad(M) S.O,,,,2.0,,6.0,,,,,,
Achhej BO,J7405,Matanhail SO,,,,,,2.0,,,,,,
Akheri Madanpur BO,J7826,Sahlawas SO,,,1.0,,,1.0,,4.0,,,,
Anwal SO,12441101,,2.0,,,6.0,,3.0,,26.0,,1.0,2.0,
Assan BO,H3438,Kansala SO,,,1.0,,,3.0,,5.0,,,,
Assaudha SO,12450501,,1.0,,2.0,16.0,,5.0,,7.0,,,,
Asthal Bohar SO,12402101,,,,4.0,11.0,,4.0,1.0,4.0,,1.0,1.0,
Atail BO,L5365,Sampla SO,,,2.0,,,1.0,,2.0,,,,
Badli SO Jhajjar,12410501,,1.0,,2.0,1.0,,8.0,1.0,5.0,,,,
Badsa BO,L6154,Badli SO Jhajjar,,,2.0,,,,,,,,,
Baghpur BO,D6994,Beri SO,,,,,,,,11.0,,,,
Bahadurgarh HO,12450700,,30.0,4.0,30.0,74.0,,71.0,24.0,89.0,,14.0,35.0,
Bahadurgarh Mandi SO,12450801,,8.0,,6.0,72.0,,23.0,12.0,53.0,,4.0,21.0,
Bahadurgarh Sector 6 SO,12450702,,11.0,1.0,4.0,24.0,,12.0,15.0,32.0,,2.0,14.0,
Bahu Akbarpur BO,H8733,Mokhra SO,,,2.0,,,4.0,,1.0,,,,
Bahu SO,12414201,,6.0,,2.0,14.0,,10.0,5.0,15.0,,1.0,,
Bainsi BO,G2018,Nindana SO,,,1.0,2.0,,4.0,,13.0,,,,
Bakheta BO,H3439,Kansala SO,,,,,,1.0,,,,,,
Bakra BO,F3618,Beri SO,,,1.0,,,2.0,,48.0,,,,
Baland BO,O0155,Police Training Center Sunaria SO,,,2.0,5.0,,,,4.0,,,,
Baliana BO,J7277,Bhalaut SO,,,4.0,34.0,,9.0,,5.0,,,,
Bamnaula BO,L6155,Badli SO Jhajjar,,,,,,2.0,,,,,,
Bamnoli BO,N9644,Assaudha SO,,,1.0,1.0,,,,4.0,,,,
Banyani BO,D2955,Anwal SO,,,,1.0,,,,,,,,
Barahi BO,N9645,Assaudha SO,,,,2.0,,,,,,,,
Barhana BO,H3215,Dighal SO,,,7.0,5.0,,3.0,,,,,,
Basana BO,H8734,Mokhra SO,,,2.0,1.0,,4.0,,3.0,,,,
Basantpur BO,H9416,Sanghi SO,,,2.0,8.0,,2.0,,5.0,,,,
Beri SO,12420101,,5.0,3.0,13.0,24.0,,25.0,1.0,85.0,,3.0,6.0,
Bhadani BO,N9277,Nehru College Jhajjar SO,,,1.0,1.0,,,,,,,,
Bhagwatipur BO,E5293,Lakhan Majra SO,,,1.0,1.0,,1.0,,,,,,
Bhaini Bharon BO,J9565,Mehem SO,,,3.0,30.0,,,,,,,,
Bhaini Chanderpal BO,J9566,Mehem SO,,,3.0,4.0,,2.0,,93.0,,,,
Bhaini Maharajpur BO,J9568,Mehem SO,,,,,,,,1.0,,,,
Bhaini Surjan BO,J9567,Mehem SO,,,,1.0,,,,,,,,
Bhalaut SO,12440101,,1.0,,3.0,9.0,,7.0,,23.0,,,1.0,
Bhali Anandpur BO,O0156,Police Training Center Sunaria SO,,,,,,5.0,,2.0,,,,
Bhambhewa BO,J7014,Asthal Bohar SO,,,1.0,1.0,,2.0,,2.0,,,,
Bhaproda BO,L5366,Sampla SO,,,,,,1.0,,5.0,,,,
Bharan BO,H8968,Madina SO,,,5.0,,,3.0,,3.0,,,,
Bhasro Kalan BO,L5367,Sampla SO,,,1.0,31.0,,1.0,,,,,,
Bhatera BO,D8689,Machrauli SO,,,3.0,,,1.0,,,,,,
Bhindawas BO,J3748,Dhakla SO,,,,,,7.0,,3.0,,,,
Bhupnia BO,L6156,Badli SO Jhajjar,,,,1.0,,,,1.0,,,,
Bhurawas BO,J7827,Sahlawas SO,,,1.0,,,4.0,,,,,,
Bilochpura BO,J3749,Dhakla SO,,,,11.0,,4.0,,5.0,,,,
Birar BO,J7828,Sahlawas SO,,,1.0,,,3.0,,1.0,,,,
Birdhana BO,D7057,Dujana SO,,,4.0,3.0,,1.0,,,,,,
Birohar BO,J7406,Matanhail SO,,,8.0,,,1.0,,1.0,,,,
Bishan BO,A3311,Beri SO,,,,24.0,,3.0,,4.0,,,,
Bohar BO,J7015,Asthal Bohar SO,,,1.0,,,2.0,,5.0,,,,
Bus Stand,12400112,,,,2.0,1.0,,,,,,1.0,,
Chamanpura BO,C0295,Dujana SO,,,,9.0,,2.0,,2.0,,,,
Chamaria BO,H9417,Sanghi SO,,,1.0,,,4.0,,4.0,,,,
Chandi BO,F3581,Lakhan Majra SO,,,,,,1.0,,1.0,,,,
Charra SO,12450401,,4.0,,2.0,18.0,,14.0,,40.0,,4.0,,
Chhadwana BO,AM118,Dhakla SO,,,1.0,2.0,,5.0,,1.0,,,,
Chhappar BO,B3544,Machrauli SO,,,5.0,,,1.0,,3.0,,,,
Chhochi BO,H3216,Dighal SO,,,1.0,,,,,,,,,
Chhuchhakwas BO,J7407,Matanhail SO,,,3.0,,,,,1.0,,,,
Chimni BO,J8915,Kahnaur SO,,,2.0,2.0,,4.0,,7.0,,,,
Chiri BO,D6955,Lakhan Majra SO,,,,,,3.0,,2.0,,,,
Chudani BO,H0668,Charra SO,,,,,,2.0,,,,,,
Chuliyana BO,L5368,Sampla SO,,,2.0,2.0,,3.0,,,,,,
Court Complex Jhajjar SO,12410301,,3.0,,3.0,10.0,,6.0,1.0,16.0,,2.0,,
Daboda Khurd BO,L9900,Bahadurgarh Mandi SO,,,1.0,,,2.0,,,,,,
Dadanpur BO,F4661,Jhajjar SO,,,3.0,,,2.0,,3.0,,,,
Dadri Toe BO,D7943,Jhajjar SO,,,4.0,,,,,,,,,
Darauli BO,J3750,Dhakla SO,,,,,,7.0,,3.0,,,,
Dawla Raiya BO,E6293,Jhajjar SO,,,1.0,,,4.0,,2.0,,,,
Dehkora BO,L5369,Sampla SO,,,,1.0,,,,,,,,
Deverkhana BO,L6157,Badli SO Jhajjar,,,1.0,,,,,2.0,,,,
Dhakla SO,12410901,,5.0,2.0,3.0,16.0,,7.0,5.0,17.0,,1.0,,
Dhamar BO,J7278,Bhalaut SO,,,,22.0,,5.0,,3.0,,,,
Dhandlan BO,H3217,Dighal SO,,,,1.0,,1.0,,2.0,,,,
Dharana BO,J8916,Kahnaur SO,,,3.0,2.0,,2.0,,2.0,,,,
Dhaur BO,D6995,Beri SO,,,,10.0,,1.0,,1.0,,,,
Dighal SO,12410701,,4.0,,3.0,39.0,,21.0,,129.0,,1.0,57.0,
DLF Colony Rohtak SO,12400101,,1.0,,1.0,57.0,,15.0,7.0,69.0,,3.0,9.0,
Dobh BO,O0157,Police Training Center Sunaria SO,,,,,,3.0,,6.0,,,,
Dubaldhan SO,12420201,,1.0,1.0,1.0,18.0,,15.0,,35.0,,0.0,,
Dujana SO,12410201,,,1.0,2.0,4.0,,6.0,,11.0,,1.0,3.0,
Dulhera BO,L9901,Bahadurgarh Mandi SO,,,1.0,12.0,,2.0,,,,,,
Farmana BO,J9569,Mehem SO,,,3.0,1.0,,4.0,,1.0,,,,
Gaddi Kheri BO,O0158,Police Training Center Sunaria SO,,,,1.0,,,,,,,,
Gandhi Camp SO,12400102,,10.0,1.0,2.0,40.0,,19.0,5.0,64.0,,9.0,6.0,
Gandhra BO,L5370,Sampla SO,,,,23.0,,4.0,,4.0,,,,
Garhi Ballab BO,G6638,Anwal SO,,,,,,1.0,,2.0,,,,
Garhi BO,L5371,Sampla SO,,,,1.0,,,,14.0,,,,
Garnauthi BO,J8917,Kahnaur SO,,,4.0,2.0,,,,,,,,
Gawalison BO,F4662,Jhajjar SO,,,1.0,1.0,,5.0,,1.0,,,,
Gharauthi BO,C8463,Lakhan Majra SO,,,1.0,,,2.0,,,,,,
Ghillaur Kalan BO,H9418,Sanghi SO,,,2.0,,,3.0,,1.0,,,,
Girawar BO,H8969,Madina SO,,,,,,,,1.0,,,,
Gochhi BO,H3218,Dighal SO,,,5.0,2.0,,2.0,,17.0,,,,
Goela Kalan BO,L9902,Bahadurgarh Mandi SO,,,,,,1.0,,,,,,
Gohana Road SO Rohtak,12400103,,6.0,,3.0,30.0,,4.0,6.0,36.0,,,1.0,
Goria BO,G9342,Bahu SO,,,,,,1.0,,1.0,,,,
Gubhana BO,L6158,Badli SO Jhajjar,,,1.0,6.0,,,,1.0,,,,
Gudha BO,D7944,Jhajjar SO,,,1.0,1.0,,1.0,,,,,,
Gurukul Jhajjar BO,B2757,Jhajjar SO,,,2.0,,,1.0,,4.0,,,,
Hasanpur BO,C9509,Jhajjar SO,,,7.0,,,1.0,,,,,,
Hassangarh SO,12440401,,,1.0,0.0,17.0,,8.0,,20.0,,1.0,,
Humayunpur BO,H3440,Kansala SO,,,,,,1.0,,3.0,,,,
Indra Colony Rohtak S.O,12400115,,,,9.0,9.0,,8.0,,10.0,,,2.0,
Ismaila BO,L5373,Sampla SO,,,4.0,4.0,,2.0,,3.0,,,,
Jahangirpur BO,N9278,Nehru College Jhajjar SO,,,1.0,13.0,,9.0,,8.0,,,,
Jahazgarh BO,A4293,Jhajjar SO,,,,,,1.0,,9.0,,,,
Jakhauda BO,N9646,Assaudha SO,,,,2.0,,1.0,,3.0,,,,
Janta Colony Rohtak SO,12400104,,2.0,,,75.0,,16.0,1.0,76.0,,,12.0,
Jassaur Kheri BO,N9647,Assaudha SO,,,3.0,3.0,,6.0,,2.0,,,,
Jassia BO,H9419,Sanghi SO,,,2.0,1.0,,1.0,,4.0,,,,
Jhajjar Road Rohtak SO,12400105,,3.0,,1.0,12.0,,2.0,,36.0,,3.0,7.0,
Jhajjar SO,12410302,,25.0,4.0,26.0,249.0,,103.0,11.0,365.0,,7.0,25.0,
Jhamri BO,G9343,Bahu SO,,,,,,1.0,,,,,,
Jhanswa Kalan BO,J7829,Sahlawas SO,,,2.0,1.0,,3.0,,,,,,
Jharli BO,J7408,Matanhail SO,,,2.0,,,1.0,,19.0,,,,
Jindran BO,H9420,Sanghi SO,,,,1.0,,2.0,,5.0,,,,
Jnv Kiloi BO,N9279,Nehru College Jhajjar SO,,,2.0,1.0,,2.0,,2.0,,,,
Jondhi BO,F4663,Jhajjar SO,,,,,,1.0,,,,,,
Kablana BO,N9280,Nehru College Jhajjar SO,,,,,,1.0,,1.0,,,,
Kabulpur BO,B1803,Beri SO,,,1.0,51.0,,1.0,,,,,,
Kahnaur SO,12441201,,2.0,1.0,5.0,15.0,,12.0,,95.0,,1.0,3.0,
Kahni BO,H9421,Sanghi SO,,,2.0,,,,,1.0,,,,
Kahri BO,B3545,Machrauli SO,,,6.0,,,2.0,,3.0,,,,
Kalanaur SO Rohtak,12411301,,2.0,,12.0,21.0,,22.0,2.0,41.0,,,3.0,
Kanheli BO,J7016,Asthal Bohar SO,,,,,,,,4.0,,,,
KANONDA BO,N9648,Assaudha SO,,,,,,,,1.0,,,,
Kansala SO,12440601,,,,0.0,4.0,,2.0,,9.0,,,,
Karodha BO,AK737,Jhajjar SO,,,3.0,2.0,,1.0,,,,,,
Karontha BO,O0159,Police Training Center Sunaria SO,,,2.0,4.0,,2.0,,,,,,
Karor BO,J7017,Asthal Bohar SO,,,3.0,2.0,,,,9.0,,,,
Kasni BO,J3751,Dhakla SO,,,1.0,1.0,,5.0,,4.0,,,,
Kassar BO,L9903,Bahadurgarh Mandi SO,,,,1.0,,,,,,,,
Katesra BO,J2618,Kalanaur SO Rohtak,,,1.0,,,,,,,,,
Khachrauli BO,J7409,Matanhail SO,,,1.0,1.0,,1.0,,3.0,,,,
Khairari BO,J2619,Kalanaur SO Rohtak,,,,2.0,,1.0,,80.0,,,,
Kharainti BO,C0197,Lakhan Majra SO,,,5.0,1.0,,4.0,,1.0,,,,
Kharawar BO,J7018,Asthal Bohar SO,,,1.0,4.0,,2.0,,18.0,,,,
Kharhar BO,L5374,Sampla SO,,,,,,,,1.0,,,,
Kharkhara BO,H8970,Madina SO,,,,,,3.0,,,,,,
Kharman BO,L9904,Bahadurgarh Mandi SO,,,2.0,2.0,,1.0,,5.0,,,,
Khatiwas BO,E6294,Jhajjar SO,,,,1.0,,,,2.0,,,,
Kheri Asra BO,N9281,Nehru College Jhajjar SO,,,1.0,6.0,,2.0,,1.0,,,,
Kheri Sadh BO,J7019,Asthal Bohar SO,,,1.0,2.0,,2.0,,,,,,
Khetawas BO,J3752,Dhakla SO,,,1.0,1.0,,9.0,,2.0,,,,
Khidwali BO,H9422,Sanghi SO,,,5.0,3.0,,4.0,,2.0,,,,
Khorra BO,G9345,Bahu SO,,,,,,4.0,,,,,,
Khudan BO,C2008,Machrauli SO,,,1.0,,,,,2.0,,,,
Khungai BO,N9282,Nehru College Jhajjar SO,,,,1.0,,5.0,,,,,,
Kiloi BO,J7279,Bhalaut SO,,,1.0,2.0,,2.0,,5.0,,,,
Kulasi BO,N9649,Assaudha SO,,,1.0,,,2.0,,1.0,,,,
Kultana BO,L5375,Sampla SO,,,,5.0,,5.0,,,,,,
Ladain BO,J7830,Sahlawas SO,,,1.0,1.0,,3.0,,1.0,,,,
Ladout BO,J7280,Bhalaut SO,,,,,,,,1.0,,,,
LADRAWAN BO,N9650,Assaudha SO,,,,3.0,,2.0,,6.0,,,,
Lahli BO,A7770,Anwal SO,,,,,,2.0,,2.0,,,,
Lakhan Majra SO,12451401,,1.0,1.0,4.0,4.0,,4.0,2.0,5.0,,,1.0,
Loharheri BO,L5376,Sampla SO,,,1.0,4.0,,2.0,,3.0,,,,
Lohari BO,A5091,Machrauli SO,,,2.0,,,1.0,,1.0,,,,
Lowa Kalan BO,L9905,Bahadurgarh Mandi SO,,,,,,,,3.0,,,,
Luksar BO,L9906,Bahadurgarh Mandi SO,,,,1.0,,,,13.0,,,,
Machrauli SO,12410801,,2.0,1.0,4.0,41.0,,14.0,,46.0,,1.0,1.0,
Madana Kalan BO,D7058,Dujana SO,,,5.0,3.0,,1.0,,,,,,
Madina SO,12411101,,,,2.0,13.0,,16.0,,38.0,,3.0,,
Main Bazar Bahadurgarh  SO,12450705,,6.0,1.0,6.0,18.0,,15.0,1.0,54.0,,,11.0,
Maina BO,J7020,Asthal Bohar SO,,,1.0,1.0,,2.0,,1.0,,,,
Majra BO,J7210,Dubaldhan SO,,,2.0,3.0,,14.0,,8.0,,1.0,,
Makrauli Kalan BO,J7281,Bhalaut SO,,,1.0,1.0,,2.0,,,,,,
Mandothi SO,12450601,,2.0,,0.0,10.0,,5.0,,13.0,,,,
Marodi Jatan BO,O0160,Police Training Center Sunaria SO,,,2.0,,,1.0,,,,,,
Marot BO,J7410,Matanhail SO,,,2.0,4.0,,1.0,,3.0,,,,
Matan BO,L5377,Sampla SO,,,1.0,,,,,,,,,
Matanhail SO,12410601,,11.0,2.0,6.0,10.0,,21.0,1.0,38.0,,2.0,2.0,
MD University Rohtak SO,12400113,,,,,1.0,,,,,,,,
Medical College SO Rohtak,12400106,,5.0,1.0,3.0,24.0,,13.0,2.0,51.0,,,7.0,
Mehem SO,12411201,,6.0,,15.0,22.0,,26.0,6.0,72.0,,4.0,14.0,
Mehrana BO,C0296,Dujana SO,,,1.0,9.0,,2.0,,1.0,,,,
MET Dadri Toe S.O,12451501,,,,,,,2.0,,,,,,
Mini Secretariat Bahadurgarh S.O,12450706,,,,1.0,1.0,,,,,,,,
Model Town SO Rohtak,12400107,,13.0,1.0,2.0,35.0,,17.0,3.0,117.0,,2.0,24.0,
Mokhra SO,12402201,,,,3.0,7.0,,10.0,,12.0,,,,
Morekheri BO,H3441,Kansala SO,,,,,,2.0,,,,,,
MPMajra BO,D7945,Jhajjar SO,,,,,,3.0,,,,,,
Mundahera BO,J7831,Sahlawas SO,,,1.0,2.0,,7.0,,1.0,,,,
Mundsa BO,J7411,Matanhail SO,,,1.0,1.0,,,,,,,,
Mungain BO,J7282,Bhalaut SO,,,,13.0,,,,,,,,
Nandal BO,C0198,Lakhan Majra SO,,,1.0,1.0,,3.0,,,,,,
Naya Bans BO,L5379,Sampla SO,,,,6.0,,1.0,,1.0,,,,
Nehru College Jhajjar SO,12410401,,,1.0,1.0,3.0,,3.0,,28.0,,,,
Nidana BO,B1769,Lakhan Majra SO,,,,,,1.0,,,,,,
Nigana BO,J2620,Kalanaur SO Rohtak,,,,1.0,,6.0,,7.0,,,,
Nilaheri BO,J7832,Sahlawas SO,,,5.0,5.0,,2.0,,1.0,,,,
Nilothi BO,H7486,Hassangarh SO,,,2.0,,,1.0,,,,,,
Nindana SO,12451301,,,1.0,6.0,6.0,,14.0,3.0,31.0,,,,
Niwada BO,J3753,Dhakla SO,,,,,,5.0,,,,,,
Nogawan BO,J7412,Matanhail SO,,,,,,1.0,,,,,,
Nonaud BO,L5378,Sampla SO,,,1.0,12.0,,7.0,,,,,,
Noona Majra BO,L9907,Bahadurgarh Mandi SO,,,3.0,24.0,,6.0,,4.0,,,,
Paksma BO,J7283,Bhalaut SO,,,5.0,9.0,,3.0,,12.0,,,,
Palra BO,A4292,Jhajjar SO,,,3.0,2.0,,2.0,,1.0,,,,
Pataudah BO,G3970,Machrauli SO,,,3.0,1.0,,3.0,,2.0,,,,
Patwapur BO,D2956,Anwal SO,,,,,,1.0,,2.0,,,,
Pehrawar BO,J7021,Asthal Bohar SO,,,1.0,1.0,,,,3.0,,,,
Pelpa BO,L6162,Badli SO Jhajjar,,,1.0,4.0,,3.0,,1.0,,,,
Pilana BO,J7211,Dubaldhan SO,,,2.0,44.0,,7.0,,2.0,,,,
Police Training Center Sunaria SO,12401001,,3.0,,0.0,0.0,,1.0,4.0,2.0,,,,
Power Plant Jharli SO,12414101,,1.0,,,1.0,,37.0,,,,,,
Rewari Khera BO,H0669,Charra SO,,,,2.0,,,,,,,,
Ritauli BO,C0241,Beri SO,,,3.0,60.0,,1.0,,4.0,,,,
Rithal BO,H9423,Sanghi SO,,,2.0,1.0,,5.0,,1.0,,,,
Rohad BO,L5380,Sampla SO,,,2.0,29.0,,4.0,,1.0,,,,
Rohtak HO,12400100,,55.0,5.0,40.0,153.0,,117.0,27.0,370.0,,21.0,75.0,
Rohtak Sector I SO,12400108,,5.0,1.0,1.0,17.0,,11.0,1.0,12.0,,8.0,14.0,
Rohtak Town SO,12400109,,10.0,1.0,4.0,69.0,,27.0,3.0,140.0,,9.0,21.0,
Rurkee BO,J7285,Bhalaut SO,,,3.0,2.0,,2.0,,,,,,
Sahlawas SO,12414601,,7.0,2.0,10.0,27.0,,16.0,2.0,41.0,,3.0,5.0,
Saman BO,J9570,Mehem SO,,,4.0,7.0,,8.0,,29.0,,,,
Samargopalpur BO,C8464,Lakhan Majra SO,,,,,,3.0,,,,,,
Samaspur Majra BO,J3754,Dhakla SO,,,,,,9.0,,2.0,,,,
Samchana BO,H7487,Hassangarh SO,,,1.0,1.0,,4.0,,,,,,
Sampel BO,J2621,Kalanaur SO Rohtak,,,5.0,5.0,,5.0,,,,,,
Sampla SO,12450101,,9.0,4.0,9.0,76.0,,28.0,3.0,63.0,,4.0,11.0,
Sanghi SO,12430301,,1.0,3.0,8.0,7.0,,8.0,,27.0,,6.0,,
Sankhol BO,L9908,Bahadurgarh Mandi SO,,,1.0,,,,,,,,,
Sasroli BO,J7413,Matanhail SO,,,2.0,1.0,,2.0,,3.0,,,,
Sehlenga BO,J7414,Matanhail SO,,,1.0,,,1.0,,,,,,
Seria BO,B1870,Dujana SO,,,,,,,,3.0,,,,
Sewana BO,J7212,Dubaldhan SO,,,,10.0,,,,,,,,
Shivaji Colony SO,12400111,,19.0,3.0,5.0,59.0,,47.0,20.0,88.0,,8.0,31.0,
Silani BO,C1194,Jhajjar SO,,,4.0,,,,,4.0,,,,
Singhpura Kalan BO,C8462,Lakhan Majra SO,,,,1.0,,,,2.0,,,,
Sisarkhas BO,J9571,Mehem SO,,,2.0,,,2.0,,1.0,,,,
Soldha BO,L9909,Bahadurgarh Mandi SO,,,1.0,,,,,,,,,
Sondhi BO,L6163,Badli SO Jhajjar,,,,,,,,10.0,,,,
Subana BO,J3755,Dhakla SO,,,2.0,2.0,,7.0,,,,,,
Sulodha BO,E6295,Jhajjar SO,,,,,,4.0,,,,,,
Sunari Kalan BO,O0161,Police Training Center Sunaria SO,,,,73.0,,,,,,,,
Sundana BO,J8919,Kahnaur SO,,,3.0,,,4.0,,2.0,,,,
Sunderpur BO,D6957,Lakhan Majra SO,,,,,,1.0,,,,,,
Surha BO,N9283,Nehru College Jhajjar SO,,,1.0,4.0,,2.0,,2.0,,,,
Surheti BO,J3756,Dhakla SO,,,,2.0,,6.0,,,,,,
Talao BO,C9510,Jhajjar SO,,,,,,2.0,,1.0,,,,
Tandaheri BO,H8553,Mandothi SO,,,2.0,,,2.0,,,,,,
Titauli BO,F3582,Lakhan Majra SO,,,3.0,2.0,,5.0,,3.0,,,,
Tumbaheri BO,J3757,Dhakla SO,,,1.0,1.0,,7.0,,,,,,
Ukhal Channa BO,N9284,Nehru College Jhajjar SO,,,,,,5.0,,,,,,
Utlodha BO,E6296,Jhajjar SO,,,3.0,,,2.0,,,,,,
Yakubpur BO,B2758,Jhajjar SO,,,,,,5.0,,,,,,
AhulanaGannur BO,A8170,Ganaur SO,,,2.0,10.0,,3.0,,2.0,,,,
AhulanaGohana BO,L4458,Gohana SO,,,,,,,,24.0,,,,
Akabarpur Barota BO,M1777,Nahri SO,,,3.0,,,1.0,,,,,,
Asadpur Nandnaur BO,B5942,Murthal SO,,,,94.0,,1.0,,,,,,
Aterna BO,M0979,Jakhauli SO,,,1.0,,,,,,,,,
Atlas Cycle SO,13100101,,6.0,,1.0,15.0,,6.0,5.0,33.0,,1.0,5.0,
Badhana BO,M0951,Rohat SO Sonipat,,,1.0,1.0,,2.0,,,,,,
Bahalgarh SO,13102101,,1.0,,6.0,3.0,,1.0,,3.0,,,1.0,
Bali Qutubpur BO,F8471,Ganaur SO,,,1.0,,,2.0,,2.0,,,,
Banwasa BO,J8898,Baroda SO,,,,1.0,,,,,,,,
Bari BO,E1658,Ganaur SO,,,5.0,2.0,,5.0,,6.0,,,,
Baroda SO,13130401,,1.0,,3.0,6.0,,10.0,,12.0,,1.0,1.0,
Baroli BO,O0184,Bahalgarh SO,,,1.0,,,,,4.0,,,,
Barona BO,J9551,Kharkhauda SO,,,2.0,1.0,,4.0,,1.0,,,,
Barota BO,L4460,Gohana SO,,,7.0,15.0,,2.0,,,,,,
Barwasni BO,C6242,Sonipat HO,,,,2.0,,2.0,,,,,,
Bayanpur BO,B7816,Sonipat HO,,,1.0,2.0,,2.0,,5.0,,,,
Bega BO,G7031,Ganaur SO,,,1.0,1.0,,1.0,,4.0,,,,
Bhagan BO,J8902,Engg College Muthal SO,,,2.0,,,1.0,,,,,,
Bhainswal Kalan SO,13140901,,3.0,,3.0,21.0,,8.0,2.0,22.0,,1.0,1.0,
Bhainswan Khurd BO,L4461,Gohana SO,,,4.0,1.0,,1.0,,,,,,
Bhatgaon SO Sonipat,13102201,,1.0,,1.0,3.0,,7.0,1.0,20.0,,,1.0,
Bhawar BO,C4590,Butana SO,,,2.0,,,1.0,,,,,,
Bichpari BO,A7692,Butana SO,,,,,,4.0,,,,,,
Bidhal BO,L4462,Gohana SO,,,,1.0,,,,,,,,
Bidhal Pinana BO,L4463,Gohana SO,,,4.0,2.0,,2.0,,46.0,,,,
Bidhlan BO,J9552,Kharkhauda SO,,,1.0,,,1.0,,,,,,
Bindroli BO,M0952,Rohat SO Sonipat,,,4.0,1.0,,4.0,,,,,,
Bohla BO,L8602,Juan SO,,,,1.0,,,,,,,,
Bus Stand Gohana SO,13130101,,3.0,1.0,4.0,24.0,,11.0,8.0,29.0,,1.0,1.0,
Busana BO,L6252,Mundlana SO,,,,,,,,1.0,,,,
Butana SO,13130201,,,,2.0,0.0,,9.0,,8.0,,1.0,,
Chhetra Bhahadurpur BO,M1778,Nahri SO,,,1.0,23.0,,,,3.0,,,,
Chhetra BO,L6253,Mundlana SO,,,1.0,,,1.0,,,,,,
Chhichrana BO,L4464,Gohana SO,,,1.0,4.0,,4.0,,5.0,,,,
Chirana BO,L6254,Mundlana SO,,,1.0,1.0,,1.0,,,,,,
Datauli BO,D3377,Ganaur SO,,,2.0,,,7.0,,15.0,,,,
Deepalpur BO,O0185,Bahalgarh SO,,,5.0,8.0,,2.0,,2.0,,,,
Delhi Road BO,B7817,Sonipat HO,,,,,,5.0,,,,,,
Dhanana Ahladpur BO,J8900,Baroda SO,,,1.0,1.0,,2.0,,3.0,,,,
Dhurana BO,L6255,Mundlana SO,,,1.0,,,3.0,,3.0,,,,
Engg College Muthal SO,13103901,,1.0,1.0,1.0,2.0,,4.0,1.0,2.0,,,,
Farmana SO,13140801,,2.0,1.0,2.0,7.0,,5.0,,17.0,,,9.0,
FAZILPUR,A9413,Sonipat HO,,,1.0,,,1.0,,4.0,,,,
Ganaur City SO,13110101,,,,2.0,9.0,,3.0,,67.0,,,,
Ganaur SO,13110102,,2.0,3.0,17.0,17.0,,28.0,1.0,124.0,,1.0,10.0,
Ganewari BO,D2364,Kanyagurukul Khanpur SO,,,3.0,1.0,,1.0,,,,,,
Gangana BO,D2870,Butana SO,,,3.0,,,5.0,,8.0,,,,
Ganzbazar SO,13100103,,1.0,,,10.0,,18.0,,18.0,,2.0,4.0,
Garhi Rajlu BO,E1659,Ganaur SO,,,4.0,1.0,,4.0,,,,,,
Garhi Sisana ED BO,M1772,Farmana SO,,,5.0,1.0,,6.0,,,,,,
Garhwal BO,E1208,Butana SO,,,1.0,11.0,,3.0,,,,,,
Ghasauli BO,F0052,Ganaur SO,,,2.0,1.0,,1.0,,,,,,
Giwana BO,L6198,Bhainswal Kalan SO,,,1.0,,,,,40.0,,,,
GKMatindu BO,J9553,Kharkhauda SO,,,1.0,,,,,26.0,,,,
Gohana Mandi SO,13130102,,,,7.0,18.0,,5.0,1.0,20.0,,,3.0,
Gohana Road SO Sonipat,13100104,,1.0,,2.0,8.0,,6.0,2.0,7.0,,,1.0,
Gohana SO,13130103,,18.0,1.0,20.0,76.0,,71.0,4.0,205.0,,10.0,30.0,
Gopalpur BO,J9554,Kharkhauda SO,,,2.0,,,1.0,,5.0,,,,
Gorar BO,M1773,Farmana SO,,,1.0,30.0,,2.0,,17.0,,,,
Guhna BO,M1774,Farmana SO,,,2.0,1.0,,3.0,,2.0,,,,
Gumar BO,G7032,Ganaur SO,,,3.0,,,3.0,,,,,,
Halalpur BO,M1779,Nahri SO,,,,1.0,,1.0,,,,,,
Harsana Kalan BO,A0936,Sonipat HO,,,,,,1.0,,,,,,
HOUSING BOARD COLONY SONIPAT,13100105,,3.0,,9.0,1.0,,7.0,3.0,22.0,,,3.0,
Industrial Estate Kundli SO,13102801,,2.0,,3.0,3.0,,7.0,,1.0,,,,
Jagsi BO,L4465,Gohana SO,,,4.0,1.0,,3.0,,13.0,,,,
Jainpur BO,E1023,Murthal SO,,,8.0,,,,,,,,,
Jakhauli SO,13102301,,,,9.0,,,6.0,,2.0,,2.0,,
Janti Kalan BO,F7688,Industrial Estate Kundli SO,,,2.0,12.0,,,,,,,,
Jasrana BO,M1775,Farmana SO,,,,,,4.0,,86.0,,,,
Jatheri BO,L4371,PSRai SO,,,,1.0,,1.0,,,,,,
Jauli BO,L4466,Gohana SO,,,6.0,30.0,,3.0,,16.0,,,,
Jawahra BO,L6256,Mundlana SO,,,2.0,1.0,,,,1.0,,,,
Jharot BO,M0953,Rohat SO Sonipat,,,1.0,,,,,,,,,
Jhs Butana BO,F7982,Butana SO,,,,12.0,,2.0,,,,,,
Jhundpur BO,M0980,Jakhauli SO,,,1.0,,,1.0,,,,,,
Juan SO,13102401,,,,1.0,8.0,,4.0,,78.0,,,,
Kailana BO,L8254,Purkhas SO,,,1.0,,,2.0,,,,,,
Kakroi BO,F1289,Sonipat HO,,,1.0,1.0,,1.0,,,,,,
Kanwali BO,M0954,Rohat SO Sonipat,,,,5.0,,1.0,,,,,,
Kanyagurukul Khanpur SO,13130501,,,,5.0,0.0,,13.0,,32.0,,,3.0,
Karewari BO,L8603,Juan SO,,,,,,1.0,,2.0,,,,
Kasandi BO,E0707,Kanyagurukul Khanpur SO,,,1.0,,,2.0,,,,,,
Kathura Block BO,L4467,Gohana SO,,,,1.0,,,,,,,,
Kathura BO,L4468,Gohana SO,,,2.0,2.0,,2.0,,8.0,,,,
Katwal BO,L6199,Bhainswal Kalan SO,,,1.0,1.0,,3.0,,,,,,
Khanda BO,J9555,Kharkhauda SO,,,4.0,6.0,,2.0,,17.0,,,,
Khandrai BO,L4469,Gohana SO,,,4.0,2.0,,4.0,,1.0,,,,
Khanpur Kalan BO,E0708,Kanyagurukul Khanpur SO,,,1.0,,,1.0,,5.0,,,,
Kharkhauda SO,13140201,,12.0,1.0,14.0,17.0,1.0,29.0,5.0,42.0,,2.0,5.0,
Kheri Damkan BO,L4470,Gohana SO,,,2.0,,,2.0,,,,,,
Kheri Gujjar BO,D3378,Ganaur SO,,,7.0,1.0,,4.0,,4.0,,,,
Kheri Manajat BO,M1780,Nahri SO,,,,,,3.0,,,,,,
Khewra BO,O0186,Bahalgarh SO,,,7.0,,,4.0,,4.0,,,,
Khizarpur Ahir BO,D3379,Ganaur SO,,,1.0,1.0,,4.0,,7.0,,,,
Khubru BO,E1660,Ganaur SO,,,4.0,1.0,,5.0,,1.0,,,,
Kohla BO,G6563,Butana SO,,,2.0,6.0,,1.0,,,,,,
Kundli BO,E0897,Industrial Estate Kundli SO,,,1.0,5.0,,3.0,,16.0,,,,
Kurar Brahimpur BO,J8903,Engg College Muthal SO,,,,,,1.0,,,,,,
Larsauli BO,J8904,Engg College Muthal SO,,,1.0,,,4.0,,,,,,
Lath BO,L4471,Gohana SO,,,,1.0,,,,,,,,
Lehrara BO,C6243,Sonipat HO,,,1.0,2.0,,4.0,,,,,,
Madina BO,L4472,Gohana SO,,,1.0,,,5.0,,6.0,,,,
Mahra II BO,L8604,Juan SO,,,2.0,1.0,,5.0,,,,,,
Malikpur BO,D2683,Murthal SO,,,5.0,,,7.0,,9.0,,,,
Manauli BO,M0981,Jakhauli SO,,,3.0,,,1.0,,2.0,,,,
Mandaura BO,M1781,Nahri SO,,,3.0,,,5.0,,4.0,,,,
Mehlana BO,D4612,Sonipat HO,,,,1.0,,,,,,,,
Mehmoodpur BO,L4474,Gohana SO,,,,,,,,7.0,,,,
Mini Sectt Gohana,13130104,,,,,10.0,,2.0,,5.0,,,,
Model Town Sonipat SO,13100107,,23.0,2.0,13.0,72.0,,49.0,21.0,142.0,,5.0,31.0,
Mohana BO,F9696,Sonipat HO,,,,3.0,,,,1.0,,,,
Moi Hooda BO,L4475,Gohana SO,,,,,,1.0,,,,,,
Moi Majri BO,L8255,Purkhas SO,,,1.0,,,1.0,,2.0,,,,
Mundlana SO,13130601,,,,2.0,1.0,,14.0,,18.0,,6.0,,
Murthal SO,13102701,,,,3.0,2.0,,2.0,,32.0,,,,
Nahra BO,M1782,Nahri SO,,,2.0,,,,,11.0,,,,
Nahri SO,13110301,,,,3.0,16.0,,6.0,2.0,33.0,,3.0,1.0,
Nangal Kalan BO,M0982,Jakhauli SO,,,2.0,,,1.0,,,,,,
Nathupur BO,L4372,PSRai SO,,,2.0,1.0,,2.0,,13.0,,,,
Nayat BO,L4476,Gohana SO,,,,41.0,,3.0,,2.0,,,,
Nizampur BO,F7983,Butana SO,,,4.0,8.0,,,,,,,,
Nuran Khera BO,F7984,Butana SO,,,1.0,1.0,,1.0,,1.0,,,,
Panchi Gujjaran BO,A8171,Ganaur SO,,,,28.0,,5.0,,,,,,
Panchijatan BO,L8256,Purkhas SO,,,,,,1.0,,4.0,,,,
Pehladpur Kiroli BO,J9557,Kharkhauda SO,,,2.0,3.0,,3.0,,,,,,
Pipli BO,J9558,Kharkhauda SO,,,1.0,16.0,,1.0,,,,,,
Pipli Khera BO,J8905,Engg College Muthal SO,,,,,,1.0,,2.0,,,,
Pritampura BO,L4373,PSRai SO,,,,1.0,,2.0,,2.0,,,,
PSRai SO,13102901,,1.0,,8.0,1.0,,14.0,4.0,16.0,,,2.0,
Pugthala BO,L8257,Purkhas SO,,,,,,,,2.0,,,,
Purkhas SO,13110201,,,,7.0,3.0,,6.0,,4.0,,,,
Qumaspur BO,O0187,Bahalgarh SO,,,5.0,,,,,,,,,
Rajpur BO,F8472,Ganaur SO,,,,,,2.0,,47.0,,,,
Ram BazarSonipat SO,13100108,,12.0,4.0,7.0,12.0,,4.0,2.0,36.0,,1.0,4.0,
Rathdhana BO,E2929,Sonipat HO,,,,4.0,,1.0,,,,,,
Rathdhana Road Sonipat SO,13100109,,,1.0,3.0,7.0,,5.0,2.0,4.0,,,,
RATTANGARH,A9414,Sonipat HO,,,3.0,,,1.0,,,,,,
Rindana BO,J8901,Baroda SO,,,2.0,,,1.0,,2.0,,,,
Rishikul Vidyapeeth BO,D4613,Sonipat HO,,,,,,6.0,,,,,,
Riwara BO,L6200,Bhainswal Kalan SO,,,,1.0,,1.0,,,,,,
Rohat SO Sonipat,13140301,,,,1.0,11.0,,9.0,,8.0,,1.0,,
Rohna BO,J9559,Kharkhauda SO,,,1.0,7.0,,3.0,,,,,,
Rolad Latifpur BO,L8605,Juan SO,,,2.0,,,3.0,,,,,,
Rukhi BO,L4479,Gohana SO,,,,1.0,,,,2.0,,,,
Saidpur BO,J9560,Kharkhauda SO,,,1.0,11.0,,,,5.0,,,,
Salimsar Majra BO,L8181,Bhatgaon SO Sonipat,,,1.0,6.0,,1.0,,1.0,,,,
Sandal Kalan BO,B7818,Sonipat HO,,,,1.0,,1.0,,,,,,
Sanpera BO,J8906,Engg College Muthal SO,,,2.0,,,3.0,,2.0,,,,
Saragthal BO,A7184,Kanyagurukul Khanpur SO,,,4.0,2.0,,2.0,,11.0,,,,
Sehri BO,J9561,Kharkhauda SO,,,,,,3.0,,4.0,,,,
Sersa BO,A7376,Industrial Estate Kundli SO,,,,4.0,,2.0,,8.0,,,,
Shapur Turk BO,D4614,Sonipat HO,,,2.0,,,3.0,,6.0,,,,
Sheikhpura BO,E1661,Ganaur SO,,,2.0,4.0,,2.0,,24.0,,,,
Sikenderpur Majra BO,L4480,Gohana SO,,,,10.0,,,,,,,,
Silana BO,M1776,Farmana SO,,,,,,3.0,,,,,,
Sitawali BO,L8606,Juan SO,,,2.0,1.0,,4.0,,7.0,,,,
Sohti BO,J9562,Kharkhauda SO,,,1.0,11.0,,1.0,,3.0,,,,
Sonipat HO,13100100,,30.0,6.0,25.0,75.0,,69.0,8.0,239.0,,26.0,86.0,
Sonipat Kty SO,13100110,,,,1.0,3.0,,2.0,1.0,13.0,,,,
Sonipat Mandi SO,13100111,,,,8.0,13.0,,9.0,9.0,24.0,,2.0,2.0,
Sonipat Sector 14 SO,13100112,,3.0,,,4.0,,7.0,1.0,9.0,,1.0,4.0,
Thanakalan BO,J9563,Kharkhauda SO,,,,17.0,,,,,,,,
Tharuoldepur BO,F9697,Sonipat HO,,,3.0,9.0,,,,1.0,,,,
Tihar Bagru BO,L8182,Bhatgaon SO Sonipat,,,,,,2.0,,12.0,,,,
Tihar BO,L4481,Gohana SO,,,,,,2.0,,9.0,,,,
